INSERT INTO Branch(Address) VALUES ('Eisenstadt, Austria');
INSERT INTO Branch(Address) VALUES ('Gssing, Austria');
INSERT INTO Branch(Address) VALUES ('Neudrfl, Austria');
INSERT INTO Branch(Address) VALUES ('Pinkafeld, Austria');
INSERT INTO Branch(Address) VALUES ('Stegersbach, Austria');
INSERT INTO Branch(Address) VALUES ('Bodensdorf, Austria');
INSERT INTO Branch(Address) VALUES ('Dbriach, Austria');
INSERT INTO Branch(Address) VALUES ('Feldkirchen, Austria');
INSERT INTO Branch(Address) VALUES ('Klagenfurt, Austria');
INSERT INTO Branch(Address) VALUES ('Villach, Austria');
INSERT INTO Branch(Address) VALUES ('Bad Vslau, Austria');
INSERT INTO Branch(Address) VALUES ('Baden, Austria');
INSERT INTO Branch(Address) VALUES ('Ebreichsdorf, Austria');
INSERT INTO Branch(Address) VALUES ('Gnserndorf, Austria');
INSERT INTO Branch(Address) VALUES ('Grafenbach, Austria');
INSERT INTO Branch(Address) VALUES ('Klosterneuburg , Austria');
INSERT INTO Branch(Address) VALUES ('Korneuburg, Austria');
INSERT INTO Branch(Address) VALUES ('Lilienfeld, Austria');
INSERT INTO Branch(Address) VALUES ('Mdling, Austria');
INSERT INTO Branch(Address) VALUES ('Neulengbach, Austria');
INSERT INTO Branch(Address) VALUES ('Retz, Austria');
INSERT INTO Branch(Address) VALUES ('Rosental, Austria');
INSERT INTO Branch(Address) VALUES ('Sankt Plten, Austria');
INSERT INTO Branch(Address) VALUES ('Wiener Neustadt, Austria');
INSERT INTO Branch(Address) VALUES ('Wieselburg, Austria');
INSERT INTO Branch(Address) VALUES ('Zwettl , Austria');
INSERT INTO Branch(Address) VALUES ('Bad Hall, Austria');
INSERT INTO Branch(Address) VALUES ('Hagenberg, Austria');
INSERT INTO Branch(Address) VALUES ('Kremsmnster, Austria');
INSERT INTO Branch(Address) VALUES ('Linz, Austria');
INSERT INTO Branch(Address) VALUES ('Steyr, Austria');
INSERT INTO Branch(Address) VALUES ('Wels, Austria');
INSERT INTO Branch(Address) VALUES ('Salzburg, Austria');
INSERT INTO Branch(Address) VALUES ('Sankt Johann im Pongau, Austria');
INSERT INTO Branch(Address) VALUES ('Tamsweg, Austria');
INSERT INTO Branch(Address) VALUES ('Zell am See, Austria');
INSERT INTO Branch(Address) VALUES ('Graz, Austria');
INSERT INTO Branch(Address) VALUES ('Kindberg, Austria');
INSERT INTO Branch(Address) VALUES ('Leoben, Austria');
INSERT INTO Branch(Address) VALUES ('Mrzzuschlag, Austria');
INSERT INTO Branch(Address) VALUES ('Innsbruck, Austria');
INSERT INTO Branch(Address) VALUES ('Jochberg, Austria');
INSERT INTO Branch(Address) VALUES ('Kitzbuhel, Austria');
INSERT INTO Branch(Address) VALUES ('Reutte, Austria');
INSERT INTO Branch(Address) VALUES ('Solden, Austria');
INSERT INTO Branch(Address) VALUES ('Wrgl, Austria');
INSERT INTO Branch(Address) VALUES ('Zirl, Austria');
INSERT INTO Branch(Address) VALUES ('Bregenz, Austria');
INSERT INTO Branch(Address) VALUES ('Dornbirn, Austria');
INSERT INTO Branch(Address) VALUES ('Gtzis, Austria');
INSERT INTO Branch(Address) VALUES ('Hohenems, Austria');
INSERT INTO Branch(Address) VALUES ('Abtenau, Austria');
INSERT INTO Branch(Address) VALUES ('Vienna, Austria');
INSERT INTO Branch(Address) VALUES ('Wien, Austria');
INSERT INTO Branch(Address) VALUES ('Antwerp, Belgium');
INSERT INTO Branch(Address) VALUES ('Arendonk, Belgium');
INSERT INTO Branch(Address) VALUES ('Berlaar, Belgium');
INSERT INTO Branch(Address) VALUES ('Bornem, Belgium');
INSERT INTO Branch(Address) VALUES ('Geel, Belgium');
INSERT INTO Branch(Address) VALUES ('Heist-op-den-Berg, Belgium');
INSERT INTO Branch(Address) VALUES ('Herentals, Belgium');
INSERT INTO Branch(Address) VALUES ('Lierre, Belgium');
INSERT INTO Branch(Address) VALUES ('Malines, Belgium');
INSERT INTO Branch(Address) VALUES ('Mechelen, Belgium');
INSERT INTO Branch(Address) VALUES ('Mortsel, Belgium');
INSERT INTO Branch(Address) VALUES ('Puurs, Belgium');
INSERT INTO Branch(Address) VALUES ('Reet, Belgium');
INSERT INTO Branch(Address) VALUES ('Turnhout, Belgium');
INSERT INTO Branch(Address) VALUES ('Westmalle, Belgium');
INSERT INTO Branch(Address) VALUES ('Binche, Belgium');
INSERT INTO Branch(Address) VALUES ('Braine-Le-Comte, Belgium');
INSERT INTO Branch(Address) VALUES ('Charleroi, Belgium');
INSERT INTO Branch(Address) VALUES ('Frameries, Belgium');
INSERT INTO Branch(Address) VALUES ('Hennuyeres, Belgium');
INSERT INTO Branch(Address) VALUES ('La Louvire, Belgium');
INSERT INTO Branch(Address) VALUES ('Mons, Belgium');
INSERT INTO Branch(Address) VALUES ('Pruwelz, Belgium');
INSERT INTO Branch(Address) VALUES ('Soignies, Belgium');
INSERT INTO Branch(Address) VALUES ('Tournai, Belgium');
INSERT INTO Branch(Address) VALUES ('Eupen, Belgium');
INSERT INTO Branch(Address) VALUES ('Huy, Belgium');
INSERT INTO Branch(Address) VALUES ('Liege, Belgium');
INSERT INTO Branch(Address) VALUES ('Verviers, Belgium');
INSERT INTO Branch(Address) VALUES ('Bree, Belgium');
INSERT INTO Branch(Address) VALUES ('Dilsen, Belgium');
INSERT INTO Branch(Address) VALUES ('Genk, Belgium');
INSERT INTO Branch(Address) VALUES ('Hasselt, Belgium');
INSERT INTO Branch(Address) VALUES ('Kinrooi, Belgium');
INSERT INTO Branch(Address) VALUES ('Lanaken, Belgium');
INSERT INTO Branch(Address) VALUES ('Maaseik, Belgium');
INSERT INTO Branch(Address) VALUES ('Peer, Belgium');
INSERT INTO Branch(Address) VALUES ('Sint-Truiden, Belgium');
INSERT INTO Branch(Address) VALUES ('Tongeren, Belgium');
INSERT INTO Branch(Address) VALUES ('Arlon, Belgium');
INSERT INTO Branch(Address) VALUES ('Halanzy, Belgium');
INSERT INTO Branch(Address) VALUES ('Marche-En-Famenne, Belgium');
INSERT INTO Branch(Address) VALUES ('Ciney, Belgium');
INSERT INTO Branch(Address) VALUES ('Namur, Belgium');
INSERT INTO Branch(Address) VALUES ('Rhisnes, Belgium');
INSERT INTO Branch(Address) VALUES ('Sombreffe, Belgium');
INSERT INTO Branch(Address) VALUES ('Aalst, Belgium');
INSERT INTO Branch(Address) VALUES ('Belsele, Belgium');
INSERT INTO Branch(Address) VALUES ('Dendermonde, Belgium');
INSERT INTO Branch(Address) VALUES ('Gavere, Belgium');
INSERT INTO Branch(Address) VALUES ('Gent, Belgium');
INSERT INTO Branch(Address) VALUES ('Gentbrugge, Belgium');
INSERT INTO Branch(Address) VALUES ('Holland, Belgium');
INSERT INTO Branch(Address) VALUES ('Lochristi, Belgium');
INSERT INTO Branch(Address) VALUES ('Lokeren, Belgium');
INSERT INTO Branch(Address) VALUES ('Maldegem, Belgium');
INSERT INTO Branch(Address) VALUES ('Merelbeke, Belgium');
INSERT INTO Branch(Address) VALUES ('Ninove, Belgium');
INSERT INTO Branch(Address) VALUES ('Oudenaarde, Belgium');
INSERT INTO Branch(Address) VALUES ('Sint-Niklaas, Belgium');
INSERT INTO Branch(Address) VALUES ('Zottegem, Belgium');
INSERT INTO Branch(Address) VALUES ('Brugge, Belgium');
INSERT INTO Branch(Address) VALUES ('Diksmuide, Belgium');
INSERT INTO Branch(Address) VALUES ('Harelbeke, Belgium');
INSERT INTO Branch(Address) VALUES ('Izegem, Belgium');
INSERT INTO Branch(Address) VALUES ('Knokke-Heist, Belgium');
INSERT INTO Branch(Address) VALUES ('Kortrijk, Belgium');
INSERT INTO Branch(Address) VALUES ('Meulebeke, Belgium');
INSERT INTO Branch(Address) VALUES ('Middelkerke, Belgium');
INSERT INTO Branch(Address) VALUES ('Ostend, Belgium');
INSERT INTO Branch(Address) VALUES ('Pittem, Belgium');
INSERT INTO Branch(Address) VALUES ('Veurne, Belgium');
INSERT INTO Branch(Address) VALUES ('Waregem, Belgium');
INSERT INTO Branch(Address) VALUES ('Brussels, Belgium');
INSERT INTO Branch(Address) VALUES ('Leuven, Belgium');
INSERT INTO Branch(Address) VALUES ('Woluwe-Saint-Lambert, Belgium');
INSERT INTO Branch(Address) VALUES ('Woluwe-Saint-Pierre, Belgium');
INSERT INTO Branch(Address) VALUES ('Genappe, Belgium');
INSERT INTO Branch(Address) VALUES ('Grez-Doiceau, Belgium');
INSERT INTO Branch(Address) VALUES ('Holland, Belgium');
INSERT INTO Branch(Address) VALUES ('Jodoigne, Belgium');
INSERT INTO Branch(Address) VALUES ('Nivelles, Belgium');
INSERT INTO Branch(Address) VALUES ('Ottignies, Belgium');
INSERT INTO Branch(Address) VALUES ('Sint-Margriete-Houtem, Belgium');
INSERT INTO Branch(Address) VALUES ('Waterloo, Belgium');
INSERT INTO Branch(Address) VALUES ('Wavre, Belgium');
INSERT INTO Branch(Address) VALUES ('Aarschot, Belgium');
INSERT INTO Branch(Address) VALUES ('Boortmeerbeek, Belgium');
INSERT INTO Branch(Address) VALUES ('Diest, Belgium');
INSERT INTO Branch(Address) VALUES ('Dilbeek, Belgium');
INSERT INTO Branch(Address) VALUES ('Grimbergen, Belgium');
INSERT INTO Branch(Address) VALUES ('Keerbergen, Belgium');
INSERT INTO Branch(Address) VALUES ('Koningslo, Belgium');
INSERT INTO Branch(Address) VALUES ('Landen, Belgium');
INSERT INTO Branch(Address) VALUES ('Overijse, Belgium');
INSERT INTO Branch(Address) VALUES ('Tienen, Belgium');
INSERT INTO Branch(Address) VALUES ('Vilvoorde, Belgium');
INSERT INTO Branch(Address) VALUES ('Burgas, Bulgaria');
INSERT INTO Branch(Address) VALUES ('Sliven, Bulgaria');
INSERT INTO Branch(Address) VALUES ('Blagoevgrad, Bulgaria');
INSERT INTO Branch(Address) VALUES ('Troyan, Bulgaria');
INSERT INTO Branch(Address) VALUES ('Plovdiv, Bulgaria');
INSERT INTO Branch(Address) VALUES ('Smolyan, Bulgaria');
INSERT INTO Branch(Address) VALUES ('Ruse, Bulgaria');
INSERT INTO Branch(Address) VALUES ('Sofia, Bulgaria');
INSERT INTO Branch(Address) VALUES ('Balchik, Bulgaria');
INSERT INTO Branch(Address) VALUES ('Varna, Bulgaria');
INSERT INTO Branch(Address) VALUES ('Silistra, Bulgaria');
INSERT INTO Branch(Address) VALUES ('Kazanlak, Bulgaria');
INSERT INTO Branch(Address) VALUES ('Anglet, France');
INSERT INTO Branch(Address) VALUES ('Arcachon, France');
INSERT INTO Branch(Address) VALUES ('Bayonne, France');
INSERT INTO Branch(Address) VALUES ('Biarritz, France');
INSERT INTO Branch(Address) VALUES ('Bordeaux, France');
INSERT INTO Branch(Address) VALUES ('La Teste, France');
INSERT INTO Branch(Address) VALUES ('Mrignac, France');
INSERT INTO Branch(Address) VALUES ('Mimizan, France');
INSERT INTO Branch(Address) VALUES ('Pau, France');
INSERT INTO Branch(Address) VALUES ('Terrasson, France');
INSERT INTO Branch(Address) VALUES ('Billom, France');
INSERT INTO Branch(Address) VALUES ('Biot, France');
INSERT INTO Branch(Address) VALUES ('Chavaniac, France');
INSERT INTO Branch(Address) VALUES ('Clermont-Ferrand, France');
INSERT INTO Branch(Address) VALUES ('La Vergne, France');
INSERT INTO Branch(Address) VALUES ('Langeac, France');
INSERT INTO Branch(Address) VALUES ('Le Cendre, France');
INSERT INTO Branch(Address) VALUES ('Caen, France');
INSERT INTO Branch(Address) VALUES ('Deauville, France');
INSERT INTO Branch(Address) VALUES ('Granville, France');
INSERT INTO Branch(Address) VALUES ('Peronne, France');
INSERT INTO Branch(Address) VALUES ('Auxerre, France');
INSERT INTO Branch(Address) VALUES ('Beaune, France');
INSERT INTO Branch(Address) VALUES ('Bruyeres, France');
INSERT INTO Branch(Address) VALUES ('Chambolle-Musigny, France');
INSERT INTO Branch(Address) VALUES ('Dijon, France');
INSERT INTO Branch(Address) VALUES ('Entrains-Sur-Nohain, France');
INSERT INTO Branch(Address) VALUES ('Longvic, France');
INSERT INTO Branch(Address) VALUES ('Macon, France');
INSERT INTO Branch(Address) VALUES ('Vichy, France');
INSERT INTO Branch(Address) VALUES ('Brest, France');
INSERT INTO Branch(Address) VALUES ('Campbon, France');
INSERT INTO Branch(Address) VALUES ('La Trinite-sur-Mer, France');
INSERT INTO Branch(Address) VALUES ('Pontivy, France');
INSERT INTO Branch(Address) VALUES ('Rennes, France');
INSERT INTO Branch(Address) VALUES ('Saint Malo, France');
INSERT INTO Branch(Address) VALUES ('Vannes, France');
INSERT INTO Branch(Address) VALUES ('Aubigny-sur-Nere, France');
INSERT INTO Branch(Address) VALUES ('Bourges, France');
INSERT INTO Branch(Address) VALUES ('Luray, France');
INSERT INTO Branch(Address) VALUES ('Orleans, France');
INSERT INTO Branch(Address) VALUES ('Romorantin, France');
INSERT INTO Branch(Address) VALUES ('Saint Cyr Sur Loire, France');
INSERT INTO Branch(Address) VALUES ('Saint-Germain-en-Laye, France');
INSERT INTO Branch(Address) VALUES ('Senonches, France');
INSERT INTO Branch(Address) VALUES ('Tours, France');
INSERT INTO Branch(Address) VALUES ('Chlons, France');
INSERT INTO Branch(Address) VALUES ('Dormans, France');
INSERT INTO Branch(Address) VALUES ('Reims, France');
INSERT INTO Branch(Address) VALUES ('Troyes, France');
INSERT INTO Branch(Address) VALUES ('Belfort, France');
INSERT INTO Branch(Address) VALUES ('Besancon, France');
INSERT INTO Branch(Address) VALUES ('Lons-le-Saunier, France');
INSERT INTO Branch(Address) VALUES ('Montbeliard, France');
INSERT INTO Branch(Address) VALUES ('Morez, France');
INSERT INTO Branch(Address) VALUES ('Cherbourg, France');
INSERT INTO Branch(Address) VALUES ('Le Havre, France');
INSERT INTO Branch(Address) VALUES ('Rouen, France');
INSERT INTO Branch(Address) VALUES ('Barbizon, France');
INSERT INTO Branch(Address) VALUES ('Boulogne-Billancourt, France');
INSERT INTO Branch(Address) VALUES ('Cergy-Pontoise, France');
INSERT INTO Branch(Address) VALUES ('Chantilly, France');
INSERT INTO Branch(Address) VALUES ('Charenton-le-Pont, France');
INSERT INTO Branch(Address) VALUES ('Clichy, France');
INSERT INTO Branch(Address) VALUES ('Colombes, France');
INSERT INTO Branch(Address) VALUES ('Coubert, France');
INSERT INTO Branch(Address) VALUES ('Courbevoic, France');
INSERT INTO Branch(Address) VALUES ('Elancourt, France');
INSERT INTO Branch(Address) VALUES ('Gennevilliers, France');
INSERT INTO Branch(Address) VALUES ('Issy-les-Moulineaux, France');
INSERT INTO Branch(Address) VALUES ('Le Bourget, France');
INSERT INTO Branch(Address) VALUES ('Le Vesinet, France');
INSERT INTO Branch(Address) VALUES ('Les Ormes-sur-Voulzie, France');
INSERT INTO Branch(Address) VALUES ('Les Ulis, France');
INSERT INTO Branch(Address) VALUES ('Levallois-Perret, France');
INSERT INTO Branch(Address) VALUES ('Longjumeau, France');
INSERT INTO Branch(Address) VALUES ('Luzarches, France');
INSERT INTO Branch(Address) VALUES ('Maisons-Laffitte, France');
INSERT INTO Branch(Address) VALUES ('Montgeron, France');
INSERT INTO Branch(Address) VALUES ('Montigny-le-Bretonneux, France');
INSERT INTO Branch(Address) VALUES ('Montmorency, France');
INSERT INTO Branch(Address) VALUES ('Nanterre, France');
INSERT INTO Branch(Address) VALUES ('Neuilly-Plaisance, France');
INSERT INTO Branch(Address) VALUES ('Noisy Sur Ecole, France');
INSERT INTO Branch(Address) VALUES ('Noisy-le-Grand, France');
INSERT INTO Branch(Address) VALUES ('Orsay, France');
INSERT INTO Branch(Address) VALUES ('Paris, France');
INSERT INTO Branch(Address) VALUES ('Plaisir, France');
INSERT INTO Branch(Address) VALUES ('Saint Cloud, France');
INSERT INTO Branch(Address) VALUES ('Saint Mande, France');
INSERT INTO Branch(Address) VALUES ('Saint-Maur-des-Fosses, France');
INSERT INTO Branch(Address) VALUES ('Sevres, France');
INSERT INTO Branch(Address) VALUES ('Versailles, France');
INSERT INTO Branch(Address) VALUES ('Vincennes, France');
INSERT INTO Branch(Address) VALUES ('Arles, France');
INSERT INTO Branch(Address) VALUES ('Beziers, France');
INSERT INTO Branch(Address) VALUES ('Carcassonne, France');
INSERT INTO Branch(Address) VALUES ('Montpellier, France');
INSERT INTO Branch(Address) VALUES ('Narbonne, France');
INSERT INTO Branch(Address) VALUES ('Nimes, France');
INSERT INTO Branch(Address) VALUES ('Perpignan, France');
INSERT INTO Branch(Address) VALUES ('Cognac, France');
INSERT INTO Branch(Address) VALUES ('Limoges, France');
INSERT INTO Branch(Address) VALUES ('Metz, France');
INSERT INTO Branch(Address) VALUES ('Nancy, France');
INSERT INTO Branch(Address) VALUES ('Rombas, France');
INSERT INTO Branch(Address) VALUES ('Saint Avold, France');
INSERT INTO Branch(Address) VALUES ('Albi, France');
INSERT INTO Branch(Address) VALUES ('Lourdes, France');
INSERT INTO Branch(Address) VALUES ('Saint-Clar, France');
INSERT INTO Branch(Address) VALUES ('Saint-Gaudens, France');
INSERT INTO Branch(Address) VALUES ('Toulouse, France');
INSERT INTO Branch(Address) VALUES ('Bar-sur-Loup, France');
INSERT INTO Branch(Address) VALUES ('Calais, France');
INSERT INTO Branch(Address) VALUES ('Cambrai, France');
INSERT INTO Branch(Address) VALUES ('Chamonix, France');
INSERT INTO Branch(Address) VALUES ('Douai, France');
INSERT INTO Branch(Address) VALUES ('Fourmies, France');
INSERT INTO Branch(Address) VALUES ('Hondschoote, France');
INSERT INTO Branch(Address) VALUES ('Lille, France');
INSERT INTO Branch(Address) VALUES ('Marcq-En-Baroeul, France');
INSERT INTO Branch(Address) VALUES ('Seclin, France');
INSERT INTO Branch(Address) VALUES ('Angers, France');
INSERT INTO Branch(Address) VALUES ('Coex, France');
INSERT INTO Branch(Address) VALUES ('Laval, France');
INSERT INTO Branch(Address) VALUES ('Le Mans, France');
INSERT INTO Branch(Address) VALUES ('Nantes, France');
INSERT INTO Branch(Address) VALUES ('Abbeville, France');
INSERT INTO Branch(Address) VALUES ('Amiens, France');
INSERT INTO Branch(Address) VALUES ('Compiegne, France');
INSERT INTO Branch(Address) VALUES ('Le Toquet, France');
INSERT INTO Branch(Address) VALUES ('Prcy-sur-Oise, France');
INSERT INTO Branch(Address) VALUES ('Viry Noureuil, France');
INSERT INTO Branch(Address) VALUES ('Angouleme, France');
INSERT INTO Branch(Address) VALUES ('Fontenay-Le-Compte, France');
INSERT INTO Branch(Address) VALUES ('La Rochelle, France');
INSERT INTO Branch(Address) VALUES ('Poitiers, France');
INSERT INTO Branch(Address) VALUES ('Toulon, France');
INSERT INTO Branch(Address) VALUES ('Vendome, France');
INSERT INTO Branch(Address) VALUES ('Vitre, France');
INSERT INTO Branch(Address) VALUES ('Aix-en-Provence, France');
INSERT INTO Branch(Address) VALUES ('Antibes, France');
INSERT INTO Branch(Address) VALUES ('Avignon, France');
INSERT INTO Branch(Address) VALUES ('Beauvezer, France');
INSERT INTO Branch(Address) VALUES ('Bormes-les-Mimosas, France');
INSERT INTO Branch(Address) VALUES ('Cannes, France');
INSERT INTO Branch(Address) VALUES ('Cavaliere Sur Mer, France');
INSERT INTO Branch(Address) VALUES ('Frejus, France');
INSERT INTO Branch(Address) VALUES ('Gap, France');
INSERT INTO Branch(Address) VALUES ('Hyres, France');
INSERT INTO Branch(Address) VALUES ('La Garde-Freinet, France');
INSERT INTO Branch(Address) VALUES ('La Londe-les-Maures, France');
INSERT INTO Branch(Address) VALUES ('Le Cannet, France');
INSERT INTO Branch(Address) VALUES ('Le Lavandou, France');
INSERT INTO Branch(Address) VALUES ('Marseille, France');
INSERT INTO Branch(Address) VALUES ('Martigues, France');
INSERT INTO Branch(Address) VALUES ('Meylan, France');
INSERT INTO Branch(Address) VALUES ('Montelimar, France');
INSERT INTO Branch(Address) VALUES ('Nice, France');
INSERT INTO Branch(Address) VALUES ('Orange, France');
INSERT INTO Branch(Address) VALUES ('Pertuis, France');
INSERT INTO Branch(Address) VALUES ('Saint-Zacharie, France');
INSERT INTO Branch(Address) VALUES ('Sainte-Maxime, France');
INSERT INTO Branch(Address) VALUES ('Sophia-Antipolis, France');
INSERT INTO Branch(Address) VALUES ('Ste-Maxime, France');
INSERT INTO Branch(Address) VALUES ('Valbonne, France');
INSERT INTO Branch(Address) VALUES ('Albertville, France');
INSERT INTO Branch(Address) VALUES ('Annecy, France');
INSERT INTO Branch(Address) VALUES ('Chambery, France');
INSERT INTO Branch(Address) VALUES ('Courchevel, France');
INSERT INTO Branch(Address) VALUES ('Grenoble, France');
INSERT INTO Branch(Address) VALUES ('La Verpilliere, France');
INSERT INTO Branch(Address) VALUES ('Lyon, France');
INSERT INTO Branch(Address) VALUES ('Saint Etienne, France');
INSERT INTO Branch(Address) VALUES ('Saint-Etienne, France');
INSERT INTO Branch(Address) VALUES ('Saint-Julien-en-Genevois, France');
INSERT INTO Branch(Address) VALUES ('Sciez, France');
INSERT INTO Branch(Address) VALUES ('Val-dIsere, France');
INSERT INTO Branch(Address) VALUES ('Villeurbanne, France');
INSERT INTO Branch(Address) VALUES ('Voiron, France');
INSERT INTO Branch(Address) VALUES ('Blotzheim, France');
INSERT INTO Branch(Address) VALUES ('Colmar, France');
INSERT INTO Branch(Address) VALUES ('Eguisheim, France');
INSERT INTO Branch(Address) VALUES ('Geispolsheim, France');
INSERT INTO Branch(Address) VALUES ('Henin-Beaumont, France');
INSERT INTO Branch(Address) VALUES ('Mulhouse, France');
INSERT INTO Branch(Address) VALUES ('Mutzig, France');
INSERT INTO Branch(Address) VALUES ('Neuf-Brisach, France');
INSERT INTO Branch(Address) VALUES ('Strasbourg, France');
INSERT INTO Branch(Address) VALUES ('Aalen, Germany');
INSERT INTO Branch(Address) VALUES ('Albstadt, Germany');
INSERT INTO Branch(Address) VALUES ('Altdorf, Germany');
INSERT INTO Branch(Address) VALUES ('Bad Urach, Germany');
INSERT INTO Branch(Address) VALUES ('Bad Wildbad, Germany');
INSERT INTO Branch(Address) VALUES ('Baden-Baden, Germany');
INSERT INTO Branch(Address) VALUES ('Balingen, Germany');
INSERT INTO Branch(Address) VALUES ('Bretten, Germany');
INSERT INTO Branch(Address) VALUES ('Crailsheim, Germany');
INSERT INTO Branch(Address) VALUES ('Eberbach, Germany');
INSERT INTO Branch(Address) VALUES ('Ellwangen, Germany');
INSERT INTO Branch(Address) VALUES ('Esslingen, Germany');
INSERT INTO Branch(Address) VALUES ('Forst, Germany');
INSERT INTO Branch(Address) VALUES ('Freiburg Im Breisgau, Germany');
INSERT INTO Branch(Address) VALUES ('Friedrichshafen, Germany');
INSERT INTO Branch(Address) VALUES ('Friolzheim, Germany');
INSERT INTO Branch(Address) VALUES ('Gaienhofen, Germany');
INSERT INTO Branch(Address) VALUES ('Gedern, Germany');
INSERT INTO Branch(Address) VALUES ('Gengenbach, Germany');
INSERT INTO Branch(Address) VALUES ('Gottelfingen, Germany');
INSERT INTO Branch(Address) VALUES ('Haiterbach, Germany');
INSERT INTO Branch(Address) VALUES ('Heidelberg, Germany');
INSERT INTO Branch(Address) VALUES ('Heilbronn, Germany');
INSERT INTO Branch(Address) VALUES ('Hockenheim, Germany');
INSERT INTO Branch(Address) VALUES ('Karlsruhe, Germany');
INSERT INTO Branch(Address) VALUES ('Konstanz, Germany');
INSERT INTO Branch(Address) VALUES ('Kornwestheim, Germany');
INSERT INTO Branch(Address) VALUES ('Kusterdingen, Germany');
INSERT INTO Branch(Address) VALUES ('Leinfelden-Echterdingen, Germany');
INSERT INTO Branch(Address) VALUES ('Leonberg, Germany');
INSERT INTO Branch(Address) VALUES ('Ludwigsburg, Germany');
INSERT INTO Branch(Address) VALUES ('Malsch, Germany');
INSERT INTO Branch(Address) VALUES ('Mannheim, Germany');
INSERT INTO Branch(Address) VALUES ('Marbach Am Neckar, Germany');
INSERT INTO Branch(Address) VALUES ('Meersburg, Germany');
INSERT INTO Branch(Address) VALUES ('Mestetten, Germany');
INSERT INTO Branch(Address) VALUES ('Muellheim, Germany');
INSERT INTO Branch(Address) VALUES ('Neuenbrg, Germany');
INSERT INTO Branch(Address) VALUES ('Ofterdingen, Germany');
INSERT INTO Branch(Address) VALUES ('Pfaffenweiler, Germany');
INSERT INTO Branch(Address) VALUES ('Pforzheim, Germany');
INSERT INTO Branch(Address) VALUES ('Rastatt, Germany');
INSERT INTO Branch(Address) VALUES ('Reutlingen, Germany');
INSERT INTO Branch(Address) VALUES ('Rottenburg, Germany');
INSERT INTO Branch(Address) VALUES ('Sasbach, Germany');
INSERT INTO Branch(Address) VALUES ('Schwabisch Gmund, Germany');
INSERT INTO Branch(Address) VALUES ('Schwieberdingen, Germany');
INSERT INTO Branch(Address) VALUES ('Sindelfingen, Germany');
INSERT INTO Branch(Address) VALUES ('Singen, Germany');
INSERT INTO Branch(Address) VALUES ('Stuttgart, Germany');
INSERT INTO Branch(Address) VALUES ('Sulzfeld, Germany');
INSERT INTO Branch(Address) VALUES ('Trossingen, Germany');
INSERT INTO Branch(Address) VALUES ('Tubingen, Germany');
INSERT INTO Branch(Address) VALUES ('Uberlingen, Germany');
INSERT INTO Branch(Address) VALUES ('Ulm, Germany');
INSERT INTO Branch(Address) VALUES ('Urbach, Germany');
INSERT INTO Branch(Address) VALUES ('Villingen-Schwenningen, Germany');
INSERT INTO Branch(Address) VALUES ('Waiblingen, Germany');
INSERT INTO Branch(Address) VALUES ('Walldorf, Germany');
INSERT INTO Branch(Address) VALUES ('Walldrn, Germany');
INSERT INTO Branch(Address) VALUES ('Weinstadt, Germany');
INSERT INTO Branch(Address) VALUES ('Wertheim, Germany');
INSERT INTO Branch(Address) VALUES ('Wiernsheim, Germany');
INSERT INTO Branch(Address) VALUES ('Wiesloch, Germany');
INSERT INTO Branch(Address) VALUES ('Winterlingen, Germany');
INSERT INTO Branch(Address) VALUES ('Wolfach, Germany');
INSERT INTO Branch(Address) VALUES ('Allersberg, Germany');
INSERT INTO Branch(Address) VALUES ('Alttting, Germany');
INSERT INTO Branch(Address) VALUES ('Ansbach, Germany');
INSERT INTO Branch(Address) VALUES ('Aschaffenburg, Germany');
INSERT INTO Branch(Address) VALUES ('Attenkirchen, Germany');
INSERT INTO Branch(Address) VALUES ('Augsburg, Germany');
INSERT INTO Branch(Address) VALUES ('Bad Koenigshofen, Germany');
INSERT INTO Branch(Address) VALUES ('Bad Neustadt, Germany');
INSERT INTO Branch(Address) VALUES ('Bamberg, Germany');
INSERT INTO Branch(Address) VALUES ('Bayreuth, Germany');
INSERT INTO Branch(Address) VALUES ('Burgbernheim, Germany');
INSERT INTO Branch(Address) VALUES ('Burghausen, Germany');
INSERT INTO Branch(Address) VALUES ('Coburg, Germany');
INSERT INTO Branch(Address) VALUES ('Dachau, Germany');
INSERT INTO Branch(Address) VALUES ('Dorfen, Germany');
INSERT INTO Branch(Address) VALUES ('Eichstatt, Germany');
INSERT INTO Branch(Address) VALUES ('Erlangen, Germany');
INSERT INTO Branch(Address) VALUES ('Faulbach, Germany');
INSERT INTO Branch(Address) VALUES ('Feuchtwangen, Germany');
INSERT INTO Branch(Address) VALUES ('Freising, Germany');
INSERT INTO Branch(Address) VALUES ('Fuerth, Germany');
INSERT INTO Branch(Address) VALUES ('Furth Im Wald, Germany');
INSERT INTO Branch(Address) VALUES ('Fussen, Germany');
INSERT INTO Branch(Address) VALUES ('Gunzenhausen, Germany');
INSERT INTO Branch(Address) VALUES ('Helmbrechts, Germany');
INSERT INTO Branch(Address) VALUES ('Hof, Germany');
INSERT INTO Branch(Address) VALUES ('Ingolstadt, Germany');
INSERT INTO Branch(Address) VALUES ('Kaufbeuren, Germany');
INSERT INTO Branch(Address) VALUES ('Kitzingen, Germany');
INSERT INTO Branch(Address) VALUES ('Kubelstein Stadt Schesslitz, Germany');
INSERT INTO Branch(Address) VALUES ('Landau, Germany');
INSERT INTO Branch(Address) VALUES ('Landsberg Am Lech, Germany');
INSERT INTO Branch(Address) VALUES ('Landshut, Germany');
INSERT INTO Branch(Address) VALUES ('Lauf, Germany');
INSERT INTO Branch(Address) VALUES ('Lenggries, Germany');
INSERT INTO Branch(Address) VALUES ('Lichtenfels, Germany');
INSERT INTO Branch(Address) VALUES ('Lindau, Germany');
INSERT INTO Branch(Address) VALUES ('Mainburg, Germany');
INSERT INTO Branch(Address) VALUES ('Memmingen, Germany');
INSERT INTO Branch(Address) VALUES ('Munich, Germany');
INSERT INTO Branch(Address) VALUES ('Neu Ulm, Germany');
INSERT INTO Branch(Address) VALUES ('Neuburg, Germany');
INSERT INTO Branch(Address) VALUES ('Neumarkt, Germany');
INSERT INTO Branch(Address) VALUES ('Neustadt, Germany');
INSERT INTO Branch(Address) VALUES ('Neustadt An Der Waldnaab, Germany');
INSERT INTO Branch(Address) VALUES ('Nrnberg, Germany');
INSERT INTO Branch(Address) VALUES ('Oberbergkirchen, Germany');
INSERT INTO Branch(Address) VALUES ('Oberstdorf, Germany');
INSERT INTO Branch(Address) VALUES ('Ottobrunn, Germany');
INSERT INTO Branch(Address) VALUES ('Parsberg, Germany');
INSERT INTO Branch(Address) VALUES ('Passau, Germany');
INSERT INTO Branch(Address) VALUES ('Pleinfeld, Germany');
INSERT INTO Branch(Address) VALUES ('Regensburg, Germany');
INSERT INTO Branch(Address) VALUES ('Rosenheim, Germany');
INSERT INTO Branch(Address) VALUES ('Schongau, Germany');
INSERT INTO Branch(Address) VALUES ('Schwabach, Germany');
INSERT INTO Branch(Address) VALUES ('Schweinfurt, Germany');
INSERT INTO Branch(Address) VALUES ('Starnberg, Germany');
INSERT INTO Branch(Address) VALUES ('Steinach, Germany');
INSERT INTO Branch(Address) VALUES ('Tirschenreuth, Germany');
INSERT INTO Branch(Address) VALUES ('Traunstein, Germany');
INSERT INTO Branch(Address) VALUES ('Untersteinach, Germany');
INSERT INTO Branch(Address) VALUES ('Utting, Germany');
INSERT INTO Branch(Address) VALUES ('Vaterstetten, Germany');
INSERT INTO Branch(Address) VALUES ('Vilseck, Germany');
INSERT INTO Branch(Address) VALUES ('wackersdorf, Germany');
INSERT INTO Branch(Address) VALUES ('Waldkirchen, Germany');
INSERT INTO Branch(Address) VALUES ('WASSERBURG, Germany');
INSERT INTO Branch(Address) VALUES ('weiden, Germany');
INSERT INTO Branch(Address) VALUES ('Wittelshofen, Germany');
INSERT INTO Branch(Address) VALUES ('WURZBURG, Germany');
INSERT INTO Branch(Address) VALUES ('Zangberg, Germany');
INSERT INTO Branch(Address) VALUES ('Bremen, Germany');
INSERT INTO Branch(Address) VALUES ('Bremerhaven, Germany');
INSERT INTO Branch(Address) VALUES ('Rodental, Germany');
INSERT INTO Branch(Address) VALUES ('Diekirch North, Germany');
INSERT INTO Branch(Address) VALUES ('Hamburg, Germany');
INSERT INTO Branch(Address) VALUES ('Altenstadt, Germany');
INSERT INTO Branch(Address) VALUES ('Bad Homburg, Germany');
INSERT INTO Branch(Address) VALUES ('Bad Orb, Germany');
INSERT INTO Branch(Address) VALUES ('Bad Vilbel, Germany');
INSERT INTO Branch(Address) VALUES ('Bensheim, Germany');
INSERT INTO Branch(Address) VALUES ('Braunfels, Germany');
INSERT INTO Branch(Address) VALUES ('Darmstadt, Germany');
INSERT INTO Branch(Address) VALUES ('Echzell, Germany');
INSERT INTO Branch(Address) VALUES ('Egelsbach, Germany');
INSERT INTO Branch(Address) VALUES ('Frankfurt, Germany');
INSERT INTO Branch(Address) VALUES ('Friedberg, Germany');
INSERT INTO Branch(Address) VALUES ('Fulda, Germany');
INSERT INTO Branch(Address) VALUES ('Gelnhausen, Germany');
INSERT INTO Branch(Address) VALUES ('Gieen, Germany');
INSERT INTO Branch(Address) VALUES ('Gladenbach, Germany');
INSERT INTO Branch(Address) VALUES ('Griesheim, Germany');
INSERT INTO Branch(Address) VALUES ('Gross-Zimmern, Germany');
INSERT INTO Branch(Address) VALUES ('Hanau, Germany');
INSERT INTO Branch(Address) VALUES ('Hofgeismar, Germany');
INSERT INTO Branch(Address) VALUES ('Hofheim, Germany');
INSERT INTO Branch(Address) VALUES ('Hungen, Germany');
INSERT INTO Branch(Address) VALUES ('Idstein, Germany');
INSERT INTO Branch(Address) VALUES ('Kassel, Germany');
INSERT INTO Branch(Address) VALUES ('Lampertheim, Germany');
INSERT INTO Branch(Address) VALUES ('Limburg, Germany');
INSERT INTO Branch(Address) VALUES ('Marburg, Germany');
INSERT INTO Branch(Address) VALUES ('Melsungen, Germany');
INSERT INTO Branch(Address) VALUES ('Neu-Isenburg, Germany');
INSERT INTO Branch(Address) VALUES ('Nidda, Germany');
INSERT INTO Branch(Address) VALUES ('Oberursel, Germany');
INSERT INTO Branch(Address) VALUES ('Offenbach, Germany');
INSERT INTO Branch(Address) VALUES ('ortenberg, Germany');
INSERT INTO Branch(Address) VALUES ('Wetzlar, Germany');
INSERT INTO Branch(Address) VALUES ('Wiesbaden, Germany');
INSERT INTO Branch(Address) VALUES ('Bad Sachsa, Germany');
INSERT INTO Branch(Address) VALUES ('Bad Zwischenahn, Germany');
INSERT INTO Branch(Address) VALUES ('Bergen, Germany');
INSERT INTO Branch(Address) VALUES ('Billerbeck, Germany');
INSERT INTO Branch(Address) VALUES ('Bispingen, Germany');
INSERT INTO Branch(Address) VALUES ('Brake, Germany');
INSERT INTO Branch(Address) VALUES ('Braunschweig, Germany');
INSERT INTO Branch(Address) VALUES ('Celle, Germany');
INSERT INTO Branch(Address) VALUES ('Clausthal-Zellerfeld, Germany');
INSERT INTO Branch(Address) VALUES ('Cuxhaven, Germany');
INSERT INTO Branch(Address) VALUES ('Emden, Germany');
INSERT INTO Branch(Address) VALUES ('Garbsen, Germany');
INSERT INTO Branch(Address) VALUES ('Gttingen, Germany');
INSERT INTO Branch(Address) VALUES ('Hameln, Germany');
INSERT INTO Branch(Address) VALUES ('Hannover, Germany');
INSERT INTO Branch(Address) VALUES ('Helmstedt, Germany');
INSERT INTO Branch(Address) VALUES ('Leer, Germany');
INSERT INTO Branch(Address) VALUES ('Leiferde, Germany');
INSERT INTO Branch(Address) VALUES ('Lueneburg, Germany');
INSERT INTO Branch(Address) VALUES ('Meppen, Germany');
INSERT INTO Branch(Address) VALUES ('Nienburg, Germany');
INSERT INTO Branch(Address) VALUES ('Oldenburg, Germany');
INSERT INTO Branch(Address) VALUES ('Osnabruck, Germany');
INSERT INTO Branch(Address) VALUES ('Schledehausen, Germany');
INSERT INTO Branch(Address) VALUES ('Seevetal, Germany');
INSERT INTO Branch(Address) VALUES ('Soltau, Germany');
INSERT INTO Branch(Address) VALUES ('Stade, Germany');
INSERT INTO Branch(Address) VALUES ('Wagenhoff, Germany');
INSERT INTO Branch(Address) VALUES ('Wilhelmshaven, Germany');
INSERT INTO Branch(Address) VALUES ('Wittmund, Germany');
INSERT INTO Branch(Address) VALUES ('Wolfenbuttel, Germany');
INSERT INTO Branch(Address) VALUES ('Aachen, Germany');
INSERT INTO Branch(Address) VALUES ('Ahaus, Germany');
INSERT INTO Branch(Address) VALUES ('Altena, Germany');
INSERT INTO Branch(Address) VALUES ('Bielefeld, Germany');
INSERT INTO Branch(Address) VALUES ('Bochum, Germany');
INSERT INTO Branch(Address) VALUES ('Bonn, Germany');
INSERT INTO Branch(Address) VALUES ('Borgholzhausen, Germany');
INSERT INTO Branch(Address) VALUES ('Borken, Germany');
INSERT INTO Branch(Address) VALUES ('Cologne, Germany');
INSERT INTO Branch(Address) VALUES ('Dormagen, Germany');
INSERT INTO Branch(Address) VALUES ('Dortmund, Germany');
INSERT INTO Branch(Address) VALUES ('Duisburg, Germany');
INSERT INTO Branch(Address) VALUES ('Dlmen, Germany');
INSERT INTO Branch(Address) VALUES ('Dusseldorf, Germany');
INSERT INTO Branch(Address) VALUES ('Emmerich, Germany');
INSERT INTO Branch(Address) VALUES ('Essen, Germany');
INSERT INTO Branch(Address) VALUES ('Geilenkirchen, Germany');
INSERT INTO Branch(Address) VALUES ('Geldern, Germany');
INSERT INTO Branch(Address) VALUES ('Gelsenkirchen, Germany');
INSERT INTO Branch(Address) VALUES ('Guetersloh, Germany');
INSERT INTO Branch(Address) VALUES ('Haan, Germany');
INSERT INTO Branch(Address) VALUES ('Hagen, Germany');
INSERT INTO Branch(Address) VALUES ('Hamm, Germany');
INSERT INTO Branch(Address) VALUES ('Havixbeck, Germany');
INSERT INTO Branch(Address) VALUES ('Hennef, Germany');
INSERT INTO Branch(Address) VALUES ('Herford, Germany');
INSERT INTO Branch(Address) VALUES ('Herne, Germany');
INSERT INTO Branch(Address) VALUES ('Hilden, Germany');
INSERT INTO Branch(Address) VALUES ('Kamen, Germany');
INSERT INTO Branch(Address) VALUES ('Kamp-Lintfort, Germany');
INSERT INTO Branch(Address) VALUES ('Kempen, Germany');
INSERT INTO Branch(Address) VALUES ('Kleve, Germany');
INSERT INTO Branch(Address) VALUES ('Koeln, Germany');
INSERT INTO Branch(Address) VALUES ('Krefeld, Germany');
INSERT INTO Branch(Address) VALUES ('Lemgo, Germany');
INSERT INTO Branch(Address) VALUES ('Lengerich, Germany');
INSERT INTO Branch(Address) VALUES ('Leverkusen, Germany');
INSERT INTO Branch(Address) VALUES ('Lippstadt, Germany');
INSERT INTO Branch(Address) VALUES ('Ludinghausen, Germany');
INSERT INTO Branch(Address) VALUES ('Luedenscheid, Germany');
INSERT INTO Branch(Address) VALUES ('Marl, Germany');
INSERT INTO Branch(Address) VALUES ('Meschede, Germany');
INSERT INTO Branch(Address) VALUES ('Minden, Germany');
INSERT INTO Branch(Address) VALUES ('Moers, Germany');
INSERT INTO Branch(Address) VALUES ('Mnchengladbach, Germany');
INSERT INTO Branch(Address) VALUES ('Munster, Germany');
INSERT INTO Branch(Address) VALUES ('Neuss, Germany');
INSERT INTO Branch(Address) VALUES ('Oberhausen, Germany');
INSERT INTO Branch(Address) VALUES ('Paderborn, Germany');
INSERT INTO Branch(Address) VALUES ('Porta Westfalica, Germany');
INSERT INTO Branch(Address) VALUES ('Ratingen, Germany');
INSERT INTO Branch(Address) VALUES ('Remscheid, Germany');
INSERT INTO Branch(Address) VALUES ('Rheda-Wiedenbrueck, Germany');
INSERT INTO Branch(Address) VALUES ('Sankt Augustin, Germany');
INSERT INTO Branch(Address) VALUES ('Siegen, Germany');
INSERT INTO Branch(Address) VALUES ('Solingen, Germany');
INSERT INTO Branch(Address) VALUES ('Troisdorf, Germany');
INSERT INTO Branch(Address) VALUES ('Viersen, Germany');
INSERT INTO Branch(Address) VALUES ('Wassenberg, Germany');
INSERT INTO Branch(Address) VALUES ('Wesel, Germany');
INSERT INTO Branch(Address) VALUES ('Willich, Germany');
INSERT INTO Branch(Address) VALUES ('Witten, Germany');
INSERT INTO Branch(Address) VALUES ('Wuppertal, Germany');
INSERT INTO Branch(Address) VALUES ('Bingen Am Rhein, Germany');
INSERT INTO Branch(Address) VALUES ('Bitburg, Germany');
INSERT INTO Branch(Address) VALUES ('Frankenthal, Germany');
INSERT INTO Branch(Address) VALUES ('Grunstadt, Germany');
INSERT INTO Branch(Address) VALUES ('Hachenburg, Germany');
INSERT INTO Branch(Address) VALUES ('Kaiserslautern, Germany');
INSERT INTO Branch(Address) VALUES ('Koblenz, Germany');
INSERT INTO Branch(Address) VALUES ('Kusel, Germany');
INSERT INTO Branch(Address) VALUES ('Landau, Germany');
INSERT INTO Branch(Address) VALUES ('Linz Am Rhein, Germany');
INSERT INTO Branch(Address) VALUES ('Ludwigshafen Am Rhein, Germany');
INSERT INTO Branch(Address) VALUES ('Mainz, Germany');
INSERT INTO Branch(Address) VALUES ('Montabaur, Germany');
INSERT INTO Branch(Address) VALUES ('Morzheim, Germany');
INSERT INTO Branch(Address) VALUES ('Neuwied, Germany');
INSERT INTO Branch(Address) VALUES ('Pirmasens, Germany');
INSERT INTO Branch(Address) VALUES ('Rudesheim, Germany');
INSERT INTO Branch(Address) VALUES ('Schaumburg, Germany');
INSERT INTO Branch(Address) VALUES ('Schifferstadt, Germany');
INSERT INTO Branch(Address) VALUES ('Trier, Germany');
INSERT INTO Branch(Address) VALUES ('Worms, Germany');
INSERT INTO Branch(Address) VALUES ('Zweibrucken, Germany');
INSERT INTO Branch(Address) VALUES ('Bexbach, Germany');
INSERT INTO Branch(Address) VALUES ('Budingen, Germany');
INSERT INTO Branch(Address) VALUES ('Homburg, Germany');
INSERT INTO Branch(Address) VALUES ('Lebach, Germany');
INSERT INTO Branch(Address) VALUES ('Merzig, Germany');
INSERT INTO Branch(Address) VALUES ('Saarbrucken, Germany');
INSERT INTO Branch(Address) VALUES ('Ahrensburg, Germany');
INSERT INTO Branch(Address) VALUES ('Bargteheide, Germany');
INSERT INTO Branch(Address) VALUES ('Elmshorn, Germany');
INSERT INTO Branch(Address) VALUES ('Eutin, Germany');
INSERT INTO Branch(Address) VALUES ('Flensburg, Germany');
INSERT INTO Branch(Address) VALUES ('Gluckstadt, Germany');
INSERT INTO Branch(Address) VALUES ('Kaltenkirchen, Germany');
INSERT INTO Branch(Address) VALUES ('Kiel, Germany');
INSERT INTO Branch(Address) VALUES ('Lubeck, Germany');
INSERT INTO Branch(Address) VALUES ('Pinneberg, Germany');
INSERT INTO Branch(Address) VALUES ('Wedel, Germany');
INSERT INTO Branch(Address) VALUES ('Brandenburg, Germany');
INSERT INTO Branch(Address) VALUES ('Cottbus, Germany');
INSERT INTO Branch(Address) VALUES ('Frankfurt, Germany');
INSERT INTO Branch(Address) VALUES ('Frstenberg, Germany');
INSERT INTO Branch(Address) VALUES ('Herzberg, Germany');
INSERT INTO Branch(Address) VALUES ('Potsdam, Germany');
INSERT INTO Branch(Address) VALUES ('Rathenow, Germany');
INSERT INTO Branch(Address) VALUES ('Rheinsberg, Germany');
INSERT INTO Branch(Address) VALUES ('Greifswald, Germany');
INSERT INTO Branch(Address) VALUES ('Lug, Germany');
INSERT INTO Branch(Address) VALUES ('Neubrandenburg, Germany');
INSERT INTO Branch(Address) VALUES ('Neustrelitz, Germany');
INSERT INTO Branch(Address) VALUES ('Rostock, Germany');
INSERT INTO Branch(Address) VALUES ('Schwerin, Germany');
INSERT INTO Branch(Address) VALUES ('Stralsund, Germany');
INSERT INTO Branch(Address) VALUES ('Wesenberg, Germany');
INSERT INTO Branch(Address) VALUES ('Chemnitz, Germany');
INSERT INTO Branch(Address) VALUES ('Cranzahl, Germany');
INSERT INTO Branch(Address) VALUES ('Dresden, Germany');
INSERT INTO Branch(Address) VALUES ('Leipzig, Germany');
INSERT INTO Branch(Address) VALUES ('Olbernhau, Germany');
INSERT INTO Branch(Address) VALUES ('Riesa, Germany');
INSERT INTO Branch(Address) VALUES ('Zittau, Germany');
INSERT INTO Branch(Address) VALUES ('Zwickau, Germany');
INSERT INTO Branch(Address) VALUES ('Lutherstadt Wittenberg, Germany');
INSERT INTO Branch(Address) VALUES ('Magdeburg, Germany');
INSERT INTO Branch(Address) VALUES ('Quedlinburg, Germany');
INSERT INTO Branch(Address) VALUES ('Apolda, Germany');
INSERT INTO Branch(Address) VALUES ('Eisenach, Germany');
INSERT INTO Branch(Address) VALUES ('Erfurt, Germany');
INSERT INTO Branch(Address) VALUES ('Gera, Germany');
INSERT INTO Branch(Address) VALUES ('Gotha, Germany');
INSERT INTO Branch(Address) VALUES ('Jena, Germany');
INSERT INTO Branch(Address) VALUES ('Nordhausen, Germany');
INSERT INTO Branch(Address) VALUES ('rudolstadt, Germany');
INSERT INTO Branch(Address) VALUES ('Steinach, Germany');
INSERT INTO Branch(Address) VALUES ('Weimar, Germany');
INSERT INTO Branch(Address) VALUES ('Berlin, Germany');
INSERT INTO Branch(Address) VALUES ('Koenigs Wusterhausen, Germany');
INSERT INTO Branch(Address) VALUES ('AOL, Germany');
INSERT INTO Branch(Address) VALUES ('Limnos, Greece');
INSERT INTO Branch(Address) VALUES ('Serres, Greece');
INSERT INTO Branch(Address) VALUES ('Tripolis, Greece');
INSERT INTO Branch(Address) VALUES ('Kozani, Greece');
INSERT INTO Branch(Address) VALUES ('Kalamaria, Greece');
INSERT INTO Branch(Address) VALUES ('Thessaloniki, Greece');
INSERT INTO Branch(Address) VALUES ('Kavala, Greece');
INSERT INTO Branch(Address) VALUES ('Katerini, Greece');
INSERT INTO Branch(Address) VALUES ('Loannina, Greece');
INSERT INTO Branch(Address) VALUES ('Larisa, Greece');
INSERT INTO Branch(Address) VALUES ('Trikala, Greece');
INSERT INTO Branch(Address) VALUES ('Agria, Greece');
INSERT INTO Branch(Address) VALUES ('Lamia, Greece');
INSERT INTO Branch(Address) VALUES ('Volos, Greece');
INSERT INTO Branch(Address) VALUES ('Kerkira, Greece');
INSERT INTO Branch(Address) VALUES ('Argostoli, Greece');
INSERT INTO Branch(Address) VALUES ('Zakinthos, Greece');
INSERT INTO Branch(Address) VALUES ('Karpenissi, Greece');
INSERT INTO Branch(Address) VALUES ('Thiva, Greece');
INSERT INTO Branch(Address) VALUES ('Amarinthos, Greece');
INSERT INTO Branch(Address) VALUES ('Athens, Greece');
INSERT INTO Branch(Address) VALUES ('Koridhallos, Greece');
INSERT INTO Branch(Address) VALUES ('Peristrion, Greece');
INSERT INTO Branch(Address) VALUES ('Piraeus, Greece');
INSERT INTO Branch(Address) VALUES ('Rafina, Greece');
INSERT INTO Branch(Address) VALUES ('Sparta, Greece');
INSERT INTO Branch(Address) VALUES ('Navplion, Greece');
INSERT INTO Branch(Address) VALUES ('Corinth, Greece');
INSERT INTO Branch(Address) VALUES ('Patrai, Greece');
INSERT INTO Branch(Address) VALUES ('Patras, Greece');
INSERT INTO Branch(Address) VALUES ('Kalamata, Greece');
INSERT INTO Branch(Address) VALUES ('Chania, Greece');
INSERT INTO Branch(Address) VALUES ('Kissamos, Greece');
INSERT INTO Branch(Address) VALUES ('Souda, Greece');
INSERT INTO Branch(Address) VALUES ('Irakleion, Greece');
INSERT INTO Branch(Address) VALUES ('Rethymno, Greece');
INSERT INTO Branch(Address) VALUES ('Agios Nikolaos, Greece');
INSERT INTO Branch(Address) VALUES ('Kos, Greece');
INSERT INTO Branch(Address) VALUES ('Rhodes, Greece');
INSERT INTO Branch(Address) VALUES ('Samos, Greece');
INSERT INTO Branch(Address) VALUES ('Myconos, Greece');
INSERT INTO Branch(Address) VALUES ('Naousa, Greece');
INSERT INTO Branch(Address) VALUES ('Naxos, Greece');
INSERT INTO Branch(Address) VALUES ('Mytilini, Greece');
INSERT INTO Branch(Address) VALUES ('Hillye, Hungary');
INSERT INTO Branch(Address) VALUES ('Kecskemet, Hungary');
INSERT INTO Branch(Address) VALUES ('Pecs, Hungary');
INSERT INTO Branch(Address) VALUES ('Miskolc, Hungary');
INSERT INTO Branch(Address) VALUES ('Budapest, Hungary');
INSERT INTO Branch(Address) VALUES ('Hdmezvsrhely, Hungary');
INSERT INTO Branch(Address) VALUES ('Mako, Hungary');
INSERT INTO Branch(Address) VALUES ('Szeged, Hungary');
INSERT INTO Branch(Address) VALUES ('Szekesfehervar, Hungary');
INSERT INTO Branch(Address) VALUES ('Szkesfehrvr, Hungary');
INSERT INTO Branch(Address) VALUES ('Sopron, Hungary');
INSERT INTO Branch(Address) VALUES ('Debrecen, Hungary');
INSERT INTO Branch(Address) VALUES ('Eger, Hungary');
INSERT INTO Branch(Address) VALUES ('Esztergom, Hungary');
INSERT INTO Branch(Address) VALUES ('Pszt, Hungary');
INSERT INTO Branch(Address) VALUES ('Nagykoros, Hungary');
INSERT INTO Branch(Address) VALUES ('Eger, Hungary');
INSERT INTO Branch(Address) VALUES ('Siofok, Hungary');
INSERT INTO Branch(Address) VALUES ('Nyregyhza, Hungary');
INSERT INTO Branch(Address) VALUES ('Jaszbereny, Hungary');
INSERT INTO Branch(Address) VALUES ('Szolnok, Hungary');
INSERT INTO Branch(Address) VALUES ('Szekszard, Hungary');
INSERT INTO Branch(Address) VALUES ('Zalaegerszeg, Hungary');
INSERT INTO Branch(Address) VALUES ('Gyor, Hungary');
INSERT INTO Branch(Address) VALUES ('Dunaujvaros, Hungary');
INSERT INTO Branch(Address) VALUES ('Szombathely, Hungary');
INSERT INTO Branch(Address) VALUES ('Chieti, Italy');
INSERT INTO Branch(Address) VALUES ('LAquila, Italy');
INSERT INTO Branch(Address) VALUES ('Pescara, Italy');
INSERT INTO Branch(Address) VALUES ('Genzano Di Lucania, Italy');
INSERT INTO Branch(Address) VALUES ('Matera, Italy');
INSERT INTO Branch(Address) VALUES ('Potenza, Italy');
INSERT INTO Branch(Address) VALUES ('Catanzaro, Italy');
INSERT INTO Branch(Address) VALUES ('Cosenza, Italy');
INSERT INTO Branch(Address) VALUES ('Crotone, Italy');
INSERT INTO Branch(Address) VALUES ('Lamezia Terme, Italy');
INSERT INTO Branch(Address) VALUES ('Palmi, Italy');
INSERT INTO Branch(Address) VALUES ('Paterno, Italy');
INSERT INTO Branch(Address) VALUES ('Reggio di Calabria, Italy');
INSERT INTO Branch(Address) VALUES ('Vibo Valentia, Italy');
INSERT INTO Branch(Address) VALUES ('Amalfi, Italy');
INSERT INTO Branch(Address) VALUES ('Avellino, Italy');
INSERT INTO Branch(Address) VALUES ('Benevento, Italy');
INSERT INTO Branch(Address) VALUES ('Caserta, Italy');
INSERT INTO Branch(Address) VALUES ('Castello di Cisterna, Italy');
INSERT INTO Branch(Address) VALUES ('Gaeta, Italy');
INSERT INTO Branch(Address) VALUES ('Napoli, Italy');
INSERT INTO Branch(Address) VALUES ('Sala Consilina, Italy');
INSERT INTO Branch(Address) VALUES ('Salerno, Italy');
INSERT INTO Branch(Address) VALUES ('solofra, Italy');
INSERT INTO Branch(Address) VALUES ('Sorrento, Italy');
INSERT INTO Branch(Address) VALUES ('torre del greco, Italy');
INSERT INTO Branch(Address) VALUES ('Bologna, Italy');
INSERT INTO Branch(Address) VALUES ('Cattolica, Italy');
INSERT INTO Branch(Address) VALUES ('Cesena, Italy');
INSERT INTO Branch(Address) VALUES ('Ferrara, Italy');
INSERT INTO Branch(Address) VALUES ('forli, Italy');
INSERT INTO Branch(Address) VALUES ('Gambettola, Italy');
INSERT INTO Branch(Address) VALUES ('Guastalla, Italy');
INSERT INTO Branch(Address) VALUES ('Imola, Italy');
INSERT INTO Branch(Address) VALUES ('Modena, Italy');
INSERT INTO Branch(Address) VALUES ('Noceto, Italy');
INSERT INTO Branch(Address) VALUES ('Parma, Italy');
INSERT INTO Branch(Address) VALUES ('Piacenza, Italy');
INSERT INTO Branch(Address) VALUES ('Ravenna, Italy');
INSERT INTO Branch(Address) VALUES ('Reggio Emilia, Italy');
INSERT INTO Branch(Address) VALUES ('Rimini, Italy');
INSERT INTO Branch(Address) VALUES ('Sala Bolognese, Italy');
INSERT INTO Branch(Address) VALUES ('San Secondo Parmense, Italy');
INSERT INTO Branch(Address) VALUES ('Scandiano, Italy');
INSERT INTO Branch(Address) VALUES ('Budoia, Italy');
INSERT INTO Branch(Address) VALUES ('Lignano, Italy');
INSERT INTO Branch(Address) VALUES ('Maniago, Italy');
INSERT INTO Branch(Address) VALUES ('Pordenone, Italy');
INSERT INTO Branch(Address) VALUES ('Trieste, Italy');
INSERT INTO Branch(Address) VALUES ('Udine, Italy');
INSERT INTO Branch(Address) VALUES ('Castelnuovo Di porto, Italy');
INSERT INTO Branch(Address) VALUES ('Cisterna, Italy');
INSERT INTO Branch(Address) VALUES ('Civitavecchia, Italy');
INSERT INTO Branch(Address) VALUES ('Fregene, Italy');
INSERT INTO Branch(Address) VALUES ('Frosinone, Italy');
INSERT INTO Branch(Address) VALUES ('Guidonia, Italy');
INSERT INTO Branch(Address) VALUES ('Latina, Italy');
INSERT INTO Branch(Address) VALUES ('Marino, Italy');
INSERT INTO Branch(Address) VALUES ('Ostia, Italy');
INSERT INTO Branch(Address) VALUES ('Rome, Italy');
INSERT INTO Branch(Address) VALUES ('santa Marinella, Italy');
INSERT INTO Branch(Address) VALUES ('Viterbo, Italy');
INSERT INTO Branch(Address) VALUES ('Albenga, Italy');
INSERT INTO Branch(Address) VALUES ('Bordighera, Italy');
INSERT INTO Branch(Address) VALUES ('Genoa, Italy');
INSERT INTO Branch(Address) VALUES ('Genova, Italy');
INSERT INTO Branch(Address) VALUES ('Imperia, Italy');
INSERT INTO Branch(Address) VALUES ('La Spezia, Italy');
INSERT INTO Branch(Address) VALUES ('Montessoro, Italy');
INSERT INTO Branch(Address) VALUES ('Portofino, Italy');
INSERT INTO Branch(Address) VALUES ('Rapallo, Italy');
INSERT INTO Branch(Address) VALUES ('Riomaggiore, Italy');
INSERT INTO Branch(Address) VALUES ('San Remo, Italy');
INSERT INTO Branch(Address) VALUES ('Savona, Italy');
INSERT INTO Branch(Address) VALUES ('Sestri Levante, Italy');
INSERT INTO Branch(Address) VALUES ('Arese, Italy');
INSERT INTO Branch(Address) VALUES ('Assago, Italy');
INSERT INTO Branch(Address) VALUES ('Bergamo, Italy');
INSERT INTO Branch(Address) VALUES ('Brembate, Italy');
INSERT INTO Branch(Address) VALUES ('Brescia, Italy');
INSERT INTO Branch(Address) VALUES ('Cantu, Italy');
INSERT INTO Branch(Address) VALUES ('Cardano al Campo, Italy');
INSERT INTO Branch(Address) VALUES ('Carugate, Italy');
INSERT INTO Branch(Address) VALUES ('Cologno Monzese, Italy');
INSERT INTO Branch(Address) VALUES ('Como, Italy');
INSERT INTO Branch(Address) VALUES ('Cremona, Italy');
INSERT INTO Branch(Address) VALUES ('Gallarate, Italy');
INSERT INTO Branch(Address) VALUES ('Lainate, Italy');
INSERT INTO Branch(Address) VALUES ('Lecco, Italy');
INSERT INTO Branch(Address) VALUES ('Lissone, Italy');
INSERT INTO Branch(Address) VALUES ('Lodi, Italy');
INSERT INTO Branch(Address) VALUES ('Lonate Pozzolo, Italy');
INSERT INTO Branch(Address) VALUES ('Mantova, Italy');
INSERT INTO Branch(Address) VALUES ('Merate, Italy');
INSERT INTO Branch(Address) VALUES ('Milano, Italy');
INSERT INTO Branch(Address) VALUES ('Monza, Italy');
INSERT INTO Branch(Address) VALUES ('Olgiate Molgora, Italy');
INSERT INTO Branch(Address) VALUES ('Olgiate Olona, Italy');
INSERT INTO Branch(Address) VALUES ('Pavia, Italy');
INSERT INTO Branch(Address) VALUES ('Sondrio, Italy');
INSERT INTO Branch(Address) VALUES ('Treviglio, Italy');
INSERT INTO Branch(Address) VALUES ('Varese, Italy');
INSERT INTO Branch(Address) VALUES ('Vigevano, Italy');
INSERT INTO Branch(Address) VALUES ('Vimercate, Italy');
INSERT INTO Branch(Address) VALUES ('Voghera, Italy');
INSERT INTO Branch(Address) VALUES ('Ancona, Italy');
INSERT INTO Branch(Address) VALUES ('Ascoli Piceno, Italy');
INSERT INTO Branch(Address) VALUES ('Fermo, Italy');
INSERT INTO Branch(Address) VALUES ('Jesi, Italy');
INSERT INTO Branch(Address) VALUES ('Macerata, Italy');
INSERT INTO Branch(Address) VALUES ('Osimo, Italy');
INSERT INTO Branch(Address) VALUES ('Pesaro, Italy');
INSERT INTO Branch(Address) VALUES ('San Benedetto Del Tronto, Italy');
INSERT INTO Branch(Address) VALUES ('Campobasso, Italy');
INSERT INTO Branch(Address) VALUES ('Frosolone, Italy');
INSERT INTO Branch(Address) VALUES ('Acqui Terme, Italy');
INSERT INTO Branch(Address) VALUES ('Alagna Valsesia, Italy');
INSERT INTO Branch(Address) VALUES ('Alba, Italy');
INSERT INTO Branch(Address) VALUES ('Alpignano, Italy');
INSERT INTO Branch(Address) VALUES ('Asti, Italy');
INSERT INTO Branch(Address) VALUES ('Biella, Italy');
INSERT INTO Branch(Address) VALUES ('Borgomanero, Italy');
INSERT INTO Branch(Address) VALUES ('Borgosesia, Italy');
INSERT INTO Branch(Address) VALUES ('Burolo, Italy');
INSERT INTO Branch(Address) VALUES ('Cuneo, Italy');
INSERT INTO Branch(Address) VALUES ('Ivrea, Italy');
INSERT INTO Branch(Address) VALUES ('Moncalieri, Italy');
INSERT INTO Branch(Address) VALUES ('Novara, Italy');
INSERT INTO Branch(Address) VALUES ('Oleggio, Italy');
INSERT INTO Branch(Address) VALUES ('Omegna, Italy');
INSERT INTO Branch(Address) VALUES ('Pinerolo, Italy');
INSERT INTO Branch(Address) VALUES ('Sala Biellese, Italy');
INSERT INTO Branch(Address) VALUES ('Settimo Torinese, Italy');
INSERT INTO Branch(Address) VALUES ('Torino, Italy');
INSERT INTO Branch(Address) VALUES ('Torre Pellice, Italy');
INSERT INTO Branch(Address) VALUES ('Trecate, Italy');
INSERT INTO Branch(Address) VALUES ('Turin, Italy');
INSERT INTO Branch(Address) VALUES ('Valenza, Italy');
INSERT INTO Branch(Address) VALUES ('Varallo Sesia, Italy');
INSERT INTO Branch(Address) VALUES ('Verbania, Italy');
INSERT INTO Branch(Address) VALUES ('Bari, Italy');
INSERT INTO Branch(Address) VALUES ('Capurso, Italy');
INSERT INTO Branch(Address) VALUES ('Conversano, Italy');
INSERT INTO Branch(Address) VALUES ('Foggia, Italy');
INSERT INTO Branch(Address) VALUES ('Lecce, Italy');
INSERT INTO Branch(Address) VALUES ('Maglie, Italy');
INSERT INTO Branch(Address) VALUES ('Monopoli, Italy');
INSERT INTO Branch(Address) VALUES ('Putignano, Italy');
INSERT INTO Branch(Address) VALUES ('Taranto, Italy');
INSERT INTO Branch(Address) VALUES ('Alghero, Italy');
INSERT INTO Branch(Address) VALUES ('Cagliari, Italy');
INSERT INTO Branch(Address) VALUES ('La Maddalena, Italy');
INSERT INTO Branch(Address) VALUES ('Nuoro, Italy');
INSERT INTO Branch(Address) VALUES ('Olbia, Italy');
INSERT INTO Branch(Address) VALUES ('Oristano, Italy');
INSERT INTO Branch(Address) VALUES ('Sassari, Italy');
INSERT INTO Branch(Address) VALUES ('Selargius, Italy');
INSERT INTO Branch(Address) VALUES ('Agrigento, Italy');
INSERT INTO Branch(Address) VALUES ('Augusta, Italy');
INSERT INTO Branch(Address) VALUES ('Belmonte Mezzagno, Italy');
INSERT INTO Branch(Address) VALUES ('Caltanissetta, Italy');
INSERT INTO Branch(Address) VALUES ('Capo d_Orlando, Italy');
INSERT INTO Branch(Address) VALUES ('Castelvetrano, Italy');
INSERT INTO Branch(Address) VALUES ('Catania, Italy');
INSERT INTO Branch(Address) VALUES ('Enna, Italy');
INSERT INTO Branch(Address) VALUES ('Floridia, Italy');
INSERT INTO Branch(Address) VALUES ('messina, Italy');
INSERT INTO Branch(Address) VALUES ('Milazzo, Italy');
INSERT INTO Branch(Address) VALUES ('Palermo, Italy');
INSERT INTO Branch(Address) VALUES ('Ribera, Italy');
INSERT INTO Branch(Address) VALUES ('Siracusa, Italy');
INSERT INTO Branch(Address) VALUES ('Terrasini, Italy');
INSERT INTO Branch(Address) VALUES ('Trapani, Italy');
INSERT INTO Branch(Address) VALUES ('Arezzo, Italy');
INSERT INTO Branch(Address) VALUES ('Bottegone, Italy');
INSERT INTO Branch(Address) VALUES ('Cecina, Italy');
INSERT INTO Branch(Address) VALUES ('Fiesole, Italy');
INSERT INTO Branch(Address) VALUES ('Firenze, Italy');
INSERT INTO Branch(Address) VALUES ('Florence, Italy');
INSERT INTO Branch(Address) VALUES ('Follonica, Italy');
INSERT INTO Branch(Address) VALUES ('Greve, Italy');
INSERT INTO Branch(Address) VALUES ('Grosseto, Italy');
INSERT INTO Branch(Address) VALUES ('Livorno, Italy');
INSERT INTO Branch(Address) VALUES ('Lucca, Italy');
INSERT INTO Branch(Address) VALUES ('Massa, Italy');
INSERT INTO Branch(Address) VALUES ('Pisa, Italy');
INSERT INTO Branch(Address) VALUES ('Pistoia, Italy');
INSERT INTO Branch(Address) VALUES ('Prato, Italy');
INSERT INTO Branch(Address) VALUES ('Siena, Italy');
INSERT INTO Branch(Address) VALUES ('viareggio, Italy');
INSERT INTO Branch(Address) VALUES ('Bolzano, Italy');
INSERT INTO Branch(Address) VALUES ('Merano, Italy');
INSERT INTO Branch(Address) VALUES ('Trento, Italy');
INSERT INTO Branch(Address) VALUES ('Assisi, Italy');
INSERT INTO Branch(Address) VALUES ('Foligno, Italy');
INSERT INTO Branch(Address) VALUES ('Perugia, Italy');
INSERT INTO Branch(Address) VALUES ('Spoleto, Italy');
INSERT INTO Branch(Address) VALUES ('Terni, Italy');
INSERT INTO Branch(Address) VALUES ('Aosta, Italy');
INSERT INTO Branch(Address) VALUES ('Cervinia, Italy');
INSERT INTO Branch(Address) VALUES ('Valtournenche, Italy');
INSERT INTO Branch(Address) VALUES ('Abano Terme, Italy');
INSERT INTO Branch(Address) VALUES ('Bassano Del Grappa, Italy');
INSERT INTO Branch(Address) VALUES ('Castelfranco Veneto, Italy');
INSERT INTO Branch(Address) VALUES ('Cittadella, Italy');
INSERT INTO Branch(Address) VALUES ('Conegliano, Italy');
INSERT INTO Branch(Address) VALUES ('Cortina dAmpezzo, Italy');
INSERT INTO Branch(Address) VALUES ('Malcesine, Italy');
INSERT INTO Branch(Address) VALUES ('Mirano, Italy');
INSERT INTO Branch(Address) VALUES ('Padova, Italy');
INSERT INTO Branch(Address) VALUES ('Pedavena, Italy');
INSERT INTO Branch(Address) VALUES ('Piove di Sacco, Italy');
INSERT INTO Branch(Address) VALUES ('Rovigo, Italy');
INSERT INTO Branch(Address) VALUES ('Thiene, Italy');
INSERT INTO Branch(Address) VALUES ('Treviso, Italy');
INSERT INTO Branch(Address) VALUES ('Venice, Italy');
INSERT INTO Branch(Address) VALUES ('Verona, Italy');
INSERT INTO Branch(Address) VALUES ('Vicenza, Italy');
INSERT INTO Branch(Address) VALUES ('Boleslawiec, Poland');
INSERT INTO Branch(Address) VALUES ('Glogow, Poland');
INSERT INTO Branch(Address) VALUES ('Jelenia Gora, Poland');
INSERT INTO Branch(Address) VALUES ('Wroclaw, Poland');
INSERT INTO Branch(Address) VALUES ('Bydgoszcz, Poland');
INSERT INTO Branch(Address) VALUES ('Rypin, Poland');
INSERT INTO Branch(Address) VALUES ('Lodz, Poland');
INSERT INTO Branch(Address) VALUES ('Tomaszow Mazowiecki, Poland');
INSERT INTO Branch(Address) VALUES ('Zielona Gora, Poland');
INSERT INTO Branch(Address) VALUES ('Lublin, Poland');
INSERT INTO Branch(Address) VALUES ('Torun, Poland');
INSERT INTO Branch(Address) VALUES ('Gorzow Wielkopolski, Poland');
INSERT INTO Branch(Address) VALUES ('Krakow, Poland');
INSERT INTO Branch(Address) VALUES ('Slomniki, Poland');
INSERT INTO Branch(Address) VALUES ('Tarnow, Poland');
INSERT INTO Branch(Address) VALUES ('Lomianki, Poland');
INSERT INTO Branch(Address) VALUES ('Milanowek, Poland');
INSERT INTO Branch(Address) VALUES ('Plock, Poland');
INSERT INTO Branch(Address) VALUES ('Pultusk, Poland');
INSERT INTO Branch(Address) VALUES ('Warsaw, Poland');
INSERT INTO Branch(Address) VALUES ('Wolomin, Poland');
INSERT INTO Branch(Address) VALUES ('Wawelno, Poland');
INSERT INTO Branch(Address) VALUES ('Lubno, Poland');
INSERT INTO Branch(Address) VALUES ('Ropczyce, Poland');
INSERT INTO Branch(Address) VALUES ('Rzeszow, Poland');
INSERT INTO Branch(Address) VALUES ('Stalowa Wola, Poland');
INSERT INTO Branch(Address) VALUES ('Bialystok, Poland');
INSERT INTO Branch(Address) VALUES ('Lomza, Poland');
INSERT INTO Branch(Address) VALUES ('Suwalki, Poland');
INSERT INTO Branch(Address) VALUES ('Chojnice, Poland');
INSERT INTO Branch(Address) VALUES ('Gdansk, Poland');
INSERT INTO Branch(Address) VALUES ('Gdask, Poland');
INSERT INTO Branch(Address) VALUES ('Gdynia, Poland');
INSERT INTO Branch(Address) VALUES ('Bielsko-Biala, Poland');
INSERT INTO Branch(Address) VALUES ('Czestochowa, Poland');
INSERT INTO Branch(Address) VALUES ('Gliwice, Poland');
INSERT INTO Branch(Address) VALUES ('Katowice, Poland');
INSERT INTO Branch(Address) VALUES ('Olsztyn, Poland');
INSERT INTO Branch(Address) VALUES ('Tychy, Poland');
INSERT INTO Branch(Address) VALUES ('Zabrze, Poland');
INSERT INTO Branch(Address) VALUES ('Zawiercie, Poland');
INSERT INTO Branch(Address) VALUES ('Kielce, Poland');
INSERT INTO Branch(Address) VALUES ('Elblag, Poland');
INSERT INTO Branch(Address) VALUES ('Elk, Poland');
INSERT INTO Branch(Address) VALUES ('Olsztyn, Poland');
INSERT INTO Branch(Address) VALUES ('Boleslawiec, Poland');
INSERT INTO Branch(Address) VALUES ('Gulcz, Poland');
INSERT INTO Branch(Address) VALUES ('Poznan, Poland');
INSERT INTO Branch(Address) VALUES ('Koszalin, Poland');
INSERT INTO Branch(Address) VALUES ('Szczecin, Poland');
INSERT INTO Branch(Address) VALUES ('Aveiro, Portugal');
INSERT INTO Branch(Address) VALUES ('Santo Joo da Madeira, Portugal');
INSERT INTO Branch(Address) VALUES ('Braga, Portugal');
INSERT INTO Branch(Address) VALUES ('Fafe, Portugal');
INSERT INTO Branch(Address) VALUES ('Guimares, Portugal');
INSERT INTO Branch(Address) VALUES ('Idanha a Nova, Portugal');
INSERT INTO Branch(Address) VALUES ('Coimbra, Portugal');
INSERT INTO Branch(Address) VALUES ('Pombal, Portugal');
INSERT INTO Branch(Address) VALUES ('Vila Do Porto, Portugal');
INSERT INTO Branch(Address) VALUES ('Evora, Portugal');
INSERT INTO Branch(Address) VALUES ('Albufeira, Portugal');
INSERT INTO Branch(Address) VALUES ('Faro, Portugal');
INSERT INTO Branch(Address) VALUES ('Lagoa, Portugal');
INSERT INTO Branch(Address) VALUES ('Lagos, Portugal');
INSERT INTO Branch(Address) VALUES ('Loul, Portugal');
INSERT INTO Branch(Address) VALUES ('Quarteira, Portugal');
INSERT INTO Branch(Address) VALUES ('Silves, Portugal');
INSERT INTO Branch(Address) VALUES ('Tavira, Portugal');
INSERT INTO Branch(Address) VALUES ('Vila Real de Santo Antnio, Portugal');
INSERT INTO Branch(Address) VALUES ('Vilamoura, Portugal');
INSERT INTO Branch(Address) VALUES ('Funchal, Portugal');
INSERT INTO Branch(Address) VALUES ('Machico, Portugal');
INSERT INTO Branch(Address) VALUES ('Guarda, Portugal');
INSERT INTO Branch(Address) VALUES ('Caldas Da Rainha, Portugal');
INSERT INTO Branch(Address) VALUES ('Leiria, Portugal');
INSERT INTO Branch(Address) VALUES ('Amadora, Portugal');
INSERT INTO Branch(Address) VALUES ('Carcavelos, Portugal');
INSERT INTO Branch(Address) VALUES ('Cascais, Portugal');
INSERT INTO Branch(Address) VALUES ('Ericeira, Portugal');
INSERT INTO Branch(Address) VALUES ('Lisbon, Portugal');
INSERT INTO Branch(Address) VALUES ('Massama, Portugal');
INSERT INTO Branch(Address) VALUES ('Oeiras, Portugal');
INSERT INTO Branch(Address) VALUES ('Queluz, Portugal');
INSERT INTO Branch(Address) VALUES ('Sintra, Portugal');
INSERT INTO Branch(Address) VALUES ('Torres Vedras, Portugal');
INSERT INTO Branch(Address) VALUES ('Vila Franca de Xira, Portugal');
INSERT INTO Branch(Address) VALUES ('Elvas, Portugal');
INSERT INTO Branch(Address) VALUES ('Portalegre, Portugal');
INSERT INTO Branch(Address) VALUES ('Maia, Portugal');
INSERT INTO Branch(Address) VALUES ('Matosinhos, Portugal');
INSERT INTO Branch(Address) VALUES ('Oporto , Portugal');
INSERT INTO Branch(Address) VALUES ('Paos de brando, Portugal');
INSERT INTO Branch(Address) VALUES ('Porto, Portugal');
INSERT INTO Branch(Address) VALUES ('Trofa, Portugal');
INSERT INTO Branch(Address) VALUES ('Vila do Conde, Portugal');
INSERT INTO Branch(Address) VALUES ('Vila Nova de Gaia, Portugal');
INSERT INTO Branch(Address) VALUES ('Abrantes, Portugal');
INSERT INTO Branch(Address) VALUES ('Almada, Portugal');
INSERT INTO Branch(Address) VALUES ('Amora, Portugal');
INSERT INTO Branch(Address) VALUES ('Sines, Portugal');
INSERT INTO Branch(Address) VALUES ('Arcos de Valdevez, Portugal');
INSERT INTO Branch(Address) VALUES ('Valena, Portugal');
INSERT INTO Branch(Address) VALUES ('Viana do Castelo, Portugal');
INSERT INTO Branch(Address) VALUES ('Mangualde, Portugal');
INSERT INTO Branch(Address) VALUES ('Viseu, Portugal');
INSERT INTO Branch(Address) VALUES ('Angra Do Heroismo, Portugal');
INSERT INTO Branch(Address) VALUES ('Horta, Portugal');
INSERT INTO Branch(Address) VALUES ('Madalena, Portugal');
INSERT INTO Branch(Address) VALUES ('Ponta Delgada, Portugal');
INSERT INTO Branch(Address) VALUES ('Ribeira Grande, Portugal');
INSERT INTO Branch(Address) VALUES ('Villa Franca Do Campo, Portugal');
INSERT INTO Branch(Address) VALUES ('Arad, Romania');
INSERT INTO Branch(Address) VALUES ('Pitesti, Romania');
INSERT INTO Branch(Address) VALUES ('Bacau, Romania');
INSERT INTO Branch(Address) VALUES ('Oradea, Romania');
INSERT INTO Branch(Address) VALUES ('Salonta, Romania');
INSERT INTO Branch(Address) VALUES ('Steiu, Romania');
INSERT INTO Branch(Address) VALUES ('Brasov, Romania');
INSERT INTO Branch(Address) VALUES ('Bucharest, Romania');
INSERT INTO Branch(Address) VALUES ('Buzau, Romania');
INSERT INTO Branch(Address) VALUES ('Oravita, Romania');
INSERT INTO Branch(Address) VALUES ('Cluj-Napoca, Romania');
INSERT INTO Branch(Address) VALUES ('Turda, Romania');
INSERT INTO Branch(Address) VALUES ('Constanta, Romania');
INSERT INTO Branch(Address) VALUES ('Craiova, Romania');
INSERT INTO Branch(Address) VALUES ('Galati, Romania');
INSERT INTO Branch(Address) VALUES ('Odorheiu, Romania');
INSERT INTO Branch(Address) VALUES ('Simeria, Romania');
INSERT INTO Branch(Address) VALUES ('Iasi, Romania');
INSERT INTO Branch(Address) VALUES ('Baia Mare, Romania');
INSERT INTO Branch(Address) VALUES ('Borsa, Romania');
INSERT INTO Branch(Address) VALUES ('Tirgu Mures, Romania');
INSERT INTO Branch(Address) VALUES ('Ploiesti, Romania');
INSERT INTO Branch(Address) VALUES ('satu mare, Romania');
INSERT INTO Branch(Address) VALUES ('Sibiu, Romania');
INSERT INTO Branch(Address) VALUES ('Sinnicolaul Mare, Romania');
INSERT INTO Branch(Address) VALUES ('Timisoara, Romania');
INSERT INTO Branch(Address) VALUES ('Tulcea, Romania');
INSERT INTO Branch(Address) VALUES ('Birlad, Romania');
INSERT INTO Branch(Address) VALUES ('Ciudadela, Spain');
INSERT INTO Branch(Address) VALUES ('Ibiza, Spain');
INSERT INTO Branch(Address) VALUES ('Palma de Mallorca, Spain');
INSERT INTO Branch(Address) VALUES ('Petra, Spain');
INSERT INTO Branch(Address) VALUES ('Valldemosa, Spain');
INSERT INTO Branch(Address) VALUES ('Logroo, Spain');
INSERT INTO Branch(Address) VALUES ('Alcal De Henares, Spain');
INSERT INTO Branch(Address) VALUES ('Colmenar de Oreja, Spain');
INSERT INTO Branch(Address) VALUES ('Daganzo de Arriba, Spain');
INSERT INTO Branch(Address) VALUES ('Madrid, Spain');
INSERT INTO Branch(Address) VALUES ('Mostoles, Spain');
INSERT INTO Branch(Address) VALUES ('Pinto, Spain');
INSERT INTO Branch(Address) VALUES ('Pozuelo de Alarcn, Spain');
INSERT INTO Branch(Address) VALUES ('Tres Cantos, Spain');
INSERT INTO Branch(Address) VALUES ('Villanueva de la Caada, Spain');
INSERT INTO Branch(Address) VALUES ('Aledo, Spain');
INSERT INTO Branch(Address) VALUES ('Cartagena, Spain');
INSERT INTO Branch(Address) VALUES ('Mazarron, Spain');
INSERT INTO Branch(Address) VALUES ('Murcia, Spain');
INSERT INTO Branch(Address) VALUES ('San Pedro del Pinatar, Spain');
INSERT INTO Branch(Address) VALUES ('Yecla, Spain');
INSERT INTO Branch(Address) VALUES ('Los Arcos, Spain');
INSERT INTO Branch(Address) VALUES ('Pamplona, Spain');
INSERT INTO Branch(Address) VALUES ('Aviles, Spain');
INSERT INTO Branch(Address) VALUES ('Gijon, Spain');
INSERT INTO Branch(Address) VALUES ('Navia, Spain');
INSERT INTO Branch(Address) VALUES ('Oviedo, Spain');
INSERT INTO Branch(Address) VALUES ('Arredondo, Spain');
INSERT INTO Branch(Address) VALUES ('Santander, Spain');
INSERT INTO Branch(Address) VALUES ('Algeciras, Spain');
INSERT INTO Branch(Address) VALUES ('Almeria, Spain');
INSERT INTO Branch(Address) VALUES ('Aroche, Spain');
INSERT INTO Branch(Address) VALUES ('Cadiz, Spain');
INSERT INTO Branch(Address) VALUES ('Cordoba, Spain');
INSERT INTO Branch(Address) VALUES ('Crdoba, Spain');
INSERT INTO Branch(Address) VALUES ('El Puerto De Santa Maria, Spain');
INSERT INTO Branch(Address) VALUES ('Granada, Spain');
INSERT INTO Branch(Address) VALUES ('Huelva, Spain');
INSERT INTO Branch(Address) VALUES ('Jaen, Spain');
INSERT INTO Branch(Address) VALUES ('Jerez de la Frontera, Spain');
INSERT INTO Branch(Address) VALUES ('Mairena del Alcor, Spain');
INSERT INTO Branch(Address) VALUES ('Malaga, Spain');
INSERT INTO Branch(Address) VALUES ('Marbella, Spain');
INSERT INTO Branch(Address) VALUES ('Ronda, Spain');
INSERT INTO Branch(Address) VALUES ('Rota, Spain');
INSERT INTO Branch(Address) VALUES ('Santa Fe, Spain');
INSERT INTO Branch(Address) VALUES ('Sevilla , Spain');
INSERT INTO Branch(Address) VALUES ('Vera, Spain');
INSERT INTO Branch(Address) VALUES ('Huesca, Spain');
INSERT INTO Branch(Address) VALUES ('Teruel, Spain');
INSERT INTO Branch(Address) VALUES ('Zaragoza, Spain');
INSERT INTO Branch(Address) VALUES ('Arrecife, Spain');
INSERT INTO Branch(Address) VALUES ('Las Palmas, Spain');
INSERT INTO Branch(Address) VALUES ('Las Palmas de Gran Canaria, Spain');
INSERT INTO Branch(Address) VALUES ('Los Llanos De Aridane, Spain');
INSERT INTO Branch(Address) VALUES ('Puerto de la Cruz, Spain');
INSERT INTO Branch(Address) VALUES ('Santa Cruz de Tenerife, Spain');
INSERT INTO Branch(Address) VALUES ('Tacoronte, Spain');
INSERT INTO Branch(Address) VALUES ('Albacete, Spain');
INSERT INTO Branch(Address) VALUES ('Cuenca, Spain');
INSERT INTO Branch(Address) VALUES ('Huete, Spain');
INSERT INTO Branch(Address) VALUES ('Toledo, Spain');
INSERT INTO Branch(Address) VALUES ('Valdepenas, Spain');
INSERT INTO Branch(Address) VALUES ('vila, Spain');
INSERT INTO Branch(Address) VALUES ('Burgos, Spain');
INSERT INTO Branch(Address) VALUES ('Leon, Spain');
INSERT INTO Branch(Address) VALUES ('Salamanca, Spain');
INSERT INTO Branch(Address) VALUES ('Segovia, Spain');
INSERT INTO Branch(Address) VALUES ('Valladolid, Spain');
INSERT INTO Branch(Address) VALUES ('Badalona, Spain');
INSERT INTO Branch(Address) VALUES ('Balaguer, Spain');
INSERT INTO Branch(Address) VALUES ('Barber del Valls, Spain');
INSERT INTO Branch(Address) VALUES ('Barcelona, Spain');
INSERT INTO Branch(Address) VALUES ('Bellvehi, Spain');
INSERT INTO Branch(Address) VALUES ('Crespia, Spain');
INSERT INTO Branch(Address) VALUES ('El Prat De Llobregat, Spain');
INSERT INTO Branch(Address) VALUES ('Esparreguera, Spain');
INSERT INTO Branch(Address) VALUES ('Esplugues de Llobregat, Spain');
INSERT INTO Branch(Address) VALUES ('Girona, Spain');
INSERT INTO Branch(Address) VALUES ('Igualada, Spain');
INSERT INTO Branch(Address) VALUES ('La Seu dUrgell, Spain');
INSERT INTO Branch(Address) VALUES ('Lleida, Spain');
INSERT INTO Branch(Address) VALUES ('Manresa, Spain');
INSERT INTO Branch(Address) VALUES ('Matadepera, Spain');
INSERT INTO Branch(Address) VALUES ('Matar, Spain');
INSERT INTO Branch(Address) VALUES ('Mollerusa, Spain');
INSERT INTO Branch(Address) VALUES ('Palafrugell, Spain');
INSERT INTO Branch(Address) VALUES ('Premi de Dalt, Spain');
INSERT INTO Branch(Address) VALUES ('Reus, Spain');
INSERT INTO Branch(Address) VALUES ('Sabadell, Spain');
INSERT INTO Branch(Address) VALUES ('Sentmenat, Spain');
INSERT INTO Branch(Address) VALUES ('Tarrasa, Spain');
INSERT INTO Branch(Address) VALUES ('Torrelles de Llobregat, Spain');
INSERT INTO Branch(Address) VALUES ('Tortosa, Spain');
INSERT INTO Branch(Address) VALUES ('Vilanova I La Geltru, Spain');
INSERT INTO Branch(Address) VALUES ('Badajoz, Spain');
INSERT INTO Branch(Address) VALUES ('Barcarrota, Spain');
INSERT INTO Branch(Address) VALUES ('Mrida, Spain');
INSERT INTO Branch(Address) VALUES ('A Corua, Spain');
INSERT INTO Branch(Address) VALUES ('Lugo, Spain');
INSERT INTO Branch(Address) VALUES ('Ourense, Spain');
INSERT INTO Branch(Address) VALUES ('Pontevedra, Spain');
INSERT INTO Branch(Address) VALUES ('Santiago de Compostela, Spain');
INSERT INTO Branch(Address) VALUES ('Vigo, Spain');
INSERT INTO Branch(Address) VALUES ('Basauri, Spain');
INSERT INTO Branch(Address) VALUES ('Bergara, Spain');
INSERT INTO Branch(Address) VALUES ('Bilbao, Spain');
INSERT INTO Branch(Address) VALUES ('Getxo, Spain');
INSERT INTO Branch(Address) VALUES ('San Sebastian, Spain');
INSERT INTO Branch(Address) VALUES ('Vitoria, Spain');
INSERT INTO Branch(Address) VALUES ('Alboraya, Spain');
INSERT INTO Branch(Address) VALUES ('Alcora, Spain');
INSERT INTO Branch(Address) VALUES ('Alicante, Spain');
INSERT INTO Branch(Address) VALUES ('Benicasim, Spain');
INSERT INTO Branch(Address) VALUES ('Burriana, Spain');
INSERT INTO Branch(Address) VALUES ('Castelln De la Plana, Spain');
INSERT INTO Branch(Address) VALUES ('Orihuela, Spain');
INSERT INTO Branch(Address) VALUES ('Oropesa, Spain');
INSERT INTO Branch(Address) VALUES ('Requena, Spain');
INSERT INTO Branch(Address) VALUES ('Rojales, Spain');
INSERT INTO Branch(Address) VALUES ('Torrevieja, Spain');
INSERT INTO Branch(Address) VALUES ('Valencia, Spain');
INSERT INTO Branch(Address) VALUES ('Vistabella del Maestrazgo, Spain');
INSERT INTO Person(GovID,Name, PhoneNumber, Email, Address, Birthday, Nationality) VALUES (1111121128,'Kennith eco','900010017', 'Kennith_eco48@sapo.pt', 'Hennuyeres, Belgium', TO_DATE('23-7-1961','DD-MM-YYYY'), 'Belgium');
INSERT INTO Costumer(PersonGovID) VALUES (1111121128);
INSERT INTO Account(CostumerCostumerID, BranchBranchID, Amount, BeginDate, EndDate) VALUES (1, 339, 73965.0, TO_DATE('24-8-2006','DD-MM-YYYY'), NULL);
INSERT INTO CurrentAccount(AccountAccountID, MaximumWithdraw) VALUES (1, 400);
INSERT INTO Deposit(AccountAccountID, DepositDate, Amount) VALUES (1, TO_DATE('24-8-2006','DD-MM-YYYY'),295860);
INSERT INTO Withdraw(CurrentAccountAccountID, WithdrawDate, Amount) VALUES (1, TO_DATE('24-8-2006','DD-MM-YYYY'), 73965.0);
INSERT INTO Account(CostumerCostumerID, BranchBranchID, Amount, BeginDate, EndDate) VALUES (1, 339, 147930.0, TO_DATE('24-8-2006','DD-MM-YYYY'), NULL);
INSERT INTO SavingsAccount(AccountAccountID, InterestRate, DurationYears) VALUES (2, 0.05, 6);
INSERT INTO Transfer(AccountAccountIDFrom, AccountAccountIDTo, TransferDate, Amount) VALUES (1, 2, TO_DATE('24-8-2006','DD-MM-YYYY'), 147930.0);
INSERT INTO Person(GovID,Name, PhoneNumber, Email, Address, Birthday, Nationality) VALUES (1111121129,'Kenny eco','900010018', 'Kenny_eco16@sapo.pt', 'Lons-le-Saunier, France', TO_DATE('12-1-1979','DD-MM-YYYY'), 'France');
INSERT INTO Costumer(PersonGovID) VALUES (1111121129);
INSERT INTO Account(CostumerCostumerID, BranchBranchID, Amount, BeginDate, EndDate) VALUES (2, 64, 62305.5, TO_DATE('26-12-2007','DD-MM-YYYY'), NULL);
INSERT INTO CurrentAccount(AccountAccountID, MaximumWithdraw) VALUES (3, 400);
INSERT INTO Deposit(AccountAccountID, DepositDate, Amount) VALUES (3, TO_DATE('26-12-2007','DD-MM-YYYY'),249222);
INSERT INTO Withdraw(CurrentAccountAccountID, WithdrawDate, Amount) VALUES (3, TO_DATE('26-12-2007','DD-MM-YYYY'), 62305.5);
INSERT INTO Account(CostumerCostumerID, BranchBranchID, Amount, BeginDate, EndDate) VALUES (2, 64, 124611.0, TO_DATE('26-12-2007','DD-MM-YYYY'), NULL);
INSERT INTO SavingsAccount(AccountAccountID, InterestRate, DurationYears) VALUES (4, 0.05, 7);
INSERT INTO Transfer(AccountAccountIDFrom, AccountAccountIDTo, TransferDate, Amount) VALUES (3, 4, TO_DATE('26-12-2007','DD-MM-YYYY'), 124611.0);
INSERT INTO Person(GovID,Name, PhoneNumber, Email, Address, Birthday, Nationality) VALUES (1111121130,'Kent eco','900010019', 'Kent_eco90@sapo.pt', 'Bayonne, France', TO_DATE('24-4-1985','DD-MM-YYYY'), 'France');
INSERT INTO Costumer(PersonGovID) VALUES (1111121130);
INSERT INTO Account(CostumerCostumerID, BranchBranchID, Amount, BeginDate, EndDate) VALUES (3, 497, 87069.0, TO_DATE('11-11-2011','DD-MM-YYYY'), NULL);
INSERT INTO CurrentAccount(AccountAccountID, MaximumWithdraw) VALUES (5, 400);
INSERT INTO Deposit(AccountAccountID, DepositDate, Amount) VALUES (5, TO_DATE('11-11-2011','DD-MM-YYYY'),348276);
INSERT INTO Withdraw(CurrentAccountAccountID, WithdrawDate, Amount) VALUES (5, TO_DATE('11-11-2011','DD-MM-YYYY'), 87069.0);
INSERT INTO Account(CostumerCostumerID, BranchBranchID, Amount, BeginDate, EndDate) VALUES (3, 497, 174138.0, TO_DATE('11-11-2011','DD-MM-YYYY'), NULL);
INSERT INTO SavingsAccount(AccountAccountID, InterestRate, DurationYears) VALUES (6, 0.05, 7);
INSERT INTO Transfer(AccountAccountIDFrom, AccountAccountIDTo, TransferDate, Amount) VALUES (5, 6, TO_DATE('11-11-2011','DD-MM-YYYY'), 174138.0);
INSERT INTO Person(GovID,Name, PhoneNumber, Email, Address, Birthday, Nationality) VALUES (1111121131,'Kenton eco','900010020', 'Kenton_eco26@sapo.pt', 'Bellvehi, Spain', TO_DATE('23-8-1958','DD-MM-YYYY'), 'Spain');
INSERT INTO Costumer(PersonGovID) VALUES (1111121131);
INSERT INTO Account(CostumerCostumerID, BranchBranchID, Amount, BeginDate, EndDate) VALUES (4, 25, 166352.0, TO_DATE('20-2-2000','DD-MM-YYYY'), NULL);
INSERT INTO CurrentAccount(AccountAccountID, MaximumWithdraw) VALUES (7, 400);
INSERT INTO Deposit(AccountAccountID, DepositDate, Amount) VALUES (7, TO_DATE('20-2-2000','DD-MM-YYYY'),665408);
INSERT INTO Withdraw(CurrentAccountAccountID, WithdrawDate, Amount) VALUES (7, TO_DATE('20-2-2000','DD-MM-YYYY'), 166352.0);
INSERT INTO Account(CostumerCostumerID, BranchBranchID, Amount, BeginDate, EndDate) VALUES (4, 25, 332704.0, TO_DATE('20-2-2000','DD-MM-YYYY'), NULL);
INSERT INTO SavingsAccount(AccountAccountID, InterestRate, DurationYears) VALUES (8, 0.05, 4);
INSERT INTO Transfer(AccountAccountIDFrom, AccountAccountIDTo, TransferDate, Amount) VALUES (7, 8, TO_DATE('20-2-2000','DD-MM-YYYY'), 332704.0);
INSERT INTO Person(GovID,Name, PhoneNumber, Email, Address, Birthday, Nationality) VALUES (1111121132,'Kenya eco','900010021', 'Kenya_eco8@sapo.pt', 'Belmonte Mezzagno, Italy', TO_DATE('8-10-1962','DD-MM-YYYY'), 'Italy');
INSERT INTO Costumer(PersonGovID) VALUES (1111121132);
INSERT INTO Account(CostumerCostumerID, BranchBranchID, Amount, BeginDate, EndDate) VALUES (5, 836, 144140.0, TO_DATE('21-2-2008','DD-MM-YYYY'), NULL);
INSERT INTO CurrentAccount(AccountAccountID, MaximumWithdraw) VALUES (9, 400);
INSERT INTO Deposit(AccountAccountID, DepositDate, Amount) VALUES (9, TO_DATE('21-2-2008','DD-MM-YYYY'),576560);
INSERT INTO Withdraw(CurrentAccountAccountID, WithdrawDate, Amount) VALUES (9, TO_DATE('21-2-2008','DD-MM-YYYY'), 144140.0);
INSERT INTO Account(CostumerCostumerID, BranchBranchID, Amount, BeginDate, EndDate) VALUES (5, 836, 288280.0, TO_DATE('21-2-2008','DD-MM-YYYY'), NULL);
INSERT INTO SavingsAccount(AccountAccountID, InterestRate, DurationYears) VALUES (10, 0.05, 4);
INSERT INTO Transfer(AccountAccountIDFrom, AccountAccountIDTo, TransferDate, Amount) VALUES (9, 10, TO_DATE('21-2-2008','DD-MM-YYYY'), 288280.0);
INSERT INTO Person(GovID,Name, PhoneNumber, Email, Address, Birthday, Nationality) VALUES (1111121133,'Kenyatta eco','900010022', 'Kenyatta_eco68@sapo.pt', 'Gent, Belgium', TO_DATE('13-1-1989','DD-MM-YYYY'), 'Belgium');
INSERT INTO Costumer(PersonGovID) VALUES (1111121133);
INSERT INTO Account(CostumerCostumerID, BranchBranchID, Amount, BeginDate, EndDate) VALUES (6, 599, 115154.25, TO_DATE('20-4-2001','DD-MM-YYYY'), NULL);
INSERT INTO CurrentAccount(AccountAccountID, MaximumWithdraw) VALUES (11, 400);
INSERT INTO Deposit(AccountAccountID, DepositDate, Amount) VALUES (11, TO_DATE('20-4-2001','DD-MM-YYYY'),460617);
INSERT INTO Withdraw(CurrentAccountAccountID, WithdrawDate, Amount) VALUES (11, TO_DATE('20-4-2001','DD-MM-YYYY'), 115154.25);
INSERT INTO Account(CostumerCostumerID, BranchBranchID, Amount, BeginDate, EndDate) VALUES (6, 599, 230308.5, TO_DATE('20-4-2001','DD-MM-YYYY'), NULL);
INSERT INTO SavingsAccount(AccountAccountID, InterestRate, DurationYears) VALUES (12, 0.05, 6);
INSERT INTO Transfer(AccountAccountIDFrom, AccountAccountIDTo, TransferDate, Amount) VALUES (11, 12, TO_DATE('20-4-2001','DD-MM-YYYY'), 230308.5);
INSERT INTO Person(GovID,Name, PhoneNumber, Email, Address, Birthday, Nationality) VALUES (1111121134,'Kenyetta eco','900010023', 'Kenyetta_eco1@sapo.pt', 'Mazarron, Spain', TO_DATE('14-10-1973','DD-MM-YYYY'), 'Spain');
INSERT INTO Costumer(PersonGovID) VALUES (1111121134);
INSERT INTO Account(CostumerCostumerID, BranchBranchID, Amount, BeginDate, EndDate) VALUES (7, 1104, 69873.5, TO_DATE('4-5-2010','DD-MM-YYYY'), NULL);
INSERT INTO CurrentAccount(AccountAccountID, MaximumWithdraw) VALUES (13, 400);
INSERT INTO Deposit(AccountAccountID, DepositDate, Amount) VALUES (13, TO_DATE('4-5-2010','DD-MM-YYYY'),279494);
INSERT INTO Withdraw(CurrentAccountAccountID, WithdrawDate, Amount) VALUES (13, TO_DATE('4-5-2010','DD-MM-YYYY'), 69873.5);
INSERT INTO Account(CostumerCostumerID, BranchBranchID, Amount, BeginDate, EndDate) VALUES (7, 1104, 139747.0, TO_DATE('4-5-2010','DD-MM-YYYY'), NULL);
INSERT INTO SavingsAccount(AccountAccountID, InterestRate, DurationYears) VALUES (14, 0.05, 8);
INSERT INTO Transfer(AccountAccountIDFrom, AccountAccountIDTo, TransferDate, Amount) VALUES (13, 14, TO_DATE('4-5-2010','DD-MM-YYYY'), 139747.0);
INSERT INTO Person(GovID,Name, PhoneNumber, Email, Address, Birthday, Nationality) VALUES (1111121135,'Kenza eco','900010024', 'Kenza_eco75@sapo.pt', 'Smolyan, Bulgaria', TO_DATE('19-9-2001','DD-MM-YYYY'), 'Bulgaria');
INSERT INTO Costumer(PersonGovID) VALUES (1111121135);
INSERT INTO Account(CostumerCostumerID, BranchBranchID, Amount, BeginDate, EndDate) VALUES (8, 1106, 135998.5, TO_DATE('18-8-2000','DD-MM-YYYY'), NULL);
INSERT INTO CurrentAccount(AccountAccountID, MaximumWithdraw) VALUES (15, 400);
INSERT INTO Deposit(AccountAccountID, DepositDate, Amount) VALUES (15, TO_DATE('18-8-2000','DD-MM-YYYY'),543994);
INSERT INTO Withdraw(CurrentAccountAccountID, WithdrawDate, Amount) VALUES (15, TO_DATE('18-8-2000','DD-MM-YYYY'), 135998.5);
INSERT INTO Account(CostumerCostumerID, BranchBranchID, Amount, BeginDate, EndDate) VALUES (8, 1106, 271997.0, TO_DATE('18-8-2000','DD-MM-YYYY'), NULL);
INSERT INTO SavingsAccount(AccountAccountID, InterestRate, DurationYears) VALUES (16, 0.05, 10);
INSERT INTO Transfer(AccountAccountIDFrom, AccountAccountIDTo, TransferDate, Amount) VALUES (15, 16, TO_DATE('18-8-2000','DD-MM-YYYY'), 271997.0);
INSERT INTO Person(GovID,Name, PhoneNumber, Email, Address, Birthday, Nationality) VALUES (1111121136,'Kenzo eco','900010025', 'Kenzo_eco23@sapo.pt', 'Barber del Valls, Spain', TO_DATE('6-2-1963','DD-MM-YYYY'), 'Spain');
INSERT INTO Costumer(PersonGovID) VALUES (1111121136);
INSERT INTO Account(CostumerCostumerID, BranchBranchID, Amount, BeginDate, EndDate) VALUES (9, 808, 15719.5, TO_DATE('10-2-2017','DD-MM-YYYY'), NULL);
INSERT INTO CurrentAccount(AccountAccountID, MaximumWithdraw) VALUES (17, 400);
INSERT INTO Deposit(AccountAccountID, DepositDate, Amount) VALUES (17, TO_DATE('10-2-2017','DD-MM-YYYY'),62878);
INSERT INTO Withdraw(CurrentAccountAccountID, WithdrawDate, Amount) VALUES (17, TO_DATE('10-2-2017','DD-MM-YYYY'), 15719.5);
INSERT INTO Account(CostumerCostumerID, BranchBranchID, Amount, BeginDate, EndDate) VALUES (9, 808, 31439.0, TO_DATE('10-2-2017','DD-MM-YYYY'), NULL);
INSERT INTO SavingsAccount(AccountAccountID, InterestRate, DurationYears) VALUES (18, 0.05, 7);
INSERT INTO Transfer(AccountAccountIDFrom, AccountAccountIDTo, TransferDate, Amount) VALUES (17, 18, TO_DATE('10-2-2017','DD-MM-YYYY'), 31439.0);
INSERT INTO Person(GovID,Name, PhoneNumber, Email, Address, Birthday, Nationality) VALUES (1111121137,'Keoma eco','900010026', 'Keoma_eco70@sapo.pt', 'Hilden, Germany', TO_DATE('28-10-1965','DD-MM-YYYY'), 'Germany');
INSERT INTO Costumer(PersonGovID) VALUES (1111121137);
INSERT INTO Account(CostumerCostumerID, BranchBranchID, Amount, BeginDate, EndDate) VALUES (10, 746, 118359.25, TO_DATE('2-7-2013','DD-MM-YYYY'), NULL);
INSERT INTO CurrentAccount(AccountAccountID, MaximumWithdraw) VALUES (19, 400);
INSERT INTO Deposit(AccountAccountID, DepositDate, Amount) VALUES (19, TO_DATE('2-7-2013','DD-MM-YYYY'),473437);
INSERT INTO Withdraw(CurrentAccountAccountID, WithdrawDate, Amount) VALUES (19, TO_DATE('2-7-2013','DD-MM-YYYY'), 118359.25);
INSERT INTO Account(CostumerCostumerID, BranchBranchID, Amount, BeginDate, EndDate) VALUES (10, 746, 236718.5, TO_DATE('2-7-2013','DD-MM-YYYY'), NULL);
INSERT INTO SavingsAccount(AccountAccountID, InterestRate, DurationYears) VALUES (20, 0.05, 9);
INSERT INTO Transfer(AccountAccountIDFrom, AccountAccountIDTo, TransferDate, Amount) VALUES (19, 20, TO_DATE('2-7-2013','DD-MM-YYYY'), 236718.5);
INSERT INTO Person(GovID,Name, PhoneNumber, Email, Address, Birthday, Nationality) VALUES (1111121138,'Kepa eco','900010027', 'Kepa_eco38@sapo.pt', 'Villanueva de la Caada, Spain', TO_DATE('17-6-2004','DD-MM-YYYY'), 'Spain');
INSERT INTO Costumer(PersonGovID) VALUES (1111121138);
INSERT INTO Account(CostumerCostumerID, BranchBranchID, Amount, BeginDate, EndDate) VALUES (11, 1199, 209348.0, TO_DATE('4-9-2016','DD-MM-YYYY'), NULL);
INSERT INTO CurrentAccount(AccountAccountID, MaximumWithdraw) VALUES (21, 400);
INSERT INTO Deposit(AccountAccountID, DepositDate, Amount) VALUES (21, TO_DATE('4-9-2016','DD-MM-YYYY'),837392);
INSERT INTO Withdraw(CurrentAccountAccountID, WithdrawDate, Amount) VALUES (21, TO_DATE('4-9-2016','DD-MM-YYYY'), 209348.0);
INSERT INTO Account(CostumerCostumerID, BranchBranchID, Amount, BeginDate, EndDate) VALUES (11, 1199, 418696.0, TO_DATE('4-9-2016','DD-MM-YYYY'), NULL);
INSERT INTO SavingsAccount(AccountAccountID, InterestRate, DurationYears) VALUES (22, 0.05, 8);
INSERT INTO Transfer(AccountAccountIDFrom, AccountAccountIDTo, TransferDate, Amount) VALUES (21, 22, TO_DATE('4-9-2016','DD-MM-YYYY'), 418696.0);
INSERT INTO Person(GovID,Name, PhoneNumber, Email, Address, Birthday, Nationality) VALUES (1111121139,'Kera eco','900010028', 'Kera_eco21@sapo.pt', 'Plaisir, France', TO_DATE('14-2-1992','DD-MM-YYYY'), 'France');
INSERT INTO Costumer(PersonGovID) VALUES (1111121139);
INSERT INTO Account(CostumerCostumerID, BranchBranchID, Amount, BeginDate, EndDate) VALUES (12, 232, 14052.0, TO_DATE('27-12-2011','DD-MM-YYYY'), NULL);
INSERT INTO CurrentAccount(AccountAccountID, MaximumWithdraw) VALUES (23, 400);
INSERT INTO Deposit(AccountAccountID, DepositDate, Amount) VALUES (23, TO_DATE('27-12-2011','DD-MM-YYYY'),56208);
INSERT INTO Withdraw(CurrentAccountAccountID, WithdrawDate, Amount) VALUES (23, TO_DATE('27-12-2011','DD-MM-YYYY'), 14052.0);
INSERT INTO Account(CostumerCostumerID, BranchBranchID, Amount, BeginDate, EndDate) VALUES (12, 232, 28104.0, TO_DATE('27-12-2011','DD-MM-YYYY'), NULL);
INSERT INTO SavingsAccount(AccountAccountID, InterestRate, DurationYears) VALUES (24, 0.05, 7);
INSERT INTO Transfer(AccountAccountIDFrom, AccountAccountIDTo, TransferDate, Amount) VALUES (23, 24, TO_DATE('27-12-2011','DD-MM-YYYY'), 28104.0);
INSERT INTO Person(GovID,Name, PhoneNumber, Email, Address, Birthday, Nationality) VALUES (1111121140,'Keren eco','900010029', 'Keren_eco37@sapo.pt', 'Sofia, Bulgaria', TO_DATE('11-8-1972','DD-MM-YYYY'), 'Bulgaria');
INSERT INTO Costumer(PersonGovID) VALUES (1111121140);
INSERT INTO Account(CostumerCostumerID, BranchBranchID, Amount, BeginDate, EndDate) VALUES (13, 1007, 140820.25, TO_DATE('23-7-2005','DD-MM-YYYY'), NULL);
INSERT INTO CurrentAccount(AccountAccountID, MaximumWithdraw) VALUES (25, 400);
INSERT INTO Deposit(AccountAccountID, DepositDate, Amount) VALUES (25, TO_DATE('23-7-2005','DD-MM-YYYY'),563281);
INSERT INTO Withdraw(CurrentAccountAccountID, WithdrawDate, Amount) VALUES (25, TO_DATE('23-7-2005','DD-MM-YYYY'), 140820.25);
INSERT INTO Account(CostumerCostumerID, BranchBranchID, Amount, BeginDate, EndDate) VALUES (13, 1007, 281640.5, TO_DATE('23-7-2005','DD-MM-YYYY'), NULL);
INSERT INTO SavingsAccount(AccountAccountID, InterestRate, DurationYears) VALUES (26, 0.05, 8);
INSERT INTO Transfer(AccountAccountIDFrom, AccountAccountIDTo, TransferDate, Amount) VALUES (25, 26, TO_DATE('23-7-2005','DD-MM-YYYY'), 281640.5);
INSERT INTO Person(GovID,Name, PhoneNumber, Email, Address, Birthday, Nationality) VALUES (1111121141,'Kerena eco','900010030', 'Kerena_eco5@sapo.pt', 'Grafenbach, Austria', TO_DATE('16-7-2008','DD-MM-YYYY'), 'Austria');
INSERT INTO Costumer(PersonGovID) VALUES (1111121141);
INSERT INTO Account(CostumerCostumerID, BranchBranchID, Amount, BeginDate, EndDate) VALUES (14, 555, 36827.0, TO_DATE('28-8-2013','DD-MM-YYYY'), NULL);
INSERT INTO CurrentAccount(AccountAccountID, MaximumWithdraw) VALUES (27, 400);
INSERT INTO Deposit(AccountAccountID, DepositDate, Amount) VALUES (27, TO_DATE('28-8-2013','DD-MM-YYYY'),147308);
INSERT INTO Withdraw(CurrentAccountAccountID, WithdrawDate, Amount) VALUES (27, TO_DATE('28-8-2013','DD-MM-YYYY'), 36827.0);
INSERT INTO Account(CostumerCostumerID, BranchBranchID, Amount, BeginDate, EndDate) VALUES (14, 555, 73654.0, TO_DATE('28-8-2013','DD-MM-YYYY'), NULL);
INSERT INTO SavingsAccount(AccountAccountID, InterestRate, DurationYears) VALUES (28, 0.05, 4);
INSERT INTO Transfer(AccountAccountIDFrom, AccountAccountIDTo, TransferDate, Amount) VALUES (27, 28, TO_DATE('28-8-2013','DD-MM-YYYY'), 73654.0);
INSERT INTO Person(GovID,Name, PhoneNumber, Email, Address, Birthday, Nationality) VALUES (1111121142,'Keri eco','900010031', 'Keri_eco15@sapo.pt', 'Albenga, Italy', TO_DATE('28-6-1967','DD-MM-YYYY'), 'Italy');
INSERT INTO Costumer(PersonGovID) VALUES (1111121142);
INSERT INTO Account(CostumerCostumerID, BranchBranchID, Amount, BeginDate, EndDate) VALUES (15, 420, 85003.25, TO_DATE('2-5-2017','DD-MM-YYYY'), NULL);
INSERT INTO CurrentAccount(AccountAccountID, MaximumWithdraw) VALUES (29, 400);
INSERT INTO Deposit(AccountAccountID, DepositDate, Amount) VALUES (29, TO_DATE('2-5-2017','DD-MM-YYYY'),340013);
INSERT INTO Withdraw(CurrentAccountAccountID, WithdrawDate, Amount) VALUES (29, TO_DATE('2-5-2017','DD-MM-YYYY'), 85003.25);
INSERT INTO Account(CostumerCostumerID, BranchBranchID, Amount, BeginDate, EndDate) VALUES (15, 420, 170006.5, TO_DATE('2-5-2017','DD-MM-YYYY'), NULL);
INSERT INTO SavingsAccount(AccountAccountID, InterestRate, DurationYears) VALUES (30, 0.05, 10);
INSERT INTO Transfer(AccountAccountIDFrom, AccountAccountIDTo, TransferDate, Amount) VALUES (29, 30, TO_DATE('2-5-2017','DD-MM-YYYY'), 170006.5);
INSERT INTO Person(GovID,Name, PhoneNumber, Email, Address, Birthday, Nationality) VALUES (1111121143,'Kerman eco','900010032', 'Kerman_eco17@sapo.pt', 'Tongeren, Belgium', TO_DATE('22-8-1997','DD-MM-YYYY'), 'Belgium');
INSERT INTO Costumer(PersonGovID) VALUES (1111121143);
INSERT INTO Account(CostumerCostumerID, BranchBranchID, Amount, BeginDate, EndDate) VALUES (16, 732, 108234.75, TO_DATE('19-1-2017','DD-MM-YYYY'), NULL);
INSERT INTO CurrentAccount(AccountAccountID, MaximumWithdraw) VALUES (31, 400);
INSERT INTO Deposit(AccountAccountID, DepositDate, Amount) VALUES (31, TO_DATE('19-1-2017','DD-MM-YYYY'),432939);
INSERT INTO Withdraw(CurrentAccountAccountID, WithdrawDate, Amount) VALUES (31, TO_DATE('19-1-2017','DD-MM-YYYY'), 108234.75);
INSERT INTO Account(CostumerCostumerID, BranchBranchID, Amount, BeginDate, EndDate) VALUES (16, 732, 216469.5, TO_DATE('19-1-2017','DD-MM-YYYY'), NULL);
INSERT INTO SavingsAccount(AccountAccountID, InterestRate, DurationYears) VALUES (32, 0.05, 4);
INSERT INTO Transfer(AccountAccountIDFrom, AccountAccountIDTo, TransferDate, Amount) VALUES (31, 32, TO_DATE('19-1-2017','DD-MM-YYYY'), 216469.5);
INSERT INTO Person(GovID,Name, PhoneNumber, Email, Address, Birthday, Nationality) VALUES (1111121144,'Kermit eco','900010033', 'Kermit_eco98@sapo.pt', 'Agios Nikolaos, Greece', TO_DATE('27-4-2006','DD-MM-YYYY'), 'Greece');
INSERT INTO Costumer(PersonGovID) VALUES (1111121144);
INSERT INTO Account(CostumerCostumerID, BranchBranchID, Amount, BeginDate, EndDate) VALUES (17, 1121, 116619.5, TO_DATE('6-2-2011','DD-MM-YYYY'), NULL);
INSERT INTO CurrentAccount(AccountAccountID, MaximumWithdraw) VALUES (33, 400);
INSERT INTO Deposit(AccountAccountID, DepositDate, Amount) VALUES (33, TO_DATE('6-2-2011','DD-MM-YYYY'),466478);
INSERT INTO Withdraw(CurrentAccountAccountID, WithdrawDate, Amount) VALUES (33, TO_DATE('6-2-2011','DD-MM-YYYY'), 116619.5);
INSERT INTO Account(CostumerCostumerID, BranchBranchID, Amount, BeginDate, EndDate) VALUES (17, 1121, 233239.0, TO_DATE('6-2-2011','DD-MM-YYYY'), NULL);
INSERT INTO SavingsAccount(AccountAccountID, InterestRate, DurationYears) VALUES (34, 0.05, 6);
INSERT INTO Transfer(AccountAccountIDFrom, AccountAccountIDTo, TransferDate, Amount) VALUES (33, 34, TO_DATE('6-2-2011','DD-MM-YYYY'), 233239.0);
INSERT INTO Person(GovID,Name, PhoneNumber, Email, Address, Birthday, Nationality) VALUES (1111121145,'Kerri eco','900010034', 'Kerri_eco22@sapo.pt', 'Krefeld, Germany', TO_DATE('21-9-1951','DD-MM-YYYY'), 'Germany');
INSERT INTO Costumer(PersonGovID) VALUES (1111121145);
INSERT INTO Account(CostumerCostumerID, BranchBranchID, Amount, BeginDate, EndDate) VALUES (18, 712, 195150.75, TO_DATE('7-8-2008','DD-MM-YYYY'), NULL);
INSERT INTO CurrentAccount(AccountAccountID, MaximumWithdraw) VALUES (35, 400);
INSERT INTO Deposit(AccountAccountID, DepositDate, Amount) VALUES (35, TO_DATE('7-8-2008','DD-MM-YYYY'),780603);
INSERT INTO Withdraw(CurrentAccountAccountID, WithdrawDate, Amount) VALUES (35, TO_DATE('7-8-2008','DD-MM-YYYY'), 195150.75);
INSERT INTO Account(CostumerCostumerID, BranchBranchID, Amount, BeginDate, EndDate) VALUES (18, 712, 390301.5, TO_DATE('7-8-2008','DD-MM-YYYY'), NULL);
INSERT INTO SavingsAccount(AccountAccountID, InterestRate, DurationYears) VALUES (36, 0.05, 10);
INSERT INTO Transfer(AccountAccountIDFrom, AccountAccountIDTo, TransferDate, Amount) VALUES (35, 36, TO_DATE('7-8-2008','DD-MM-YYYY'), 390301.5);
INSERT INTO Person(GovID,Name, PhoneNumber, Email, Address, Birthday, Nationality) VALUES (1111121146,'Kerrie eco','900010035', 'Kerrie_eco64@sapo.pt', 'Sines, Portugal', TO_DATE('4-3-2003','DD-MM-YYYY'), 'Portugal');
INSERT INTO Costumer(PersonGovID) VALUES (1111121146);
INSERT INTO Account(CostumerCostumerID, BranchBranchID, Amount, BeginDate, EndDate) VALUES (19, 322, 130707.75, TO_DATE('28-3-2005','DD-MM-YYYY'), NULL);
INSERT INTO CurrentAccount(AccountAccountID, MaximumWithdraw) VALUES (37, 400);
INSERT INTO Deposit(AccountAccountID, DepositDate, Amount) VALUES (37, TO_DATE('28-3-2005','DD-MM-YYYY'),522831);
INSERT INTO Withdraw(CurrentAccountAccountID, WithdrawDate, Amount) VALUES (37, TO_DATE('28-3-2005','DD-MM-YYYY'), 130707.75);
INSERT INTO Account(CostumerCostumerID, BranchBranchID, Amount, BeginDate, EndDate) VALUES (19, 322, 261415.5, TO_DATE('28-3-2005','DD-MM-YYYY'), NULL);
INSERT INTO SavingsAccount(AccountAccountID, InterestRate, DurationYears) VALUES (38, 0.05, 10);
INSERT INTO Transfer(AccountAccountIDFrom, AccountAccountIDTo, TransferDate, Amount) VALUES (37, 38, TO_DATE('28-3-2005','DD-MM-YYYY'), 261415.5);
INSERT INTO Person(GovID,Name, PhoneNumber, Email, Address, Birthday, Nationality) VALUES (1111121147,'Kerry eco','900010036', 'Kerry_eco9@sapo.pt', 'Hondschoote, France', TO_DATE('15-11-1987','DD-MM-YYYY'), 'France');
INSERT INTO Costumer(PersonGovID) VALUES (1111121147);
INSERT INTO Account(CostumerCostumerID, BranchBranchID, Amount, BeginDate, EndDate) VALUES (20, 129, 240736.0, TO_DATE('9-9-2005','DD-MM-YYYY'), NULL);
INSERT INTO CurrentAccount(AccountAccountID, MaximumWithdraw) VALUES (39, 400);
INSERT INTO Deposit(AccountAccountID, DepositDate, Amount) VALUES (39, TO_DATE('9-9-2005','DD-MM-YYYY'),962944);
INSERT INTO Withdraw(CurrentAccountAccountID, WithdrawDate, Amount) VALUES (39, TO_DATE('9-9-2005','DD-MM-YYYY'), 240736.0);
INSERT INTO Account(CostumerCostumerID, BranchBranchID, Amount, BeginDate, EndDate) VALUES (20, 129, 481472.0, TO_DATE('9-9-2005','DD-MM-YYYY'), NULL);
INSERT INTO SavingsAccount(AccountAccountID, InterestRate, DurationYears) VALUES (40, 0.05, 4);
INSERT INTO Transfer(AccountAccountIDFrom, AccountAccountIDTo, TransferDate, Amount) VALUES (39, 40, TO_DATE('9-9-2005','DD-MM-YYYY'), 481472.0);
INSERT INTO Person(GovID,Name, PhoneNumber, Email, Address, Birthday, Nationality) VALUES (1111121148,'Kerstin eco','900010037', 'Kerstin_eco57@sapo.pt', 'Nivelles, Belgium', TO_DATE('4-6-1971','DD-MM-YYYY'), 'Belgium');
INSERT INTO Costumer(PersonGovID) VALUES (1111121148);
INSERT INTO Account(CostumerCostumerID, BranchBranchID, Amount, BeginDate, EndDate) VALUES (21, 369, 236305.75, TO_DATE('15-8-2016','DD-MM-YYYY'), NULL);
INSERT INTO CurrentAccount(AccountAccountID, MaximumWithdraw) VALUES (41, 400);
INSERT INTO Deposit(AccountAccountID, DepositDate, Amount) VALUES (41, TO_DATE('15-8-2016','DD-MM-YYYY'),945223);
INSERT INTO Withdraw(CurrentAccountAccountID, WithdrawDate, Amount) VALUES (41, TO_DATE('15-8-2016','DD-MM-YYYY'), 236305.75);
INSERT INTO Account(CostumerCostumerID, BranchBranchID, Amount, BeginDate, EndDate) VALUES (21, 369, 472611.5, TO_DATE('15-8-2016','DD-MM-YYYY'), NULL);
INSERT INTO SavingsAccount(AccountAccountID, InterestRate, DurationYears) VALUES (42, 0.05, 6);
INSERT INTO Transfer(AccountAccountIDFrom, AccountAccountIDTo, TransferDate, Amount) VALUES (41, 42, TO_DATE('15-8-2016','DD-MM-YYYY'), 472611.5);
INSERT INTO Person(GovID,Name, PhoneNumber, Email, Address, Birthday, Nationality) VALUES (1111121149,'Kesha eco','900010038', 'Kesha_eco25@sapo.pt', 'Thiva, Greece', TO_DATE('28-1-1961','DD-MM-YYYY'), 'Greece');
INSERT INTO Costumer(PersonGovID) VALUES (1111121149);
INSERT INTO Account(CostumerCostumerID, BranchBranchID, Amount, BeginDate, EndDate) VALUES (22, 563, 27948.75, TO_DATE('17-6-2004','DD-MM-YYYY'), NULL);
INSERT INTO CurrentAccount(AccountAccountID, MaximumWithdraw) VALUES (43, 400);
INSERT INTO Deposit(AccountAccountID, DepositDate, Amount) VALUES (43, TO_DATE('17-6-2004','DD-MM-YYYY'),111795);
INSERT INTO Withdraw(CurrentAccountAccountID, WithdrawDate, Amount) VALUES (43, TO_DATE('17-6-2004','DD-MM-YYYY'), 27948.75);
INSERT INTO Account(CostumerCostumerID, BranchBranchID, Amount, BeginDate, EndDate) VALUES (22, 563, 55897.5, TO_DATE('17-6-2004','DD-MM-YYYY'), NULL);
INSERT INTO SavingsAccount(AccountAccountID, InterestRate, DurationYears) VALUES (44, 0.05, 9);
INSERT INTO Transfer(AccountAccountIDFrom, AccountAccountIDTo, TransferDate, Amount) VALUES (43, 44, TO_DATE('17-6-2004','DD-MM-YYYY'), 55897.5);
INSERT INTO Person(GovID,Name, PhoneNumber, Email, Address, Birthday, Nationality) VALUES (1111121150,'Keshia eco','900010039', 'Keshia_eco28@sapo.pt', 'Arles, France', TO_DATE('7-2-2008','DD-MM-YYYY'), 'France');
INSERT INTO Costumer(PersonGovID) VALUES (1111121150);
INSERT INTO Account(CostumerCostumerID, BranchBranchID, Amount, BeginDate, EndDate) VALUES (23, 890, 129282.25, TO_DATE('15-3-2006','DD-MM-YYYY'), NULL);
INSERT INTO CurrentAccount(AccountAccountID, MaximumWithdraw) VALUES (45, 400);
INSERT INTO Deposit(AccountAccountID, DepositDate, Amount) VALUES (45, TO_DATE('15-3-2006','DD-MM-YYYY'),517129);
INSERT INTO Withdraw(CurrentAccountAccountID, WithdrawDate, Amount) VALUES (45, TO_DATE('15-3-2006','DD-MM-YYYY'), 129282.25);
INSERT INTO Account(CostumerCostumerID, BranchBranchID, Amount, BeginDate, EndDate) VALUES (23, 890, 258564.5, TO_DATE('15-3-2006','DD-MM-YYYY'), NULL);
INSERT INTO SavingsAccount(AccountAccountID, InterestRate, DurationYears) VALUES (46, 0.05, 8);
INSERT INTO Transfer(AccountAccountIDFrom, AccountAccountIDTo, TransferDate, Amount) VALUES (45, 46, TO_DATE('15-3-2006','DD-MM-YYYY'), 258564.5);
INSERT INTO Person(GovID,Name, PhoneNumber, Email, Address, Birthday, Nationality) VALUES (1111121151,'Kesia eco','900010040', 'Kesia_eco92@sapo.pt', 'Coburg, Germany', TO_DATE('12-2-1980','DD-MM-YYYY'), 'Germany');
INSERT INTO Costumer(PersonGovID) VALUES (1111121151);
INSERT INTO Account(CostumerCostumerID, BranchBranchID, Amount, BeginDate, EndDate) VALUES (24, 390, 234466.25, TO_DATE('10-4-2006','DD-MM-YYYY'), NULL);
INSERT INTO CurrentAccount(AccountAccountID, MaximumWithdraw) VALUES (47, 400);
INSERT INTO Deposit(AccountAccountID, DepositDate, Amount) VALUES (47, TO_DATE('10-4-2006','DD-MM-YYYY'),937865);
INSERT INTO Withdraw(CurrentAccountAccountID, WithdrawDate, Amount) VALUES (47, TO_DATE('10-4-2006','DD-MM-YYYY'), 234466.25);
INSERT INTO Account(CostumerCostumerID, BranchBranchID, Amount, BeginDate, EndDate) VALUES (24, 390, 468932.5, TO_DATE('10-4-2006','DD-MM-YYYY'), NULL);
INSERT INTO SavingsAccount(AccountAccountID, InterestRate, DurationYears) VALUES (48, 0.05, 3);
INSERT INTO Transfer(AccountAccountIDFrom, AccountAccountIDTo, TransferDate, Amount) VALUES (47, 48, TO_DATE('10-4-2006','DD-MM-YYYY'), 468932.5);
INSERT INTO Person(GovID,Name, PhoneNumber, Email, Address, Birthday, Nationality) VALUES (1111121152,'Kestutis eco','900010041', 'Kestutis_eco25@sapo.pt', 'Corinth, Greece', TO_DATE('23-2-1995','DD-MM-YYYY'), 'Greece');
INSERT INTO Costumer(PersonGovID) VALUES (1111121152);
INSERT INTO Account(CostumerCostumerID, BranchBranchID, Amount, BeginDate, EndDate) VALUES (25, 401, 30632.75, TO_DATE('13-10-2017','DD-MM-YYYY'), NULL);
INSERT INTO CurrentAccount(AccountAccountID, MaximumWithdraw) VALUES (49, 400);
INSERT INTO Deposit(AccountAccountID, DepositDate, Amount) VALUES (49, TO_DATE('13-10-2017','DD-MM-YYYY'),122531);
INSERT INTO Withdraw(CurrentAccountAccountID, WithdrawDate, Amount) VALUES (49, TO_DATE('13-10-2017','DD-MM-YYYY'), 30632.75);
INSERT INTO Account(CostumerCostumerID, BranchBranchID, Amount, BeginDate, EndDate) VALUES (25, 401, 61265.5, TO_DATE('13-10-2017','DD-MM-YYYY'), NULL);
INSERT INTO SavingsAccount(AccountAccountID, InterestRate, DurationYears) VALUES (50, 0.05, 6);
INSERT INTO Transfer(AccountAccountIDFrom, AccountAccountIDTo, TransferDate, Amount) VALUES (49, 50, TO_DATE('13-10-2017','DD-MM-YYYY'), 61265.5);
INSERT INTO Person(GovID,Name, PhoneNumber, Email, Address, Birthday, Nationality) VALUES (1111121153,'Ketevan eco','900010042', 'Ketevan_eco87@sapo.pt', 'Salamanca, Spain', TO_DATE('26-8-1974','DD-MM-YYYY'), 'Spain');
INSERT INTO Costumer(PersonGovID) VALUES (1111121153);
INSERT INTO Account(CostumerCostumerID, BranchBranchID, Amount, BeginDate, EndDate) VALUES (26, 681, 198769.0, TO_DATE('12-3-2007','DD-MM-YYYY'), NULL);
INSERT INTO CurrentAccount(AccountAccountID, MaximumWithdraw) VALUES (51, 400);
INSERT INTO Deposit(AccountAccountID, DepositDate, Amount) VALUES (51, TO_DATE('12-3-2007','DD-MM-YYYY'),795076);
INSERT INTO Withdraw(CurrentAccountAccountID, WithdrawDate, Amount) VALUES (51, TO_DATE('12-3-2007','DD-MM-YYYY'), 198769.0);
INSERT INTO Account(CostumerCostumerID, BranchBranchID, Amount, BeginDate, EndDate) VALUES (26, 681, 397538.0, TO_DATE('12-3-2007','DD-MM-YYYY'), NULL);
INSERT INTO SavingsAccount(AccountAccountID, InterestRate, DurationYears) VALUES (52, 0.05, 6);
INSERT INTO Transfer(AccountAccountIDFrom, AccountAccountIDTo, TransferDate, Amount) VALUES (51, 52, TO_DATE('12-3-2007','DD-MM-YYYY'), 397538.0);
INSERT INTO Person(GovID,Name, PhoneNumber, Email, Address, Birthday, Nationality) VALUES (1111121154,'Ketty eco','900010043', 'Ketty_eco98@sapo.pt', 'Rosenheim, Germany', TO_DATE('27-6-1961','DD-MM-YYYY'), 'Germany');
INSERT INTO Costumer(PersonGovID) VALUES (1111121154);
INSERT INTO Account(CostumerCostumerID, BranchBranchID, Amount, BeginDate, EndDate) VALUES (27, 514, 209376.0, TO_DATE('17-4-2010','DD-MM-YYYY'), NULL);
INSERT INTO CurrentAccount(AccountAccountID, MaximumWithdraw) VALUES (53, 400);
INSERT INTO Deposit(AccountAccountID, DepositDate, Amount) VALUES (53, TO_DATE('17-4-2010','DD-MM-YYYY'),837504);
INSERT INTO Withdraw(CurrentAccountAccountID, WithdrawDate, Amount) VALUES (53, TO_DATE('17-4-2010','DD-MM-YYYY'), 209376.0);
INSERT INTO Account(CostumerCostumerID, BranchBranchID, Amount, BeginDate, EndDate) VALUES (27, 514, 418752.0, TO_DATE('17-4-2010','DD-MM-YYYY'), NULL);
INSERT INTO SavingsAccount(AccountAccountID, InterestRate, DurationYears) VALUES (54, 0.05, 9);
INSERT INTO Transfer(AccountAccountIDFrom, AccountAccountIDTo, TransferDate, Amount) VALUES (53, 54, TO_DATE('17-4-2010','DD-MM-YYYY'), 418752.0);
INSERT INTO Person(GovID,Name, PhoneNumber, Email, Address, Birthday, Nationality) VALUES (1111121155,'Keturah eco','900010044', 'Keturah_eco69@sapo.pt', 'Zakinthos, Greece', TO_DATE('16-8-2008','DD-MM-YYYY'), 'Greece');
INSERT INTO Costumer(PersonGovID) VALUES (1111121155);
INSERT INTO Account(CostumerCostumerID, BranchBranchID, Amount, BeginDate, EndDate) VALUES (28, 1156, 36632.25, TO_DATE('24-11-2006','DD-MM-YYYY'), NULL);
INSERT INTO CurrentAccount(AccountAccountID, MaximumWithdraw) VALUES (55, 400);
INSERT INTO Deposit(AccountAccountID, DepositDate, Amount) VALUES (55, TO_DATE('24-11-2006','DD-MM-YYYY'),146529);
INSERT INTO Withdraw(CurrentAccountAccountID, WithdrawDate, Amount) VALUES (55, TO_DATE('24-11-2006','DD-MM-YYYY'), 36632.25);
INSERT INTO Account(CostumerCostumerID, BranchBranchID, Amount, BeginDate, EndDate) VALUES (28, 1156, 73264.5, TO_DATE('24-11-2006','DD-MM-YYYY'), NULL);
INSERT INTO SavingsAccount(AccountAccountID, InterestRate, DurationYears) VALUES (56, 0.05, 3);
INSERT INTO Transfer(AccountAccountIDFrom, AccountAccountIDTo, TransferDate, Amount) VALUES (55, 56, TO_DATE('24-11-2006','DD-MM-YYYY'), 73264.5);
INSERT INTO Person(GovID,Name, PhoneNumber, Email, Address, Birthday, Nationality) VALUES (1111121156,'Keva eco','900010045', 'Keva_eco69@sapo.pt', 'Augsburg, Germany', TO_DATE('11-1-1978','DD-MM-YYYY'), 'Germany');
INSERT INTO Costumer(PersonGovID) VALUES (1111121156);
INSERT INTO Account(CostumerCostumerID, BranchBranchID, Amount, BeginDate, EndDate) VALUES (29, 61, 84011.0, TO_DATE('2-3-2012','DD-MM-YYYY'), NULL);
INSERT INTO CurrentAccount(AccountAccountID, MaximumWithdraw) VALUES (57, 400);
INSERT INTO Deposit(AccountAccountID, DepositDate, Amount) VALUES (57, TO_DATE('2-3-2012','DD-MM-YYYY'),336044);
INSERT INTO Withdraw(CurrentAccountAccountID, WithdrawDate, Amount) VALUES (57, TO_DATE('2-3-2012','DD-MM-YYYY'), 84011.0);
INSERT INTO Account(CostumerCostumerID, BranchBranchID, Amount, BeginDate, EndDate) VALUES (29, 61, 168022.0, TO_DATE('2-3-2012','DD-MM-YYYY'), NULL);
INSERT INTO SavingsAccount(AccountAccountID, InterestRate, DurationYears) VALUES (58, 0.05, 3);
INSERT INTO Transfer(AccountAccountIDFrom, AccountAccountIDTo, TransferDate, Amount) VALUES (57, 58, TO_DATE('2-3-2012','DD-MM-YYYY'), 168022.0);
INSERT INTO Person(GovID,Name, PhoneNumber, Email, Address, Birthday, Nationality) VALUES (1111121157,'Keven eco','900010046', 'Keven_eco36@sapo.pt', 'Pirmasens, Germany', TO_DATE('14-8-1980','DD-MM-YYYY'), 'Germany');
INSERT INTO Costumer(PersonGovID) VALUES (1111121157);
INSERT INTO Account(CostumerCostumerID, BranchBranchID, Amount, BeginDate, EndDate) VALUES (30, 364, 127426.5, TO_DATE('15-6-2003','DD-MM-YYYY'), NULL);
INSERT INTO CurrentAccount(AccountAccountID, MaximumWithdraw) VALUES (59, 400);
INSERT INTO Deposit(AccountAccountID, DepositDate, Amount) VALUES (59, TO_DATE('15-6-2003','DD-MM-YYYY'),509706);
INSERT INTO Withdraw(CurrentAccountAccountID, WithdrawDate, Amount) VALUES (59, TO_DATE('15-6-2003','DD-MM-YYYY'), 127426.5);
INSERT INTO Account(CostumerCostumerID, BranchBranchID, Amount, BeginDate, EndDate) VALUES (30, 364, 254853.0, TO_DATE('15-6-2003','DD-MM-YYYY'), NULL);
INSERT INTO SavingsAccount(AccountAccountID, InterestRate, DurationYears) VALUES (60, 0.05, 6);
INSERT INTO Transfer(AccountAccountIDFrom, AccountAccountIDTo, TransferDate, Amount) VALUES (59, 60, TO_DATE('15-6-2003','DD-MM-YYYY'), 254853.0);
INSERT INTO Person(GovID,Name, PhoneNumber, Email, Address, Birthday, Nationality) VALUES (1111121158,'Kevin eco','900010047', 'Kevin_eco38@sapo.pt', 'Gdask, Poland', TO_DATE('11-4-1972','DD-MM-YYYY'), 'Poland');
INSERT INTO Costumer(PersonGovID) VALUES (1111121158);
INSERT INTO Account(CostumerCostumerID, BranchBranchID, Amount, BeginDate, EndDate) VALUES (31, 1119, 158286.5, TO_DATE('28-5-2011','DD-MM-YYYY'), NULL);
INSERT INTO CurrentAccount(AccountAccountID, MaximumWithdraw) VALUES (61, 400);
INSERT INTO Deposit(AccountAccountID, DepositDate, Amount) VALUES (61, TO_DATE('28-5-2011','DD-MM-YYYY'),633146);
INSERT INTO Withdraw(CurrentAccountAccountID, WithdrawDate, Amount) VALUES (61, TO_DATE('28-5-2011','DD-MM-YYYY'), 158286.5);
INSERT INTO Account(CostumerCostumerID, BranchBranchID, Amount, BeginDate, EndDate) VALUES (31, 1119, 316573.0, TO_DATE('28-5-2011','DD-MM-YYYY'), NULL);
INSERT INTO SavingsAccount(AccountAccountID, InterestRate, DurationYears) VALUES (62, 0.05, 10);
INSERT INTO Transfer(AccountAccountIDFrom, AccountAccountIDTo, TransferDate, Amount) VALUES (61, 62, TO_DATE('28-5-2011','DD-MM-YYYY'), 316573.0);
INSERT INTO Person(GovID,Name, PhoneNumber, Email, Address, Birthday, Nationality) VALUES (1111121159,'Kevyn eco','900010048', 'Kevyn_eco3@sapo.pt', 'Imola, Italy', TO_DATE('14-11-2007','DD-MM-YYYY'), 'Italy');
INSERT INTO Costumer(PersonGovID) VALUES (1111121159);
INSERT INTO Account(CostumerCostumerID, BranchBranchID, Amount, BeginDate, EndDate) VALUES (32, 1, 243215.25, TO_DATE('22-2-2008','DD-MM-YYYY'), NULL);
INSERT INTO CurrentAccount(AccountAccountID, MaximumWithdraw) VALUES (63, 400);
INSERT INTO Deposit(AccountAccountID, DepositDate, Amount) VALUES (63, TO_DATE('22-2-2008','DD-MM-YYYY'),972861);
INSERT INTO Withdraw(CurrentAccountAccountID, WithdrawDate, Amount) VALUES (63, TO_DATE('22-2-2008','DD-MM-YYYY'), 243215.25);
INSERT INTO Account(CostumerCostumerID, BranchBranchID, Amount, BeginDate, EndDate) VALUES (32, 1, 486430.5, TO_DATE('22-2-2008','DD-MM-YYYY'), NULL);
INSERT INTO SavingsAccount(AccountAccountID, InterestRate, DurationYears) VALUES (64, 0.05, 8);
INSERT INTO Transfer(AccountAccountIDFrom, AccountAccountIDTo, TransferDate, Amount) VALUES (63, 64, TO_DATE('22-2-2008','DD-MM-YYYY'), 486430.5);
INSERT INTO Person(GovID,Name, PhoneNumber, Email, Address, Birthday, Nationality) VALUES (1111121160,'Kewal eco','900010049', 'Kewal_eco99@sapo.pt', 'Vistabella del Maestrazgo, Spain', TO_DATE('18-1-2006','DD-MM-YYYY'), 'Spain');
INSERT INTO Costumer(PersonGovID) VALUES (1111121160);
INSERT INTO Account(CostumerCostumerID, BranchBranchID, Amount, BeginDate, EndDate) VALUES (33, 939, 176053.75, TO_DATE('8-3-2011','DD-MM-YYYY'), NULL);
INSERT INTO CurrentAccount(AccountAccountID, MaximumWithdraw) VALUES (65, 400);
INSERT INTO Deposit(AccountAccountID, DepositDate, Amount) VALUES (65, TO_DATE('8-3-2011','DD-MM-YYYY'),704215);
INSERT INTO Withdraw(CurrentAccountAccountID, WithdrawDate, Amount) VALUES (65, TO_DATE('8-3-2011','DD-MM-YYYY'), 176053.75);
INSERT INTO Account(CostumerCostumerID, BranchBranchID, Amount, BeginDate, EndDate) VALUES (33, 939, 352107.5, TO_DATE('8-3-2011','DD-MM-YYYY'), NULL);
INSERT INTO SavingsAccount(AccountAccountID, InterestRate, DurationYears) VALUES (66, 0.05, 4);
INSERT INTO Transfer(AccountAccountIDFrom, AccountAccountIDTo, TransferDate, Amount) VALUES (65, 66, TO_DATE('8-3-2011','DD-MM-YYYY'), 352107.5);
INSERT INTO Person(GovID,Name, PhoneNumber, Email, Address, Birthday, Nationality) VALUES (1111121161,'Kewin eco','900010050', 'Kewin_eco25@sapo.pt', 'Grimbergen, Belgium', TO_DATE('27-10-1997','DD-MM-YYYY'), 'Belgium');
INSERT INTO Costumer(PersonGovID) VALUES (1111121161);
INSERT INTO Account(CostumerCostumerID, BranchBranchID, Amount, BeginDate, EndDate) VALUES (34, 88, 67465.75, TO_DATE('13-3-2017','DD-MM-YYYY'), NULL);
INSERT INTO CurrentAccount(AccountAccountID, MaximumWithdraw) VALUES (67, 400);
INSERT INTO Deposit(AccountAccountID, DepositDate, Amount) VALUES (67, TO_DATE('13-3-2017','DD-MM-YYYY'),269863);
INSERT INTO Withdraw(CurrentAccountAccountID, WithdrawDate, Amount) VALUES (67, TO_DATE('13-3-2017','DD-MM-YYYY'), 67465.75);
INSERT INTO Account(CostumerCostumerID, BranchBranchID, Amount, BeginDate, EndDate) VALUES (34, 88, 134931.5, TO_DATE('13-3-2017','DD-MM-YYYY'), NULL);
INSERT INTO SavingsAccount(AccountAccountID, InterestRate, DurationYears) VALUES (68, 0.05, 7);
INSERT INTO Transfer(AccountAccountIDFrom, AccountAccountIDTo, TransferDate, Amount) VALUES (67, 68, TO_DATE('13-3-2017','DD-MM-YYYY'), 134931.5);
INSERT INTO Person(GovID,Name, PhoneNumber, Email, Address, Birthday, Nationality) VALUES (1111121162,'Kexin eco','900010051', 'Kexin_eco87@sapo.pt', 'Teruel, Spain', TO_DATE('23-3-2007','DD-MM-YYYY'), 'Spain');
INSERT INTO Costumer(PersonGovID) VALUES (1111121162);
INSERT INTO Account(CostumerCostumerID, BranchBranchID, Amount, BeginDate, EndDate) VALUES (35, 180, 248195.25, TO_DATE('12-7-2001','DD-MM-YYYY'), NULL);
INSERT INTO CurrentAccount(AccountAccountID, MaximumWithdraw) VALUES (69, 400);
INSERT INTO Deposit(AccountAccountID, DepositDate, Amount) VALUES (69, TO_DATE('12-7-2001','DD-MM-YYYY'),992781);
INSERT INTO Withdraw(CurrentAccountAccountID, WithdrawDate, Amount) VALUES (69, TO_DATE('12-7-2001','DD-MM-YYYY'), 248195.25);
INSERT INTO Account(CostumerCostumerID, BranchBranchID, Amount, BeginDate, EndDate) VALUES (35, 180, 496390.5, TO_DATE('12-7-2001','DD-MM-YYYY'), NULL);
INSERT INTO SavingsAccount(AccountAccountID, InterestRate, DurationYears) VALUES (70, 0.05, 9);
INSERT INTO Transfer(AccountAccountIDFrom, AccountAccountIDTo, TransferDate, Amount) VALUES (69, 70, TO_DATE('12-7-2001','DD-MM-YYYY'), 496390.5);
INSERT INTO Person(GovID,Name, PhoneNumber, Email, Address, Birthday, Nationality) VALUES (1111121163,'Keyla eco','900010052', 'Keyla_eco60@sapo.pt', 'Hohenems, Austria', TO_DATE('12-10-1957','DD-MM-YYYY'), 'Austria');
INSERT INTO Costumer(PersonGovID) VALUES (1111121163);
INSERT INTO Account(CostumerCostumerID, BranchBranchID, Amount, BeginDate, EndDate) VALUES (36, 596, 48141.75, TO_DATE('27-12-2010','DD-MM-YYYY'), NULL);
INSERT INTO CurrentAccount(AccountAccountID, MaximumWithdraw) VALUES (71, 400);
INSERT INTO Deposit(AccountAccountID, DepositDate, Amount) VALUES (71, TO_DATE('27-12-2010','DD-MM-YYYY'),192567);
INSERT INTO Withdraw(CurrentAccountAccountID, WithdrawDate, Amount) VALUES (71, TO_DATE('27-12-2010','DD-MM-YYYY'), 48141.75);
INSERT INTO Account(CostumerCostumerID, BranchBranchID, Amount, BeginDate, EndDate) VALUES (36, 596, 96283.5, TO_DATE('27-12-2010','DD-MM-YYYY'), NULL);
INSERT INTO SavingsAccount(AccountAccountID, InterestRate, DurationYears) VALUES (72, 0.05, 5);
INSERT INTO Transfer(AccountAccountIDFrom, AccountAccountIDTo, TransferDate, Amount) VALUES (71, 72, TO_DATE('27-12-2010','DD-MM-YYYY'), 96283.5);
INSERT INTO Person(GovID,Name, PhoneNumber, Email, Address, Birthday, Nationality) VALUES (1111121164,'Keyra eco','900010053', 'Keyra_eco54@sapo.pt', 'Verbania, Italy', TO_DATE('18-11-2003','DD-MM-YYYY'), 'Italy');
INSERT INTO Costumer(PersonGovID) VALUES (1111121164);
INSERT INTO Account(CostumerCostumerID, BranchBranchID, Amount, BeginDate, EndDate) VALUES (37, 729, 118636.25, TO_DATE('22-5-2003','DD-MM-YYYY'), NULL);
INSERT INTO CurrentAccount(AccountAccountID, MaximumWithdraw) VALUES (73, 400);
INSERT INTO Deposit(AccountAccountID, DepositDate, Amount) VALUES (73, TO_DATE('22-5-2003','DD-MM-YYYY'),474545);
INSERT INTO Withdraw(CurrentAccountAccountID, WithdrawDate, Amount) VALUES (73, TO_DATE('22-5-2003','DD-MM-YYYY'), 118636.25);
INSERT INTO Account(CostumerCostumerID, BranchBranchID, Amount, BeginDate, EndDate) VALUES (37, 729, 237272.5, TO_DATE('22-5-2003','DD-MM-YYYY'), NULL);
INSERT INTO SavingsAccount(AccountAccountID, InterestRate, DurationYears) VALUES (74, 0.05, 3);
INSERT INTO Transfer(AccountAccountIDFrom, AccountAccountIDTo, TransferDate, Amount) VALUES (73, 74, TO_DATE('22-5-2003','DD-MM-YYYY'), 237272.5);
INSERT INTO Person(GovID,Name, PhoneNumber, Email, Address, Birthday, Nationality) VALUES (1111121165,'Khachatur eco','900010054', 'Khachatur_eco52@sapo.pt', 'Parsberg, Germany', TO_DATE('13-4-1959','DD-MM-YYYY'), 'Germany');
INSERT INTO Costumer(PersonGovID) VALUES (1111121165);
INSERT INTO Account(CostumerCostumerID, BranchBranchID, Amount, BeginDate, EndDate) VALUES (38, 1080, 184270.0, TO_DATE('14-11-2004','DD-MM-YYYY'), NULL);
INSERT INTO CurrentAccount(AccountAccountID, MaximumWithdraw) VALUES (75, 400);
INSERT INTO Deposit(AccountAccountID, DepositDate, Amount) VALUES (75, TO_DATE('14-11-2004','DD-MM-YYYY'),737080);
INSERT INTO Withdraw(CurrentAccountAccountID, WithdrawDate, Amount) VALUES (75, TO_DATE('14-11-2004','DD-MM-YYYY'), 184270.0);
INSERT INTO Account(CostumerCostumerID, BranchBranchID, Amount, BeginDate, EndDate) VALUES (38, 1080, 368540.0, TO_DATE('14-11-2004','DD-MM-YYYY'), NULL);
INSERT INTO SavingsAccount(AccountAccountID, InterestRate, DurationYears) VALUES (76, 0.05, 10);
INSERT INTO Transfer(AccountAccountIDFrom, AccountAccountIDTo, TransferDate, Amount) VALUES (75, 76, TO_DATE('14-11-2004','DD-MM-YYYY'), 368540.0);
INSERT INTO Person(GovID,Name, PhoneNumber, Email, Address, Birthday, Nationality) VALUES (1111121166,'Khachik eco','900010055', 'Khachik_eco13@sapo.pt', 'Gluckstadt, Germany', TO_DATE('28-12-1976','DD-MM-YYYY'), 'Germany');
INSERT INTO Costumer(PersonGovID) VALUES (1111121166);
INSERT INTO Account(CostumerCostumerID, BranchBranchID, Amount, BeginDate, EndDate) VALUES (39, 1121, 14803.5, TO_DATE('10-1-2001','DD-MM-YYYY'), NULL);
INSERT INTO CurrentAccount(AccountAccountID, MaximumWithdraw) VALUES (77, 400);
INSERT INTO Deposit(AccountAccountID, DepositDate, Amount) VALUES (77, TO_DATE('10-1-2001','DD-MM-YYYY'),59214);
INSERT INTO Withdraw(CurrentAccountAccountID, WithdrawDate, Amount) VALUES (77, TO_DATE('10-1-2001','DD-MM-YYYY'), 14803.5);
INSERT INTO Account(CostumerCostumerID, BranchBranchID, Amount, BeginDate, EndDate) VALUES (39, 1121, 29607.0, TO_DATE('10-1-2001','DD-MM-YYYY'), NULL);
INSERT INTO SavingsAccount(AccountAccountID, InterestRate, DurationYears) VALUES (78, 0.05, 5);
INSERT INTO Transfer(AccountAccountIDFrom, AccountAccountIDTo, TransferDate, Amount) VALUES (77, 78, TO_DATE('10-1-2001','DD-MM-YYYY'), 29607.0);
INSERT INTO Person(GovID,Name, PhoneNumber, Email, Address, Birthday, Nationality) VALUES (1111121167,'Khaddouj eco','900010056', 'Khaddouj_eco84@sapo.pt', 'Graz, Austria', TO_DATE('21-11-1958','DD-MM-YYYY'), 'Austria');
INSERT INTO Costumer(PersonGovID) VALUES (1111121167);
INSERT INTO Account(CostumerCostumerID, BranchBranchID, Amount, BeginDate, EndDate) VALUES (40, 246, 38768.25, TO_DATE('10-7-2000','DD-MM-YYYY'), NULL);
INSERT INTO CurrentAccount(AccountAccountID, MaximumWithdraw) VALUES (79, 400);
INSERT INTO Deposit(AccountAccountID, DepositDate, Amount) VALUES (79, TO_DATE('10-7-2000','DD-MM-YYYY'),155073);
INSERT INTO Withdraw(CurrentAccountAccountID, WithdrawDate, Amount) VALUES (79, TO_DATE('10-7-2000','DD-MM-YYYY'), 38768.25);
INSERT INTO Account(CostumerCostumerID, BranchBranchID, Amount, BeginDate, EndDate) VALUES (40, 246, 77536.5, TO_DATE('10-7-2000','DD-MM-YYYY'), NULL);
INSERT INTO SavingsAccount(AccountAccountID, InterestRate, DurationYears) VALUES (80, 0.05, 7);
INSERT INTO Transfer(AccountAccountIDFrom, AccountAccountIDTo, TransferDate, Amount) VALUES (79, 80, TO_DATE('10-7-2000','DD-MM-YYYY'), 77536.5);
INSERT INTO Person(GovID,Name, PhoneNumber, Email, Address, Birthday, Nationality) VALUES (1111121168,'Khaddouja eco','900010057', 'Khaddouja_eco62@sapo.pt', 'Eberbach, Germany', TO_DATE('23-10-1999','DD-MM-YYYY'), 'Germany');
INSERT INTO Costumer(PersonGovID) VALUES (1111121168);
INSERT INTO Account(CostumerCostumerID, BranchBranchID, Amount, BeginDate, EndDate) VALUES (41, 747, 75487.75, TO_DATE('23-6-2016','DD-MM-YYYY'), NULL);
INSERT INTO CurrentAccount(AccountAccountID, MaximumWithdraw) VALUES (81, 400);
INSERT INTO Deposit(AccountAccountID, DepositDate, Amount) VALUES (81, TO_DATE('23-6-2016','DD-MM-YYYY'),301951);
INSERT INTO Withdraw(CurrentAccountAccountID, WithdrawDate, Amount) VALUES (81, TO_DATE('23-6-2016','DD-MM-YYYY'), 75487.75);
INSERT INTO Account(CostumerCostumerID, BranchBranchID, Amount, BeginDate, EndDate) VALUES (41, 747, 150975.5, TO_DATE('23-6-2016','DD-MM-YYYY'), NULL);
INSERT INTO SavingsAccount(AccountAccountID, InterestRate, DurationYears) VALUES (82, 0.05, 3);
INSERT INTO Transfer(AccountAccountIDFrom, AccountAccountIDTo, TransferDate, Amount) VALUES (81, 82, TO_DATE('23-6-2016','DD-MM-YYYY'), 150975.5);
INSERT INTO Person(GovID,Name, PhoneNumber, Email, Address, Birthday, Nationality) VALUES (1111121169,'Khadem eco','900010058', 'Khadem_eco59@sapo.pt', 'Caltanissetta, Italy', TO_DATE('8-11-1989','DD-MM-YYYY'), 'Italy');
INSERT INTO Costumer(PersonGovID) VALUES (1111121169);
INSERT INTO Account(CostumerCostumerID, BranchBranchID, Amount, BeginDate, EndDate) VALUES (42, 196, 134973.5, TO_DATE('14-12-2016','DD-MM-YYYY'), NULL);
INSERT INTO CurrentAccount(AccountAccountID, MaximumWithdraw) VALUES (83, 400);
INSERT INTO Deposit(AccountAccountID, DepositDate, Amount) VALUES (83, TO_DATE('14-12-2016','DD-MM-YYYY'),539894);
INSERT INTO Withdraw(CurrentAccountAccountID, WithdrawDate, Amount) VALUES (83, TO_DATE('14-12-2016','DD-MM-YYYY'), 134973.5);
INSERT INTO Account(CostumerCostumerID, BranchBranchID, Amount, BeginDate, EndDate) VALUES (42, 196, 269947.0, TO_DATE('14-12-2016','DD-MM-YYYY'), NULL);
INSERT INTO SavingsAccount(AccountAccountID, InterestRate, DurationYears) VALUES (84, 0.05, 7);
INSERT INTO Transfer(AccountAccountIDFrom, AccountAccountIDTo, TransferDate, Amount) VALUES (83, 84, TO_DATE('14-12-2016','DD-MM-YYYY'), 269947.0);
INSERT INTO Person(GovID,Name, PhoneNumber, Email, Address, Birthday, Nationality) VALUES (1111121170,'Khader eco','900010059', 'Khader_eco21@sapo.pt', 'San Benedetto Del Tronto, Italy', TO_DATE('21-12-2001','DD-MM-YYYY'), 'Italy');
INSERT INTO Costumer(PersonGovID) VALUES (1111121170);
INSERT INTO Account(CostumerCostumerID, BranchBranchID, Amount, BeginDate, EndDate) VALUES (43, 1100, 214544.75, TO_DATE('20-7-2018','DD-MM-YYYY'), NULL);
INSERT INTO CurrentAccount(AccountAccountID, MaximumWithdraw) VALUES (85, 400);
INSERT INTO Deposit(AccountAccountID, DepositDate, Amount) VALUES (85, TO_DATE('20-7-2018','DD-MM-YYYY'),858179);
INSERT INTO Withdraw(CurrentAccountAccountID, WithdrawDate, Amount) VALUES (85, TO_DATE('20-7-2018','DD-MM-YYYY'), 214544.75);
INSERT INTO Account(CostumerCostumerID, BranchBranchID, Amount, BeginDate, EndDate) VALUES (43, 1100, 429089.5, TO_DATE('20-7-2018','DD-MM-YYYY'), NULL);
INSERT INTO SavingsAccount(AccountAccountID, InterestRate, DurationYears) VALUES (86, 0.05, 8);
INSERT INTO Transfer(AccountAccountIDFrom, AccountAccountIDTo, TransferDate, Amount) VALUES (85, 86, TO_DATE('20-7-2018','DD-MM-YYYY'), 429089.5);
INSERT INTO Person(GovID,Name, PhoneNumber, Email, Address, Birthday, Nationality) VALUES (1111121171,'Khadi eco','900010060', 'Khadi_eco65@sapo.pt', 'Faro, Portugal', TO_DATE('21-12-1989','DD-MM-YYYY'), 'Portugal');
INSERT INTO Costumer(PersonGovID) VALUES (1111121171);
INSERT INTO Account(CostumerCostumerID, BranchBranchID, Amount, BeginDate, EndDate) VALUES (44, 721, 110348.25, TO_DATE('16-6-2003','DD-MM-YYYY'), NULL);
INSERT INTO CurrentAccount(AccountAccountID, MaximumWithdraw) VALUES (87, 400);
INSERT INTO Deposit(AccountAccountID, DepositDate, Amount) VALUES (87, TO_DATE('16-6-2003','DD-MM-YYYY'),441393);
INSERT INTO Withdraw(CurrentAccountAccountID, WithdrawDate, Amount) VALUES (87, TO_DATE('16-6-2003','DD-MM-YYYY'), 110348.25);
INSERT INTO Account(CostumerCostumerID, BranchBranchID, Amount, BeginDate, EndDate) VALUES (44, 721, 220696.5, TO_DATE('16-6-2003','DD-MM-YYYY'), NULL);
INSERT INTO SavingsAccount(AccountAccountID, InterestRate, DurationYears) VALUES (88, 0.05, 3);
INSERT INTO Transfer(AccountAccountIDFrom, AccountAccountIDTo, TransferDate, Amount) VALUES (87, 88, TO_DATE('16-6-2003','DD-MM-YYYY'), 220696.5);
INSERT INTO Person(GovID,Name, PhoneNumber, Email, Address, Birthday, Nationality) VALUES (1111121172,'Khadidiatou eco','900010061', 'Khadidiatou_eco4@sapo.pt', 'Leiria, Portugal', TO_DATE('8-5-1998','DD-MM-YYYY'), 'Portugal');
INSERT INTO Costumer(PersonGovID) VALUES (1111121172);
INSERT INTO Account(CostumerCostumerID, BranchBranchID, Amount, BeginDate, EndDate) VALUES (45, 166, 229548.25, TO_DATE('8-7-2013','DD-MM-YYYY'), NULL);
INSERT INTO CurrentAccount(AccountAccountID, MaximumWithdraw) VALUES (89, 400);
INSERT INTO Deposit(AccountAccountID, DepositDate, Amount) VALUES (89, TO_DATE('8-7-2013','DD-MM-YYYY'),918193);
INSERT INTO Withdraw(CurrentAccountAccountID, WithdrawDate, Amount) VALUES (89, TO_DATE('8-7-2013','DD-MM-YYYY'), 229548.25);
INSERT INTO Account(CostumerCostumerID, BranchBranchID, Amount, BeginDate, EndDate) VALUES (45, 166, 459096.5, TO_DATE('8-7-2013','DD-MM-YYYY'), NULL);
INSERT INTO SavingsAccount(AccountAccountID, InterestRate, DurationYears) VALUES (90, 0.05, 8);
INSERT INTO Transfer(AccountAccountIDFrom, AccountAccountIDTo, TransferDate, Amount) VALUES (89, 90, TO_DATE('8-7-2013','DD-MM-YYYY'), 459096.5);
INSERT INTO Person(GovID,Name, PhoneNumber, Email, Address, Birthday, Nationality) VALUES (1111121173,'Khadidja eco','900010062', 'Khadidja_eco20@sapo.pt', 'Willich, Germany', TO_DATE('20-8-1951','DD-MM-YYYY'), 'Germany');
INSERT INTO Costumer(PersonGovID) VALUES (1111121173);
INSERT INTO Account(CostumerCostumerID, BranchBranchID, Amount, BeginDate, EndDate) VALUES (46, 692, 142430.0, TO_DATE('8-5-2006','DD-MM-YYYY'), NULL);
INSERT INTO CurrentAccount(AccountAccountID, MaximumWithdraw) VALUES (91, 400);
INSERT INTO Deposit(AccountAccountID, DepositDate, Amount) VALUES (91, TO_DATE('8-5-2006','DD-MM-YYYY'),569720);
INSERT INTO Withdraw(CurrentAccountAccountID, WithdrawDate, Amount) VALUES (91, TO_DATE('8-5-2006','DD-MM-YYYY'), 142430.0);
INSERT INTO Account(CostumerCostumerID, BranchBranchID, Amount, BeginDate, EndDate) VALUES (46, 692, 284860.0, TO_DATE('8-5-2006','DD-MM-YYYY'), NULL);
INSERT INTO SavingsAccount(AccountAccountID, InterestRate, DurationYears) VALUES (92, 0.05, 10);
INSERT INTO Transfer(AccountAccountIDFrom, AccountAccountIDTo, TransferDate, Amount) VALUES (91, 92, TO_DATE('8-5-2006','DD-MM-YYYY'), 284860.0);
INSERT INTO Person(GovID,Name, PhoneNumber, Email, Address, Birthday, Nationality) VALUES (1111121174,'Khadidjetou eco','900010063', 'Khadidjetou_eco11@sapo.pt', 'Olgiate Olona, Italy', TO_DATE('8-6-1996','DD-MM-YYYY'), 'Italy');
INSERT INTO Costumer(PersonGovID) VALUES (1111121174);
INSERT INTO Account(CostumerCostumerID, BranchBranchID, Amount, BeginDate, EndDate) VALUES (47, 21, 99262.5, TO_DATE('4-1-2004','DD-MM-YYYY'), NULL);
INSERT INTO CurrentAccount(AccountAccountID, MaximumWithdraw) VALUES (93, 400);
INSERT INTO Deposit(AccountAccountID, DepositDate, Amount) VALUES (93, TO_DATE('4-1-2004','DD-MM-YYYY'),397050);
INSERT INTO Withdraw(CurrentAccountAccountID, WithdrawDate, Amount) VALUES (93, TO_DATE('4-1-2004','DD-MM-YYYY'), 99262.5);
INSERT INTO Account(CostumerCostumerID, BranchBranchID, Amount, BeginDate, EndDate) VALUES (47, 21, 198525.0, TO_DATE('4-1-2004','DD-MM-YYYY'), NULL);
INSERT INTO SavingsAccount(AccountAccountID, InterestRate, DurationYears) VALUES (94, 0.05, 4);
INSERT INTO Transfer(AccountAccountIDFrom, AccountAccountIDTo, TransferDate, Amount) VALUES (93, 94, TO_DATE('4-1-2004','DD-MM-YYYY'), 198525.0);
INSERT INTO Person(GovID,Name, PhoneNumber, Email, Address, Birthday, Nationality) VALUES (1111121175,'Khadija eco','900010064', 'Khadija_eco62@sapo.pt', 'Koszalin, Poland', TO_DATE('1-9-1961','DD-MM-YYYY'), 'Poland');
INSERT INTO Costumer(PersonGovID) VALUES (1111121175);
INSERT INTO Account(CostumerCostumerID, BranchBranchID, Amount, BeginDate, EndDate) VALUES (48, 1204, 141417.5, TO_DATE('8-11-2007','DD-MM-YYYY'), NULL);
INSERT INTO CurrentAccount(AccountAccountID, MaximumWithdraw) VALUES (95, 400);
INSERT INTO Deposit(AccountAccountID, DepositDate, Amount) VALUES (95, TO_DATE('8-11-2007','DD-MM-YYYY'),565670);
INSERT INTO Withdraw(CurrentAccountAccountID, WithdrawDate, Amount) VALUES (95, TO_DATE('8-11-2007','DD-MM-YYYY'), 141417.5);
INSERT INTO Account(CostumerCostumerID, BranchBranchID, Amount, BeginDate, EndDate) VALUES (48, 1204, 282835.0, TO_DATE('8-11-2007','DD-MM-YYYY'), NULL);
INSERT INTO SavingsAccount(AccountAccountID, InterestRate, DurationYears) VALUES (96, 0.05, 6);
INSERT INTO Transfer(AccountAccountIDFrom, AccountAccountIDTo, TransferDate, Amount) VALUES (95, 96, TO_DATE('8-11-2007','DD-MM-YYYY'), 282835.0);
INSERT INTO Person(GovID,Name, PhoneNumber, Email, Address, Birthday, Nationality) VALUES (1111121176,'Khadijah eco','900010065', 'Khadijah_eco80@sapo.pt', 'Chania, Greece', TO_DATE('5-6-1992','DD-MM-YYYY'), 'Greece');
INSERT INTO Costumer(PersonGovID) VALUES (1111121176);
INSERT INTO Account(CostumerCostumerID, BranchBranchID, Amount, BeginDate, EndDate) VALUES (49, 852, 244717.25, TO_DATE('21-7-2007','DD-MM-YYYY'), NULL);
INSERT INTO CurrentAccount(AccountAccountID, MaximumWithdraw) VALUES (97, 400);
INSERT INTO Deposit(AccountAccountID, DepositDate, Amount) VALUES (97, TO_DATE('21-7-2007','DD-MM-YYYY'),978869);
INSERT INTO Withdraw(CurrentAccountAccountID, WithdrawDate, Amount) VALUES (97, TO_DATE('21-7-2007','DD-MM-YYYY'), 244717.25);
INSERT INTO Account(CostumerCostumerID, BranchBranchID, Amount, BeginDate, EndDate) VALUES (49, 852, 489434.5, TO_DATE('21-7-2007','DD-MM-YYYY'), NULL);
INSERT INTO SavingsAccount(AccountAccountID, InterestRate, DurationYears) VALUES (98, 0.05, 5);
INSERT INTO Transfer(AccountAccountIDFrom, AccountAccountIDTo, TransferDate, Amount) VALUES (97, 98, TO_DATE('21-7-2007','DD-MM-YYYY'), 489434.5);
INSERT INTO Person(GovID,Name, PhoneNumber, Email, Address, Birthday, Nationality) VALUES (1111121177,'Khadijatou eco','900010066', 'Khadijatou_eco76@sapo.pt', 'Lubno, Poland', TO_DATE('19-8-1963','DD-MM-YYYY'), 'Poland');
INSERT INTO Costumer(PersonGovID) VALUES (1111121177);
INSERT INTO Account(CostumerCostumerID, BranchBranchID, Amount, BeginDate, EndDate) VALUES (50, 1089, 159073.5, TO_DATE('10-5-2004','DD-MM-YYYY'), NULL);
INSERT INTO CurrentAccount(AccountAccountID, MaximumWithdraw) VALUES (99, 400);
INSERT INTO Deposit(AccountAccountID, DepositDate, Amount) VALUES (99, TO_DATE('10-5-2004','DD-MM-YYYY'),636294);
INSERT INTO Withdraw(CurrentAccountAccountID, WithdrawDate, Amount) VALUES (99, TO_DATE('10-5-2004','DD-MM-YYYY'), 159073.5);
INSERT INTO Account(CostumerCostumerID, BranchBranchID, Amount, BeginDate, EndDate) VALUES (50, 1089, 318147.0, TO_DATE('10-5-2004','DD-MM-YYYY'), NULL);
INSERT INTO SavingsAccount(AccountAccountID, InterestRate, DurationYears) VALUES (100, 0.05, 6);
INSERT INTO Transfer(AccountAccountIDFrom, AccountAccountIDTo, TransferDate, Amount) VALUES (99, 100, TO_DATE('10-5-2004','DD-MM-YYYY'), 318147.0);
INSERT INTO Person(GovID,Name, PhoneNumber, Email, Address, Birthday, Nationality) VALUES (1111121178,'Khadijetou eco','900010067', 'Khadijetou_eco79@sapo.pt', 'Cervinia, Italy', TO_DATE('25-6-1977','DD-MM-YYYY'), 'Italy');
INSERT INTO Costumer(PersonGovID) VALUES (1111121178);
INSERT INTO Account(CostumerCostumerID, BranchBranchID, Amount, BeginDate, EndDate) VALUES (51, 46, 93735.75, TO_DATE('2-10-2011','DD-MM-YYYY'), NULL);
INSERT INTO CurrentAccount(AccountAccountID, MaximumWithdraw) VALUES (101, 400);
INSERT INTO Deposit(AccountAccountID, DepositDate, Amount) VALUES (101, TO_DATE('2-10-2011','DD-MM-YYYY'),374943);
INSERT INTO Withdraw(CurrentAccountAccountID, WithdrawDate, Amount) VALUES (101, TO_DATE('2-10-2011','DD-MM-YYYY'), 93735.75);
INSERT INTO Account(CostumerCostumerID, BranchBranchID, Amount, BeginDate, EndDate) VALUES (51, 46, 187471.5, TO_DATE('2-10-2011','DD-MM-YYYY'), NULL);
INSERT INTO SavingsAccount(AccountAccountID, InterestRate, DurationYears) VALUES (102, 0.05, 4);
INSERT INTO Transfer(AccountAccountIDFrom, AccountAccountIDTo, TransferDate, Amount) VALUES (101, 102, TO_DATE('2-10-2011','DD-MM-YYYY'), 187471.5);
INSERT INTO Person(GovID,Name, PhoneNumber, Email, Address, Birthday, Nationality) VALUES (1111121179,'Khadim eco','900010068', 'Khadim_eco68@sapo.pt', 'Szombathely, Hungary', TO_DATE('9-7-1979','DD-MM-YYYY'), 'Hungary');
INSERT INTO Costumer(PersonGovID) VALUES (1111121179);
INSERT INTO Account(CostumerCostumerID, BranchBranchID, Amount, BeginDate, EndDate) VALUES (52, 1065, 30752.0, TO_DATE('2-5-2002','DD-MM-YYYY'), NULL);
INSERT INTO CurrentAccount(AccountAccountID, MaximumWithdraw) VALUES (103, 400);
INSERT INTO Deposit(AccountAccountID, DepositDate, Amount) VALUES (103, TO_DATE('2-5-2002','DD-MM-YYYY'),123008);
INSERT INTO Withdraw(CurrentAccountAccountID, WithdrawDate, Amount) VALUES (103, TO_DATE('2-5-2002','DD-MM-YYYY'), 30752.0);
INSERT INTO Account(CostumerCostumerID, BranchBranchID, Amount, BeginDate, EndDate) VALUES (52, 1065, 61504.0, TO_DATE('2-5-2002','DD-MM-YYYY'), NULL);
INSERT INTO SavingsAccount(AccountAccountID, InterestRate, DurationYears) VALUES (104, 0.05, 7);
INSERT INTO Transfer(AccountAccountIDFrom, AccountAccountIDTo, TransferDate, Amount) VALUES (103, 104, TO_DATE('2-5-2002','DD-MM-YYYY'), 61504.0);
INSERT INTO Person(GovID,Name, PhoneNumber, Email, Address, Birthday, Nationality) VALUES (1111121180,'Khadime eco','900010069', 'Khadime_eco33@sapo.pt', 'Torino, Italy', TO_DATE('23-8-1988','DD-MM-YYYY'), 'Italy');
INSERT INTO Costumer(PersonGovID) VALUES (1111121180);
INSERT INTO Account(CostumerCostumerID, BranchBranchID, Amount, BeginDate, EndDate) VALUES (53, 485, 158958.0, TO_DATE('3-1-2000','DD-MM-YYYY'), NULL);
INSERT INTO CurrentAccount(AccountAccountID, MaximumWithdraw) VALUES (105, 400);
INSERT INTO Deposit(AccountAccountID, DepositDate, Amount) VALUES (105, TO_DATE('3-1-2000','DD-MM-YYYY'),635832);
INSERT INTO Withdraw(CurrentAccountAccountID, WithdrawDate, Amount) VALUES (105, TO_DATE('3-1-2000','DD-MM-YYYY'), 158958.0);
INSERT INTO Account(CostumerCostumerID, BranchBranchID, Amount, BeginDate, EndDate) VALUES (53, 485, 317916.0, TO_DATE('3-1-2000','DD-MM-YYYY'), NULL);
INSERT INTO SavingsAccount(AccountAccountID, InterestRate, DurationYears) VALUES (106, 0.05, 9);
INSERT INTO Transfer(AccountAccountIDFrom, AccountAccountIDTo, TransferDate, Amount) VALUES (105, 106, TO_DATE('3-1-2000','DD-MM-YYYY'), 317916.0);
INSERT INTO Person(GovID,Name, PhoneNumber, Email, Address, Birthday, Nationality) VALUES (1111121181,'Khadir eco','900010070', 'Khadir_eco10@sapo.pt', 'Bad Vslau, Austria', TO_DATE('17-12-1974','DD-MM-YYYY'), 'Austria');
INSERT INTO Costumer(PersonGovID) VALUES (1111121181);
INSERT INTO Account(CostumerCostumerID, BranchBranchID, Amount, BeginDate, EndDate) VALUES (54, 1051, 246197.0, TO_DATE('18-6-2017','DD-MM-YYYY'), NULL);
INSERT INTO CurrentAccount(AccountAccountID, MaximumWithdraw) VALUES (107, 400);
INSERT INTO Deposit(AccountAccountID, DepositDate, Amount) VALUES (107, TO_DATE('18-6-2017','DD-MM-YYYY'),984788);
INSERT INTO Withdraw(CurrentAccountAccountID, WithdrawDate, Amount) VALUES (107, TO_DATE('18-6-2017','DD-MM-YYYY'), 246197.0);
INSERT INTO Account(CostumerCostumerID, BranchBranchID, Amount, BeginDate, EndDate) VALUES (54, 1051, 492394.0, TO_DATE('18-6-2017','DD-MM-YYYY'), NULL);
INSERT INTO SavingsAccount(AccountAccountID, InterestRate, DurationYears) VALUES (108, 0.05, 7);
INSERT INTO Transfer(AccountAccountIDFrom, AccountAccountIDTo, TransferDate, Amount) VALUES (107, 108, TO_DATE('18-6-2017','DD-MM-YYYY'), 492394.0);
INSERT INTO Person(GovID,Name, PhoneNumber, Email, Address, Birthday, Nationality) VALUES (1111121182,'Khadiya eco','900010071', 'Khadiya_eco17@sapo.pt', 'Vibo Valentia, Italy', TO_DATE('4-12-1985','DD-MM-YYYY'), 'Italy');
INSERT INTO Costumer(PersonGovID) VALUES (1111121182);
INSERT INTO Account(CostumerCostumerID, BranchBranchID, Amount, BeginDate, EndDate) VALUES (55, 113, 199887.25, TO_DATE('8-2-2000','DD-MM-YYYY'), NULL);
INSERT INTO CurrentAccount(AccountAccountID, MaximumWithdraw) VALUES (109, 400);
INSERT INTO Deposit(AccountAccountID, DepositDate, Amount) VALUES (109, TO_DATE('8-2-2000','DD-MM-YYYY'),799549);
INSERT INTO Withdraw(CurrentAccountAccountID, WithdrawDate, Amount) VALUES (109, TO_DATE('8-2-2000','DD-MM-YYYY'), 199887.25);
INSERT INTO Account(CostumerCostumerID, BranchBranchID, Amount, BeginDate, EndDate) VALUES (55, 113, 399774.5, TO_DATE('8-2-2000','DD-MM-YYYY'), NULL);
INSERT INTO SavingsAccount(AccountAccountID, InterestRate, DurationYears) VALUES (110, 0.05, 10);
INSERT INTO Transfer(AccountAccountIDFrom, AccountAccountIDTo, TransferDate, Amount) VALUES (109, 110, TO_DATE('8-2-2000','DD-MM-YYYY'), 399774.5);
INSERT INTO Person(GovID,Name, PhoneNumber, Email, Address, Birthday, Nationality) VALUES (1111121183,'Khadjou eco','900010072', 'Khadjou_eco88@sapo.pt', 'Badajoz, Spain', TO_DATE('4-12-1987','DD-MM-YYYY'), 'Spain');
INSERT INTO Costumer(PersonGovID) VALUES (1111121183);
INSERT INTO Account(CostumerCostumerID, BranchBranchID, Amount, BeginDate, EndDate) VALUES (56, 1009, 121334.0, TO_DATE('22-3-2007','DD-MM-YYYY'), NULL);
INSERT INTO CurrentAccount(AccountAccountID, MaximumWithdraw) VALUES (111, 400);
INSERT INTO Deposit(AccountAccountID, DepositDate, Amount) VALUES (111, TO_DATE('22-3-2007','DD-MM-YYYY'),485336);
INSERT INTO Withdraw(CurrentAccountAccountID, WithdrawDate, Amount) VALUES (111, TO_DATE('22-3-2007','DD-MM-YYYY'), 121334.0);
INSERT INTO Account(CostumerCostumerID, BranchBranchID, Amount, BeginDate, EndDate) VALUES (56, 1009, 242668.0, TO_DATE('22-3-2007','DD-MM-YYYY'), NULL);
INSERT INTO SavingsAccount(AccountAccountID, InterestRate, DurationYears) VALUES (112, 0.05, 10);
INSERT INTO Transfer(AccountAccountIDFrom, AccountAccountIDTo, TransferDate, Amount) VALUES (111, 112, TO_DATE('22-3-2007','DD-MM-YYYY'), 242668.0);
INSERT INTO Person(GovID,Name, PhoneNumber, Email, Address, Birthday, Nationality) VALUES (1111121184,'Khadouj eco','900010073', 'Khadouj_eco38@sapo.pt', 'Sabadell, Spain', TO_DATE('24-9-1992','DD-MM-YYYY'), 'Spain');
INSERT INTO Costumer(PersonGovID) VALUES (1111121184);
INSERT INTO Account(CostumerCostumerID, BranchBranchID, Amount, BeginDate, EndDate) VALUES (57, 681, 166403.75, TO_DATE('3-9-2000','DD-MM-YYYY'), NULL);
INSERT INTO CurrentAccount(AccountAccountID, MaximumWithdraw) VALUES (113, 400);
INSERT INTO Deposit(AccountAccountID, DepositDate, Amount) VALUES (113, TO_DATE('3-9-2000','DD-MM-YYYY'),665615);
INSERT INTO Withdraw(CurrentAccountAccountID, WithdrawDate, Amount) VALUES (113, TO_DATE('3-9-2000','DD-MM-YYYY'), 166403.75);
INSERT INTO Account(CostumerCostumerID, BranchBranchID, Amount, BeginDate, EndDate) VALUES (57, 681, 332807.5, TO_DATE('3-9-2000','DD-MM-YYYY'), NULL);
INSERT INTO SavingsAccount(AccountAccountID, InterestRate, DurationYears) VALUES (114, 0.05, 6);
INSERT INTO Transfer(AccountAccountIDFrom, AccountAccountIDTo, TransferDate, Amount) VALUES (113, 114, TO_DATE('3-9-2000','DD-MM-YYYY'), 332807.5);
INSERT INTO Person(GovID,Name, PhoneNumber, Email, Address, Birthday, Nationality) VALUES (1111121185,'Khadouja eco','900010074', 'Khadouja_eco64@sapo.pt', 'Glogow, Poland', TO_DATE('16-2-1971','DD-MM-YYYY'), 'Poland');
INSERT INTO Costumer(PersonGovID) VALUES (1111121185);
INSERT INTO Account(CostumerCostumerID, BranchBranchID, Amount, BeginDate, EndDate) VALUES (58, 633, 171169.5, TO_DATE('19-7-2008','DD-MM-YYYY'), NULL);
INSERT INTO CurrentAccount(AccountAccountID, MaximumWithdraw) VALUES (115, 400);
INSERT INTO Deposit(AccountAccountID, DepositDate, Amount) VALUES (115, TO_DATE('19-7-2008','DD-MM-YYYY'),684678);
INSERT INTO Withdraw(CurrentAccountAccountID, WithdrawDate, Amount) VALUES (115, TO_DATE('19-7-2008','DD-MM-YYYY'), 171169.5);
INSERT INTO Account(CostumerCostumerID, BranchBranchID, Amount, BeginDate, EndDate) VALUES (58, 633, 342339.0, TO_DATE('19-7-2008','DD-MM-YYYY'), NULL);
INSERT INTO SavingsAccount(AccountAccountID, InterestRate, DurationYears) VALUES (116, 0.05, 3);
INSERT INTO Transfer(AccountAccountIDFrom, AccountAccountIDTo, TransferDate, Amount) VALUES (115, 116, TO_DATE('19-7-2008','DD-MM-YYYY'), 342339.0);
INSERT INTO Person(GovID,Name, PhoneNumber, Email, Address, Birthday, Nationality) VALUES (1111121186,'Khadra eco','900010075', 'Khadra_eco43@sapo.pt', 'Iasi, Romania', TO_DATE('4-11-2003','DD-MM-YYYY'), 'Romania');
INSERT INTO Costumer(PersonGovID) VALUES (1111121186);
INSERT INTO Account(CostumerCostumerID, BranchBranchID, Amount, BeginDate, EndDate) VALUES (59, 109, 46201.0, TO_DATE('9-12-2006','DD-MM-YYYY'), NULL);
INSERT INTO CurrentAccount(AccountAccountID, MaximumWithdraw) VALUES (117, 400);
INSERT INTO Deposit(AccountAccountID, DepositDate, Amount) VALUES (117, TO_DATE('9-12-2006','DD-MM-YYYY'),184804);
INSERT INTO Withdraw(CurrentAccountAccountID, WithdrawDate, Amount) VALUES (117, TO_DATE('9-12-2006','DD-MM-YYYY'), 46201.0);
INSERT INTO Account(CostumerCostumerID, BranchBranchID, Amount, BeginDate, EndDate) VALUES (59, 109, 92402.0, TO_DATE('9-12-2006','DD-MM-YYYY'), NULL);
INSERT INTO SavingsAccount(AccountAccountID, InterestRate, DurationYears) VALUES (118, 0.05, 8);
INSERT INTO Transfer(AccountAccountIDFrom, AccountAccountIDTo, TransferDate, Amount) VALUES (117, 118, TO_DATE('9-12-2006','DD-MM-YYYY'), 92402.0);
INSERT INTO Person(GovID,Name, PhoneNumber, Email, Address, Birthday, Nationality) VALUES (1111121187,'Khadre eco','900010076', 'Khadre_eco66@sapo.pt', 'Hannover, Germany', TO_DATE('23-5-1964','DD-MM-YYYY'), 'Germany');
INSERT INTO Costumer(PersonGovID) VALUES (1111121187);
INSERT INTO Account(CostumerCostumerID, BranchBranchID, Amount, BeginDate, EndDate) VALUES (60, 624, 25610.5, TO_DATE('14-12-2011','DD-MM-YYYY'), NULL);
INSERT INTO CurrentAccount(AccountAccountID, MaximumWithdraw) VALUES (119, 400);
INSERT INTO Deposit(AccountAccountID, DepositDate, Amount) VALUES (119, TO_DATE('14-12-2011','DD-MM-YYYY'),102442);
INSERT INTO Withdraw(CurrentAccountAccountID, WithdrawDate, Amount) VALUES (119, TO_DATE('14-12-2011','DD-MM-YYYY'), 25610.5);
INSERT INTO Account(CostumerCostumerID, BranchBranchID, Amount, BeginDate, EndDate) VALUES (60, 624, 51221.0, TO_DATE('14-12-2011','DD-MM-YYYY'), NULL);
INSERT INTO SavingsAccount(AccountAccountID, InterestRate, DurationYears) VALUES (120, 0.05, 7);
INSERT INTO Transfer(AccountAccountIDFrom, AccountAccountIDTo, TransferDate, Amount) VALUES (119, 120, TO_DATE('14-12-2011','DD-MM-YYYY'), 51221.0);
INSERT INTO Person(GovID,Name, PhoneNumber, Email, Address, Birthday, Nationality) VALUES (1111121188,'Khady eco','900010077', 'Khady_eco61@sapo.pt', 'Malines, Belgium', TO_DATE('3-4-1965','DD-MM-YYYY'), 'Belgium');
INSERT INTO Costumer(PersonGovID) VALUES (1111121188);
INSERT INTO Account(CostumerCostumerID, BranchBranchID, Amount, BeginDate, EndDate) VALUES (61, 466, 82477.75, TO_DATE('8-10-2018','DD-MM-YYYY'), NULL);
INSERT INTO CurrentAccount(AccountAccountID, MaximumWithdraw) VALUES (121, 400);
INSERT INTO Deposit(AccountAccountID, DepositDate, Amount) VALUES (121, TO_DATE('8-10-2018','DD-MM-YYYY'),329911);
INSERT INTO Withdraw(CurrentAccountAccountID, WithdrawDate, Amount) VALUES (121, TO_DATE('8-10-2018','DD-MM-YYYY'), 82477.75);
INSERT INTO Account(CostumerCostumerID, BranchBranchID, Amount, BeginDate, EndDate) VALUES (61, 466, 164955.5, TO_DATE('8-10-2018','DD-MM-YYYY'), NULL);
INSERT INTO SavingsAccount(AccountAccountID, InterestRate, DurationYears) VALUES (122, 0.05, 10);
INSERT INTO Transfer(AccountAccountIDFrom, AccountAccountIDTo, TransferDate, Amount) VALUES (121, 122, TO_DATE('8-10-2018','DD-MM-YYYY'), 164955.5);
INSERT INTO Person(GovID,Name, PhoneNumber, Email, Address, Birthday, Nationality) VALUES (1111121189,'Khadyja eco','900010078', 'Khadyja_eco9@sapo.pt', 'San Pedro del Pinatar, Spain', TO_DATE('19-8-1982','DD-MM-YYYY'), 'Spain');
INSERT INTO Costumer(PersonGovID) VALUES (1111121189);
INSERT INTO Account(CostumerCostumerID, BranchBranchID, Amount, BeginDate, EndDate) VALUES (62, 926, 199054.0, TO_DATE('11-10-2012','DD-MM-YYYY'), NULL);
INSERT INTO CurrentAccount(AccountAccountID, MaximumWithdraw) VALUES (123, 400);
INSERT INTO Deposit(AccountAccountID, DepositDate, Amount) VALUES (123, TO_DATE('11-10-2012','DD-MM-YYYY'),796216);
INSERT INTO Withdraw(CurrentAccountAccountID, WithdrawDate, Amount) VALUES (123, TO_DATE('11-10-2012','DD-MM-YYYY'), 199054.0);
INSERT INTO Account(CostumerCostumerID, BranchBranchID, Amount, BeginDate, EndDate) VALUES (62, 926, 398108.0, TO_DATE('11-10-2012','DD-MM-YYYY'), NULL);
INSERT INTO SavingsAccount(AccountAccountID, InterestRate, DurationYears) VALUES (124, 0.05, 4);
INSERT INTO Transfer(AccountAccountIDFrom, AccountAccountIDTo, TransferDate, Amount) VALUES (123, 124, TO_DATE('11-10-2012','DD-MM-YYYY'), 398108.0);
INSERT INTO Person(GovID,Name, PhoneNumber, Email, Address, Birthday, Nationality) VALUES (1111121190,'Khaira eco','900010079', 'Khaira_eco13@sapo.pt', 'Orange, France', TO_DATE('24-9-1976','DD-MM-YYYY'), 'France');
INSERT INTO Costumer(PersonGovID) VALUES (1111121190);
INSERT INTO Account(CostumerCostumerID, BranchBranchID, Amount, BeginDate, EndDate) VALUES (63, 750, 232478.0, TO_DATE('4-9-2011','DD-MM-YYYY'), NULL);
INSERT INTO CurrentAccount(AccountAccountID, MaximumWithdraw) VALUES (125, 400);
INSERT INTO Deposit(AccountAccountID, DepositDate, Amount) VALUES (125, TO_DATE('4-9-2011','DD-MM-YYYY'),929912);
INSERT INTO Withdraw(CurrentAccountAccountID, WithdrawDate, Amount) VALUES (125, TO_DATE('4-9-2011','DD-MM-YYYY'), 232478.0);
INSERT INTO Account(CostumerCostumerID, BranchBranchID, Amount, BeginDate, EndDate) VALUES (63, 750, 464956.0, TO_DATE('4-9-2011','DD-MM-YYYY'), NULL);
INSERT INTO SavingsAccount(AccountAccountID, InterestRate, DurationYears) VALUES (126, 0.05, 6);
INSERT INTO Transfer(AccountAccountIDFrom, AccountAccountIDTo, TransferDate, Amount) VALUES (125, 126, TO_DATE('4-9-2011','DD-MM-YYYY'), 464956.0);
INSERT INTO Person(GovID,Name, PhoneNumber, Email, Address, Birthday, Nationality) VALUES (1111121191,'Khaldia eco','900010080', 'Khaldia_eco39@sapo.pt', 'Puerto de la Cruz, Spain', TO_DATE('6-7-1963','DD-MM-YYYY'), 'Spain');
INSERT INTO Costumer(PersonGovID) VALUES (1111121191);
INSERT INTO Account(CostumerCostumerID, BranchBranchID, Amount, BeginDate, EndDate) VALUES (64, 508, 56765.0, TO_DATE('3-7-2018','DD-MM-YYYY'), NULL);
INSERT INTO CurrentAccount(AccountAccountID, MaximumWithdraw) VALUES (127, 400);
INSERT INTO Deposit(AccountAccountID, DepositDate, Amount) VALUES (127, TO_DATE('3-7-2018','DD-MM-YYYY'),227060);
INSERT INTO Withdraw(CurrentAccountAccountID, WithdrawDate, Amount) VALUES (127, TO_DATE('3-7-2018','DD-MM-YYYY'), 56765.0);
INSERT INTO Account(CostumerCostumerID, BranchBranchID, Amount, BeginDate, EndDate) VALUES (64, 508, 113530.0, TO_DATE('3-7-2018','DD-MM-YYYY'), NULL);
INSERT INTO SavingsAccount(AccountAccountID, InterestRate, DurationYears) VALUES (128, 0.05, 6);
INSERT INTO Transfer(AccountAccountIDFrom, AccountAccountIDTo, TransferDate, Amount) VALUES (127, 128, TO_DATE('3-7-2018','DD-MM-YYYY'), 113530.0);
INSERT INTO Person(GovID,Name, PhoneNumber, Email, Address, Birthday, Nationality) VALUES (1111121192,'Khaled eco','900010081', 'Khaled_eco92@sapo.pt', 'Sint-Margriete-Houtem, Belgium', TO_DATE('23-1-1957','DD-MM-YYYY'), 'Belgium');
INSERT INTO Costumer(PersonGovID) VALUES (1111121192);
INSERT INTO Account(CostumerCostumerID, BranchBranchID, Amount, BeginDate, EndDate) VALUES (65, 545, 119075.75, TO_DATE('27-7-2009','DD-MM-YYYY'), NULL);
INSERT INTO CurrentAccount(AccountAccountID, MaximumWithdraw) VALUES (129, 400);
INSERT INTO Deposit(AccountAccountID, DepositDate, Amount) VALUES (129, TO_DATE('27-7-2009','DD-MM-YYYY'),476303);
INSERT INTO Withdraw(CurrentAccountAccountID, WithdrawDate, Amount) VALUES (129, TO_DATE('27-7-2009','DD-MM-YYYY'), 119075.75);
INSERT INTO Account(CostumerCostumerID, BranchBranchID, Amount, BeginDate, EndDate) VALUES (65, 545, 238151.5, TO_DATE('27-7-2009','DD-MM-YYYY'), NULL);
INSERT INTO SavingsAccount(AccountAccountID, InterestRate, DurationYears) VALUES (130, 0.05, 8);
INSERT INTO Transfer(AccountAccountIDFrom, AccountAccountIDTo, TransferDate, Amount) VALUES (129, 130, TO_DATE('27-7-2009','DD-MM-YYYY'), 238151.5);
INSERT INTO Person(GovID,Name, PhoneNumber, Email, Address, Birthday, Nationality) VALUES (1111121193,'Khalid eco','900010082', 'Khalid_eco19@sapo.pt', 'Bad Zwischenahn, Germany', TO_DATE('18-8-1986','DD-MM-YYYY'), 'Germany');
INSERT INTO Costumer(PersonGovID) VALUES (1111121193);
INSERT INTO Account(CostumerCostumerID, BranchBranchID, Amount, BeginDate, EndDate) VALUES (66, 644, 54659.5, TO_DATE('23-4-2004','DD-MM-YYYY'), NULL);
INSERT INTO CurrentAccount(AccountAccountID, MaximumWithdraw) VALUES (131, 400);
INSERT INTO Deposit(AccountAccountID, DepositDate, Amount) VALUES (131, TO_DATE('23-4-2004','DD-MM-YYYY'),218638);
INSERT INTO Withdraw(CurrentAccountAccountID, WithdrawDate, Amount) VALUES (131, TO_DATE('23-4-2004','DD-MM-YYYY'), 54659.5);
INSERT INTO Account(CostumerCostumerID, BranchBranchID, Amount, BeginDate, EndDate) VALUES (66, 644, 109319.0, TO_DATE('23-4-2004','DD-MM-YYYY'), NULL);
INSERT INTO SavingsAccount(AccountAccountID, InterestRate, DurationYears) VALUES (132, 0.05, 6);
INSERT INTO Transfer(AccountAccountIDFrom, AccountAccountIDTo, TransferDate, Amount) VALUES (131, 132, TO_DATE('23-4-2004','DD-MM-YYYY'), 109319.0);
INSERT INTO Person(GovID,Name, PhoneNumber, Email, Address, Birthday, Nationality) VALUES (1111121194,'Khalida eco','900010083', 'Khalida_eco6@sapo.pt', 'Lutherstadt Wittenberg, Germany', TO_DATE('9-2-1951','DD-MM-YYYY'), 'Germany');
INSERT INTO Costumer(PersonGovID) VALUES (1111121194);
INSERT INTO Account(CostumerCostumerID, BranchBranchID, Amount, BeginDate, EndDate) VALUES (67, 609, 137889.75, TO_DATE('25-2-2004','DD-MM-YYYY'), NULL);
INSERT INTO CurrentAccount(AccountAccountID, MaximumWithdraw) VALUES (133, 400);
INSERT INTO Deposit(AccountAccountID, DepositDate, Amount) VALUES (133, TO_DATE('25-2-2004','DD-MM-YYYY'),551559);
INSERT INTO Withdraw(CurrentAccountAccountID, WithdrawDate, Amount) VALUES (133, TO_DATE('25-2-2004','DD-MM-YYYY'), 137889.75);
INSERT INTO Account(CostumerCostumerID, BranchBranchID, Amount, BeginDate, EndDate) VALUES (67, 609, 275779.5, TO_DATE('25-2-2004','DD-MM-YYYY'), NULL);
INSERT INTO SavingsAccount(AccountAccountID, InterestRate, DurationYears) VALUES (134, 0.05, 5);
INSERT INTO Transfer(AccountAccountIDFrom, AccountAccountIDTo, TransferDate, Amount) VALUES (133, 134, TO_DATE('25-2-2004','DD-MM-YYYY'), 275779.5);
INSERT INTO Person(GovID,Name, PhoneNumber, Email, Address, Birthday, Nationality) VALUES (1111121195,'Khalifa eco','900010084', 'Khalifa_eco0@sapo.pt', 'Gttingen, Germany', TO_DATE('2-1-2007','DD-MM-YYYY'), 'Germany');
INSERT INTO Costumer(PersonGovID) VALUES (1111121195);
INSERT INTO Account(CostumerCostumerID, BranchBranchID, Amount, BeginDate, EndDate) VALUES (68, 246, 166204.25, TO_DATE('24-6-2002','DD-MM-YYYY'), NULL);
INSERT INTO CurrentAccount(AccountAccountID, MaximumWithdraw) VALUES (135, 400);
INSERT INTO Deposit(AccountAccountID, DepositDate, Amount) VALUES (135, TO_DATE('24-6-2002','DD-MM-YYYY'),664817);
INSERT INTO Withdraw(CurrentAccountAccountID, WithdrawDate, Amount) VALUES (135, TO_DATE('24-6-2002','DD-MM-YYYY'), 166204.25);
INSERT INTO Account(CostumerCostumerID, BranchBranchID, Amount, BeginDate, EndDate) VALUES (68, 246, 332408.5, TO_DATE('24-6-2002','DD-MM-YYYY'), NULL);
INSERT INTO SavingsAccount(AccountAccountID, InterestRate, DurationYears) VALUES (136, 0.05, 8);
INSERT INTO Transfer(AccountAccountIDFrom, AccountAccountIDTo, TransferDate, Amount) VALUES (135, 136, TO_DATE('24-6-2002','DD-MM-YYYY'), 332408.5);
INSERT INTO Person(GovID,Name, PhoneNumber, Email, Address, Birthday, Nationality) VALUES (1111121196,'Khalil eco','900010085', 'Khalil_eco37@sapo.pt', 'Malaga, Spain', TO_DATE('4-1-1988','DD-MM-YYYY'), 'Spain');
INSERT INTO Costumer(PersonGovID) VALUES (1111121196);
INSERT INTO Account(CostumerCostumerID, BranchBranchID, Amount, BeginDate, EndDate) VALUES (69, 140, 125751.75, TO_DATE('27-5-2006','DD-MM-YYYY'), NULL);
INSERT INTO CurrentAccount(AccountAccountID, MaximumWithdraw) VALUES (137, 400);
INSERT INTO Deposit(AccountAccountID, DepositDate, Amount) VALUES (137, TO_DATE('27-5-2006','DD-MM-YYYY'),503007);
INSERT INTO Withdraw(CurrentAccountAccountID, WithdrawDate, Amount) VALUES (137, TO_DATE('27-5-2006','DD-MM-YYYY'), 125751.75);
INSERT INTO Account(CostumerCostumerID, BranchBranchID, Amount, BeginDate, EndDate) VALUES (69, 140, 251503.5, TO_DATE('27-5-2006','DD-MM-YYYY'), NULL);
INSERT INTO SavingsAccount(AccountAccountID, InterestRate, DurationYears) VALUES (138, 0.05, 5);
INSERT INTO Transfer(AccountAccountIDFrom, AccountAccountIDTo, TransferDate, Amount) VALUES (137, 138, TO_DATE('27-5-2006','DD-MM-YYYY'), 251503.5);
INSERT INTO Person(GovID,Name, PhoneNumber, Email, Address, Birthday, Nationality) VALUES (1111121197,'Khalilah eco','900010086', 'Khalilah_eco81@sapo.pt', 'Kubelstein Stadt Schesslitz, Germany', TO_DATE('18-12-1967','DD-MM-YYYY'), 'Germany');
INSERT INTO Costumer(PersonGovID) VALUES (1111121197);
INSERT INTO Account(CostumerCostumerID, BranchBranchID, Amount, BeginDate, EndDate) VALUES (70, 952, 141234.25, TO_DATE('2-11-2015','DD-MM-YYYY'), NULL);
INSERT INTO CurrentAccount(AccountAccountID, MaximumWithdraw) VALUES (139, 400);
INSERT INTO Deposit(AccountAccountID, DepositDate, Amount) VALUES (139, TO_DATE('2-11-2015','DD-MM-YYYY'),564937);
INSERT INTO Withdraw(CurrentAccountAccountID, WithdrawDate, Amount) VALUES (139, TO_DATE('2-11-2015','DD-MM-YYYY'), 141234.25);
INSERT INTO Account(CostumerCostumerID, BranchBranchID, Amount, BeginDate, EndDate) VALUES (70, 952, 282468.5, TO_DATE('2-11-2015','DD-MM-YYYY'), NULL);
INSERT INTO SavingsAccount(AccountAccountID, InterestRate, DurationYears) VALUES (140, 0.05, 3);
INSERT INTO Transfer(AccountAccountIDFrom, AccountAccountIDTo, TransferDate, Amount) VALUES (139, 140, TO_DATE('2-11-2015','DD-MM-YYYY'), 282468.5);
INSERT INTO Person(GovID,Name, PhoneNumber, Email, Address, Birthday, Nationality) VALUES (1111121198,'Khalissa eco','900010087', 'Khalissa_eco41@sapo.pt', 'Hennuyeres, Belgium', TO_DATE('21-2-1988','DD-MM-YYYY'), 'Belgium');
INSERT INTO Costumer(PersonGovID) VALUES (1111121198);
INSERT INTO Account(CostumerCostumerID, BranchBranchID, Amount, BeginDate, EndDate) VALUES (71, 937, 87751.5, TO_DATE('28-8-2006','DD-MM-YYYY'), NULL);
INSERT INTO CurrentAccount(AccountAccountID, MaximumWithdraw) VALUES (141, 400);
INSERT INTO Deposit(AccountAccountID, DepositDate, Amount) VALUES (141, TO_DATE('28-8-2006','DD-MM-YYYY'),351006);
INSERT INTO Withdraw(CurrentAccountAccountID, WithdrawDate, Amount) VALUES (141, TO_DATE('28-8-2006','DD-MM-YYYY'), 87751.5);
INSERT INTO Account(CostumerCostumerID, BranchBranchID, Amount, BeginDate, EndDate) VALUES (71, 937, 175503.0, TO_DATE('28-8-2006','DD-MM-YYYY'), NULL);
INSERT INTO SavingsAccount(AccountAccountID, InterestRate, DurationYears) VALUES (142, 0.05, 9);
INSERT INTO Transfer(AccountAccountIDFrom, AccountAccountIDTo, TransferDate, Amount) VALUES (141, 142, TO_DATE('28-8-2006','DD-MM-YYYY'), 175503.0);
INSERT INTO Person(GovID,Name, PhoneNumber, Email, Address, Birthday, Nationality) VALUES (1111121199,'Khaly eco','900010088', 'Khaly_eco52@sapo.pt', 'Frankfurt, Germany', TO_DATE('2-9-1967','DD-MM-YYYY'), 'Germany');
INSERT INTO Costumer(PersonGovID) VALUES (1111121199);
INSERT INTO Account(CostumerCostumerID, BranchBranchID, Amount, BeginDate, EndDate) VALUES (72, 801, 96321.75, TO_DATE('17-5-2000','DD-MM-YYYY'), NULL);
INSERT INTO CurrentAccount(AccountAccountID, MaximumWithdraw) VALUES (143, 400);
INSERT INTO Deposit(AccountAccountID, DepositDate, Amount) VALUES (143, TO_DATE('17-5-2000','DD-MM-YYYY'),385287);
INSERT INTO Withdraw(CurrentAccountAccountID, WithdrawDate, Amount) VALUES (143, TO_DATE('17-5-2000','DD-MM-YYYY'), 96321.75);
INSERT INTO Account(CostumerCostumerID, BranchBranchID, Amount, BeginDate, EndDate) VALUES (72, 801, 192643.5, TO_DATE('17-5-2000','DD-MM-YYYY'), NULL);
INSERT INTO SavingsAccount(AccountAccountID, InterestRate, DurationYears) VALUES (144, 0.05, 8);
INSERT INTO Transfer(AccountAccountIDFrom, AccountAccountIDTo, TransferDate, Amount) VALUES (143, 144, TO_DATE('17-5-2000','DD-MM-YYYY'), 192643.5);
INSERT INTO Person(GovID,Name, PhoneNumber, Email, Address, Birthday, Nationality) VALUES (1111121200,'Khamis eco','900010089', 'Khamis_eco35@sapo.pt', 'Morzheim, Germany', TO_DATE('22-7-1986','DD-MM-YYYY'), 'Germany');
INSERT INTO Costumer(PersonGovID) VALUES (1111121200);
INSERT INTO Account(CostumerCostumerID, BranchBranchID, Amount, BeginDate, EndDate) VALUES (73, 346, 164552.75, TO_DATE('19-5-2007','DD-MM-YYYY'), NULL);
INSERT INTO CurrentAccount(AccountAccountID, MaximumWithdraw) VALUES (145, 400);
INSERT INTO Deposit(AccountAccountID, DepositDate, Amount) VALUES (145, TO_DATE('19-5-2007','DD-MM-YYYY'),658211);
INSERT INTO Withdraw(CurrentAccountAccountID, WithdrawDate, Amount) VALUES (145, TO_DATE('19-5-2007','DD-MM-YYYY'), 164552.75);
INSERT INTO Account(CostumerCostumerID, BranchBranchID, Amount, BeginDate, EndDate) VALUES (73, 346, 329105.5, TO_DATE('19-5-2007','DD-MM-YYYY'), NULL);
INSERT INTO SavingsAccount(AccountAccountID, InterestRate, DurationYears) VALUES (146, 0.05, 10);
INSERT INTO Transfer(AccountAccountIDFrom, AccountAccountIDTo, TransferDate, Amount) VALUES (145, 146, TO_DATE('19-5-2007','DD-MM-YYYY'), 329105.5);
INSERT INTO Person(GovID,Name, PhoneNumber, Email, Address, Birthday, Nationality) VALUES (1111121201,'Khamiss eco','900010090', 'Khamiss_eco46@sapo.pt', 'Cologne, Germany', TO_DATE('2-6-1954','DD-MM-YYYY'), 'Germany');
INSERT INTO Costumer(PersonGovID) VALUES (1111121201);
INSERT INTO Account(CostumerCostumerID, BranchBranchID, Amount, BeginDate, EndDate) VALUES (74, 654, 204610.5, TO_DATE('21-4-2013','DD-MM-YYYY'), NULL);
INSERT INTO CurrentAccount(AccountAccountID, MaximumWithdraw) VALUES (147, 400);
INSERT INTO Deposit(AccountAccountID, DepositDate, Amount) VALUES (147, TO_DATE('21-4-2013','DD-MM-YYYY'),818442);
INSERT INTO Withdraw(CurrentAccountAccountID, WithdrawDate, Amount) VALUES (147, TO_DATE('21-4-2013','DD-MM-YYYY'), 204610.5);
INSERT INTO Account(CostumerCostumerID, BranchBranchID, Amount, BeginDate, EndDate) VALUES (74, 654, 409221.0, TO_DATE('21-4-2013','DD-MM-YYYY'), NULL);
INSERT INTO SavingsAccount(AccountAccountID, InterestRate, DurationYears) VALUES (148, 0.05, 3);
INSERT INTO Transfer(AccountAccountIDFrom, AccountAccountIDTo, TransferDate, Amount) VALUES (147, 148, TO_DATE('21-4-2013','DD-MM-YYYY'), 409221.0);
INSERT INTO Person(GovID,Name, PhoneNumber, Email, Address, Birthday, Nationality) VALUES (1111121202,'Khamissa eco','900010091', 'Khamissa_eco22@sapo.pt', 'Bornem, Belgium', TO_DATE('15-11-1987','DD-MM-YYYY'), 'Belgium');
INSERT INTO Costumer(PersonGovID) VALUES (1111121202);
INSERT INTO Account(CostumerCostumerID, BranchBranchID, Amount, BeginDate, EndDate) VALUES (75, 501, 139595.5, TO_DATE('2-4-2004','DD-MM-YYYY'), NULL);
INSERT INTO CurrentAccount(AccountAccountID, MaximumWithdraw) VALUES (149, 400);
INSERT INTO Deposit(AccountAccountID, DepositDate, Amount) VALUES (149, TO_DATE('2-4-2004','DD-MM-YYYY'),558382);
INSERT INTO Withdraw(CurrentAccountAccountID, WithdrawDate, Amount) VALUES (149, TO_DATE('2-4-2004','DD-MM-YYYY'), 139595.5);
INSERT INTO Account(CostumerCostumerID, BranchBranchID, Amount, BeginDate, EndDate) VALUES (75, 501, 279191.0, TO_DATE('2-4-2004','DD-MM-YYYY'), NULL);
INSERT INTO SavingsAccount(AccountAccountID, InterestRate, DurationYears) VALUES (150, 0.05, 9);
INSERT INTO Transfer(AccountAccountIDFrom, AccountAccountIDTo, TransferDate, Amount) VALUES (149, 150, TO_DATE('2-4-2004','DD-MM-YYYY'), 279191.0);
INSERT INTO Person(GovID,Name, PhoneNumber, Email, Address, Birthday, Nationality) VALUES (1111121203,'Khammar eco','900010092', 'Khammar_eco26@sapo.pt', 'Rennes, France', TO_DATE('3-5-1974','DD-MM-YYYY'), 'France');
INSERT INTO Costumer(PersonGovID) VALUES (1111121203);
INSERT INTO Account(CostumerCostumerID, BranchBranchID, Amount, BeginDate, EndDate) VALUES (76, 1199, 28192.0, TO_DATE('14-6-2013','DD-MM-YYYY'), NULL);
INSERT INTO CurrentAccount(AccountAccountID, MaximumWithdraw) VALUES (151, 400);
INSERT INTO Deposit(AccountAccountID, DepositDate, Amount) VALUES (151, TO_DATE('14-6-2013','DD-MM-YYYY'),112768);
INSERT INTO Withdraw(CurrentAccountAccountID, WithdrawDate, Amount) VALUES (151, TO_DATE('14-6-2013','DD-MM-YYYY'), 28192.0);
INSERT INTO Account(CostumerCostumerID, BranchBranchID, Amount, BeginDate, EndDate) VALUES (76, 1199, 56384.0, TO_DATE('14-6-2013','DD-MM-YYYY'), NULL);
INSERT INTO SavingsAccount(AccountAccountID, InterestRate, DurationYears) VALUES (152, 0.05, 4);
INSERT INTO Transfer(AccountAccountIDFrom, AccountAccountIDTo, TransferDate, Amount) VALUES (151, 152, TO_DATE('14-6-2013','DD-MM-YYYY'), 56384.0);
INSERT INTO Person(GovID,Name, PhoneNumber, Email, Address, Birthday, Nationality) VALUES (1111121204,'Khamsa eco','900010093', 'Khamsa_eco59@sapo.pt', 'Berlaar, Belgium', TO_DATE('24-1-1976','DD-MM-YYYY'), 'Belgium');
INSERT INTO Costumer(PersonGovID) VALUES (1111121204);
INSERT INTO Account(CostumerCostumerID, BranchBranchID, Amount, BeginDate, EndDate) VALUES (77, 1076, 188853.25, TO_DATE('14-10-2005','DD-MM-YYYY'), NULL);
INSERT INTO CurrentAccount(AccountAccountID, MaximumWithdraw) VALUES (153, 400);
INSERT INTO Deposit(AccountAccountID, DepositDate, Amount) VALUES (153, TO_DATE('14-10-2005','DD-MM-YYYY'),755413);
INSERT INTO Withdraw(CurrentAccountAccountID, WithdrawDate, Amount) VALUES (153, TO_DATE('14-10-2005','DD-MM-YYYY'), 188853.25);
INSERT INTO Account(CostumerCostumerID, BranchBranchID, Amount, BeginDate, EndDate) VALUES (77, 1076, 377706.5, TO_DATE('14-10-2005','DD-MM-YYYY'), NULL);
INSERT INTO SavingsAccount(AccountAccountID, InterestRate, DurationYears) VALUES (154, 0.05, 8);
INSERT INTO Transfer(AccountAccountIDFrom, AccountAccountIDTo, TransferDate, Amount) VALUES (153, 154, TO_DATE('14-10-2005','DD-MM-YYYY'), 377706.5);
INSERT INTO Person(GovID,Name, PhoneNumber, Email, Address, Birthday, Nationality) VALUES (1111121205,'Khamssa eco','900010094', 'Khamssa_eco67@sapo.pt', 'Troyan, Bulgaria', TO_DATE('28-5-1954','DD-MM-YYYY'), 'Bulgaria');
INSERT INTO Costumer(PersonGovID) VALUES (1111121205);
INSERT INTO Account(CostumerCostumerID, BranchBranchID, Amount, BeginDate, EndDate) VALUES (78, 146, 224909.5, TO_DATE('24-2-2000','DD-MM-YYYY'), NULL);
INSERT INTO CurrentAccount(AccountAccountID, MaximumWithdraw) VALUES (155, 400);
INSERT INTO Deposit(AccountAccountID, DepositDate, Amount) VALUES (155, TO_DATE('24-2-2000','DD-MM-YYYY'),899638);
INSERT INTO Withdraw(CurrentAccountAccountID, WithdrawDate, Amount) VALUES (155, TO_DATE('24-2-2000','DD-MM-YYYY'), 224909.5);
INSERT INTO Account(CostumerCostumerID, BranchBranchID, Amount, BeginDate, EndDate) VALUES (78, 146, 449819.0, TO_DATE('24-2-2000','DD-MM-YYYY'), NULL);
INSERT INTO SavingsAccount(AccountAccountID, InterestRate, DurationYears) VALUES (156, 0.05, 9);
INSERT INTO Transfer(AccountAccountIDFrom, AccountAccountIDTo, TransferDate, Amount) VALUES (155, 156, TO_DATE('24-2-2000','DD-MM-YYYY'), 449819.0);
INSERT INTO Person(GovID,Name, PhoneNumber, Email, Address, Birthday, Nationality) VALUES (1111121206,'Khan eco','900010095', 'Khan_eco56@sapo.pt', 'Pruwelz, Belgium', TO_DATE('14-12-1976','DD-MM-YYYY'), 'Belgium');
INSERT INTO Costumer(PersonGovID) VALUES (1111121206);
INSERT INTO Account(CostumerCostumerID, BranchBranchID, Amount, BeginDate, EndDate) VALUES (79, 182, 85804.25, TO_DATE('9-9-2014','DD-MM-YYYY'), NULL);
INSERT INTO CurrentAccount(AccountAccountID, MaximumWithdraw) VALUES (157, 400);
INSERT INTO Deposit(AccountAccountID, DepositDate, Amount) VALUES (157, TO_DATE('9-9-2014','DD-MM-YYYY'),343217);
INSERT INTO Withdraw(CurrentAccountAccountID, WithdrawDate, Amount) VALUES (157, TO_DATE('9-9-2014','DD-MM-YYYY'), 85804.25);
INSERT INTO Account(CostumerCostumerID, BranchBranchID, Amount, BeginDate, EndDate) VALUES (79, 182, 171608.5, TO_DATE('9-9-2014','DD-MM-YYYY'), NULL);
INSERT INTO SavingsAccount(AccountAccountID, InterestRate, DurationYears) VALUES (158, 0.05, 8);
INSERT INTO Transfer(AccountAccountIDFrom, AccountAccountIDTo, TransferDate, Amount) VALUES (157, 158, TO_DATE('9-9-2014','DD-MM-YYYY'), 171608.5);
INSERT INTO Person(GovID,Name, PhoneNumber, Email, Address, Birthday, Nationality) VALUES (1111121207,'Khaoula eco','900010096', 'Khaoula_eco46@sapo.pt', 'Saint-Maur-des-Fosses, France', TO_DATE('15-9-1995','DD-MM-YYYY'), 'France');
INSERT INTO Costumer(PersonGovID) VALUES (1111121207);
INSERT INTO Account(CostumerCostumerID, BranchBranchID, Amount, BeginDate, EndDate) VALUES (80, 280, 228023.75, TO_DATE('2-2-2010','DD-MM-YYYY'), NULL);
INSERT INTO CurrentAccount(AccountAccountID, MaximumWithdraw) VALUES (159, 400);
INSERT INTO Deposit(AccountAccountID, DepositDate, Amount) VALUES (159, TO_DATE('2-2-2010','DD-MM-YYYY'),912095);
INSERT INTO Withdraw(CurrentAccountAccountID, WithdrawDate, Amount) VALUES (159, TO_DATE('2-2-2010','DD-MM-YYYY'), 228023.75);
INSERT INTO Account(CostumerCostumerID, BranchBranchID, Amount, BeginDate, EndDate) VALUES (80, 280, 456047.5, TO_DATE('2-2-2010','DD-MM-YYYY'), NULL);
INSERT INTO SavingsAccount(AccountAccountID, InterestRate, DurationYears) VALUES (160, 0.05, 6);
INSERT INTO Transfer(AccountAccountIDFrom, AccountAccountIDTo, TransferDate, Amount) VALUES (159, 160, TO_DATE('2-2-2010','DD-MM-YYYY'), 456047.5);
INSERT INTO Person(GovID,Name, PhoneNumber, Email, Address, Birthday, Nationality) VALUES (1111121208,'Khardiata eco','900010097', 'Khardiata_eco19@sapo.pt', 'Plovdiv, Bulgaria', TO_DATE('25-9-1992','DD-MM-YYYY'), 'Bulgaria');
INSERT INTO Costumer(PersonGovID) VALUES (1111121208);
INSERT INTO Account(CostumerCostumerID, BranchBranchID, Amount, BeginDate, EndDate) VALUES (81, 97, 202744.5, TO_DATE('5-4-2015','DD-MM-YYYY'), NULL);
INSERT INTO CurrentAccount(AccountAccountID, MaximumWithdraw) VALUES (161, 400);
INSERT INTO Deposit(AccountAccountID, DepositDate, Amount) VALUES (161, TO_DATE('5-4-2015','DD-MM-YYYY'),810978);
INSERT INTO Withdraw(CurrentAccountAccountID, WithdrawDate, Amount) VALUES (161, TO_DATE('5-4-2015','DD-MM-YYYY'), 202744.5);
INSERT INTO Account(CostumerCostumerID, BranchBranchID, Amount, BeginDate, EndDate) VALUES (81, 97, 405489.0, TO_DATE('5-4-2015','DD-MM-YYYY'), NULL);
INSERT INTO SavingsAccount(AccountAccountID, InterestRate, DurationYears) VALUES (162, 0.05, 9);
INSERT INTO Transfer(AccountAccountIDFrom, AccountAccountIDTo, TransferDate, Amount) VALUES (161, 162, TO_DATE('5-4-2015','DD-MM-YYYY'), 405489.0);
INSERT INTO Person(GovID,Name, PhoneNumber, Email, Address, Birthday, Nationality) VALUES (1111121209,'Khatia eco','900010098', 'Khatia_eco77@sapo.pt', 'Bad Urach, Germany', TO_DATE('28-5-2005','DD-MM-YYYY'), 'Germany');
INSERT INTO Costumer(PersonGovID) VALUES (1111121209);
INSERT INTO Account(CostumerCostumerID, BranchBranchID, Amount, BeginDate, EndDate) VALUES (82, 1138, 200635.75, TO_DATE('3-5-2008','DD-MM-YYYY'), NULL);
INSERT INTO CurrentAccount(AccountAccountID, MaximumWithdraw) VALUES (163, 400);
INSERT INTO Deposit(AccountAccountID, DepositDate, Amount) VALUES (163, TO_DATE('3-5-2008','DD-MM-YYYY'),802543);
INSERT INTO Withdraw(CurrentAccountAccountID, WithdrawDate, Amount) VALUES (163, TO_DATE('3-5-2008','DD-MM-YYYY'), 200635.75);
INSERT INTO Account(CostumerCostumerID, BranchBranchID, Amount, BeginDate, EndDate) VALUES (82, 1138, 401271.5, TO_DATE('3-5-2008','DD-MM-YYYY'), NULL);
INSERT INTO SavingsAccount(AccountAccountID, InterestRate, DurationYears) VALUES (164, 0.05, 5);
INSERT INTO Transfer(AccountAccountIDFrom, AccountAccountIDTo, TransferDate, Amount) VALUES (163, 164, TO_DATE('3-5-2008','DD-MM-YYYY'), 401271.5);
INSERT INTO Person(GovID,Name, PhoneNumber, Email, Address, Birthday, Nationality) VALUES (1111121210,'Khatima eco','900010099', 'Khatima_eco40@sapo.pt', 'Landau, Germany', TO_DATE('21-5-1987','DD-MM-YYYY'), 'Germany');
INSERT INTO Costumer(PersonGovID) VALUES (1111121210);
INSERT INTO Account(CostumerCostumerID, BranchBranchID, Amount, BeginDate, EndDate) VALUES (83, 325, 23027.25, TO_DATE('13-7-2004','DD-MM-YYYY'), NULL);
INSERT INTO CurrentAccount(AccountAccountID, MaximumWithdraw) VALUES (165, 400);
INSERT INTO Deposit(AccountAccountID, DepositDate, Amount) VALUES (165, TO_DATE('13-7-2004','DD-MM-YYYY'),92109);
INSERT INTO Withdraw(CurrentAccountAccountID, WithdrawDate, Amount) VALUES (165, TO_DATE('13-7-2004','DD-MM-YYYY'), 23027.25);
INSERT INTO Account(CostumerCostumerID, BranchBranchID, Amount, BeginDate, EndDate) VALUES (83, 325, 46054.5, TO_DATE('13-7-2004','DD-MM-YYYY'), NULL);
INSERT INTO SavingsAccount(AccountAccountID, InterestRate, DurationYears) VALUES (166, 0.05, 5);
INSERT INTO Transfer(AccountAccountIDFrom, AccountAccountIDTo, TransferDate, Amount) VALUES (165, 166, TO_DATE('13-7-2004','DD-MM-YYYY'), 46054.5);
INSERT INTO Person(GovID,Name, PhoneNumber, Email, Address, Birthday, Nationality) VALUES (1111121211,'Khatir eco','900010100', 'Khatir_eco12@sapo.pt', 'Braga, Portugal', TO_DATE('28-2-1951','DD-MM-YYYY'), 'Portugal');
INSERT INTO Costumer(PersonGovID) VALUES (1111121211);
INSERT INTO Account(CostumerCostumerID, BranchBranchID, Amount, BeginDate, EndDate) VALUES (84, 880, 123965.25, TO_DATE('23-7-2007','DD-MM-YYYY'), NULL);
INSERT INTO CurrentAccount(AccountAccountID, MaximumWithdraw) VALUES (167, 400);
INSERT INTO Deposit(AccountAccountID, DepositDate, Amount) VALUES (167, TO_DATE('23-7-2007','DD-MM-YYYY'),495861);
INSERT INTO Withdraw(CurrentAccountAccountID, WithdrawDate, Amount) VALUES (167, TO_DATE('23-7-2007','DD-MM-YYYY'), 123965.25);
INSERT INTO Account(CostumerCostumerID, BranchBranchID, Amount, BeginDate, EndDate) VALUES (84, 880, 247930.5, TO_DATE('23-7-2007','DD-MM-YYYY'), NULL);
INSERT INTO SavingsAccount(AccountAccountID, InterestRate, DurationYears) VALUES (168, 0.05, 9);
INSERT INTO Transfer(AccountAccountIDFrom, AccountAccountIDTo, TransferDate, Amount) VALUES (167, 168, TO_DATE('23-7-2007','DD-MM-YYYY'), 247930.5);
INSERT INTO Person(GovID,Name, PhoneNumber, Email, Address, Birthday, Nationality) VALUES (1111121212,'Khatri eco','900010101', 'Khatri_eco74@sapo.pt', 'Meersburg, Germany', TO_DATE('22-3-1951','DD-MM-YYYY'), 'Germany');
INSERT INTO Costumer(PersonGovID) VALUES (1111121212);
INSERT INTO Account(CostumerCostumerID, BranchBranchID, Amount, BeginDate, EndDate) VALUES (85, 1113, 184273.75, TO_DATE('13-9-2002','DD-MM-YYYY'), NULL);
INSERT INTO CurrentAccount(AccountAccountID, MaximumWithdraw) VALUES (169, 400);
INSERT INTO Deposit(AccountAccountID, DepositDate, Amount) VALUES (169, TO_DATE('13-9-2002','DD-MM-YYYY'),737095);
INSERT INTO Withdraw(CurrentAccountAccountID, WithdrawDate, Amount) VALUES (169, TO_DATE('13-9-2002','DD-MM-YYYY'), 184273.75);
INSERT INTO Account(CostumerCostumerID, BranchBranchID, Amount, BeginDate, EndDate) VALUES (85, 1113, 368547.5, TO_DATE('13-9-2002','DD-MM-YYYY'), NULL);
INSERT INTO SavingsAccount(AccountAccountID, InterestRate, DurationYears) VALUES (170, 0.05, 3);
INSERT INTO Transfer(AccountAccountIDFrom, AccountAccountIDTo, TransferDate, Amount) VALUES (169, 170, TO_DATE('13-9-2002','DD-MM-YYYY'), 368547.5);
INSERT INTO Person(GovID,Name, PhoneNumber, Email, Address, Birthday, Nationality) VALUES (1111121213,'Khatuna eco','900010102', 'Khatuna_eco53@sapo.pt', 'Matadepera, Spain', TO_DATE('18-5-1964','DD-MM-YYYY'), 'Spain');
INSERT INTO Costumer(PersonGovID) VALUES (1111121213);
INSERT INTO Account(CostumerCostumerID, BranchBranchID, Amount, BeginDate, EndDate) VALUES (86, 1099, 122199.5, TO_DATE('24-10-2017','DD-MM-YYYY'), NULL);
INSERT INTO CurrentAccount(AccountAccountID, MaximumWithdraw) VALUES (171, 400);
INSERT INTO Deposit(AccountAccountID, DepositDate, Amount) VALUES (171, TO_DATE('24-10-2017','DD-MM-YYYY'),488798);
INSERT INTO Withdraw(CurrentAccountAccountID, WithdrawDate, Amount) VALUES (171, TO_DATE('24-10-2017','DD-MM-YYYY'), 122199.5);
INSERT INTO Account(CostumerCostumerID, BranchBranchID, Amount, BeginDate, EndDate) VALUES (86, 1099, 244399.0, TO_DATE('24-10-2017','DD-MM-YYYY'), NULL);
INSERT INTO SavingsAccount(AccountAccountID, InterestRate, DurationYears) VALUES (172, 0.05, 7);
INSERT INTO Transfer(AccountAccountIDFrom, AccountAccountIDTo, TransferDate, Amount) VALUES (171, 172, TO_DATE('24-10-2017','DD-MM-YYYY'), 244399.0);
INSERT INTO Person(GovID,Name, PhoneNumber, Email, Address, Birthday, Nationality) VALUES (1111121214,'Khawar eco','900010103', 'Khawar_eco25@sapo.pt', 'Premi de Dalt, Spain', TO_DATE('1-9-1969','DD-MM-YYYY'), 'Spain');
INSERT INTO Costumer(PersonGovID) VALUES (1111121214);
INSERT INTO Account(CostumerCostumerID, BranchBranchID, Amount, BeginDate, EndDate) VALUES (87, 693, 228444.75, TO_DATE('1-4-2006','DD-MM-YYYY'), NULL);
INSERT INTO CurrentAccount(AccountAccountID, MaximumWithdraw) VALUES (173, 400);
INSERT INTO Deposit(AccountAccountID, DepositDate, Amount) VALUES (173, TO_DATE('1-4-2006','DD-MM-YYYY'),913779);
INSERT INTO Withdraw(CurrentAccountAccountID, WithdrawDate, Amount) VALUES (173, TO_DATE('1-4-2006','DD-MM-YYYY'), 228444.75);
INSERT INTO Account(CostumerCostumerID, BranchBranchID, Amount, BeginDate, EndDate) VALUES (87, 693, 456889.5, TO_DATE('1-4-2006','DD-MM-YYYY'), NULL);
INSERT INTO SavingsAccount(AccountAccountID, InterestRate, DurationYears) VALUES (174, 0.05, 6);
INSERT INTO Transfer(AccountAccountIDFrom, AccountAccountIDTo, TransferDate, Amount) VALUES (173, 174, TO_DATE('1-4-2006','DD-MM-YYYY'), 456889.5);
INSERT INTO Person(GovID,Name, PhoneNumber, Email, Address, Birthday, Nationality) VALUES (1111121215,'Khawla eco','900010104', 'Khawla_eco92@sapo.pt', 'Lindau, Germany', TO_DATE('19-3-1994','DD-MM-YYYY'), 'Germany');
INSERT INTO Costumer(PersonGovID) VALUES (1111121215);
INSERT INTO Account(CostumerCostumerID, BranchBranchID, Amount, BeginDate, EndDate) VALUES (88, 823, 107988.25, TO_DATE('25-11-2012','DD-MM-YYYY'), NULL);
INSERT INTO CurrentAccount(AccountAccountID, MaximumWithdraw) VALUES (175, 400);
INSERT INTO Deposit(AccountAccountID, DepositDate, Amount) VALUES (175, TO_DATE('25-11-2012','DD-MM-YYYY'),431953);
INSERT INTO Withdraw(CurrentAccountAccountID, WithdrawDate, Amount) VALUES (175, TO_DATE('25-11-2012','DD-MM-YYYY'), 107988.25);
INSERT INTO Account(CostumerCostumerID, BranchBranchID, Amount, BeginDate, EndDate) VALUES (88, 823, 215976.5, TO_DATE('25-11-2012','DD-MM-YYYY'), NULL);
INSERT INTO SavingsAccount(AccountAccountID, InterestRate, DurationYears) VALUES (176, 0.05, 5);
INSERT INTO Transfer(AccountAccountIDFrom, AccountAccountIDTo, TransferDate, Amount) VALUES (175, 176, TO_DATE('25-11-2012','DD-MM-YYYY'), 215976.5);
INSERT INTO Person(GovID,Name, PhoneNumber, Email, Address, Birthday, Nationality) VALUES (1111121216,'Khdija eco','900010105', 'Khdija_eco35@sapo.pt', 'Witten, Germany', TO_DATE('27-9-1967','DD-MM-YYYY'), 'Germany');
INSERT INTO Costumer(PersonGovID) VALUES (1111121216);
INSERT INTO Account(CostumerCostumerID, BranchBranchID, Amount, BeginDate, EndDate) VALUES (89, 1211, 104920.0, TO_DATE('15-4-2007','DD-MM-YYYY'), NULL);
INSERT INTO CurrentAccount(AccountAccountID, MaximumWithdraw) VALUES (177, 400);
INSERT INTO Deposit(AccountAccountID, DepositDate, Amount) VALUES (177, TO_DATE('15-4-2007','DD-MM-YYYY'),419680);
INSERT INTO Withdraw(CurrentAccountAccountID, WithdrawDate, Amount) VALUES (177, TO_DATE('15-4-2007','DD-MM-YYYY'), 104920.0);
INSERT INTO Account(CostumerCostumerID, BranchBranchID, Amount, BeginDate, EndDate) VALUES (89, 1211, 209840.0, TO_DATE('15-4-2007','DD-MM-YYYY'), NULL);
INSERT INTO SavingsAccount(AccountAccountID, InterestRate, DurationYears) VALUES (178, 0.05, 8);
INSERT INTO Transfer(AccountAccountIDFrom, AccountAccountIDTo, TransferDate, Amount) VALUES (177, 178, TO_DATE('15-4-2007','DD-MM-YYYY'), 209840.0);
INSERT INTO Person(GovID,Name, PhoneNumber, Email, Address, Birthday, Nationality) VALUES (1111121217,'Khedidja eco','900010106', 'Khedidja_eco94@sapo.pt', 'Dunaujvaros, Hungary', TO_DATE('12-6-1968','DD-MM-YYYY'), 'Hungary');
INSERT INTO Costumer(PersonGovID) VALUES (1111121217);
INSERT INTO Account(CostumerCostumerID, BranchBranchID, Amount, BeginDate, EndDate) VALUES (90, 741, 95608.0, TO_DATE('9-10-2008','DD-MM-YYYY'), NULL);
INSERT INTO CurrentAccount(AccountAccountID, MaximumWithdraw) VALUES (179, 400);
INSERT INTO Deposit(AccountAccountID, DepositDate, Amount) VALUES (179, TO_DATE('9-10-2008','DD-MM-YYYY'),382432);
INSERT INTO Withdraw(CurrentAccountAccountID, WithdrawDate, Amount) VALUES (179, TO_DATE('9-10-2008','DD-MM-YYYY'), 95608.0);
INSERT INTO Account(CostumerCostumerID, BranchBranchID, Amount, BeginDate, EndDate) VALUES (90, 741, 191216.0, TO_DATE('9-10-2008','DD-MM-YYYY'), NULL);
INSERT INTO SavingsAccount(AccountAccountID, InterestRate, DurationYears) VALUES (180, 0.05, 5);
INSERT INTO Transfer(AccountAccountIDFrom, AccountAccountIDTo, TransferDate, Amount) VALUES (179, 180, TO_DATE('9-10-2008','DD-MM-YYYY'), 191216.0);
INSERT INTO Person(GovID,Name, PhoneNumber, Email, Address, Birthday, Nationality) VALUES (1111121218,'Kheir eco','900010107', 'Kheir_eco98@sapo.pt', 'Noisy-le-Grand, France', TO_DATE('9-9-1960','DD-MM-YYYY'), 'France');
INSERT INTO Costumer(PersonGovID) VALUES (1111121218);
INSERT INTO Account(CostumerCostumerID, BranchBranchID, Amount, BeginDate, EndDate) VALUES (91, 901, 14829.75, TO_DATE('10-8-2003','DD-MM-YYYY'), NULL);
INSERT INTO CurrentAccount(AccountAccountID, MaximumWithdraw) VALUES (181, 400);
INSERT INTO Deposit(AccountAccountID, DepositDate, Amount) VALUES (181, TO_DATE('10-8-2003','DD-MM-YYYY'),59319);
INSERT INTO Withdraw(CurrentAccountAccountID, WithdrawDate, Amount) VALUES (181, TO_DATE('10-8-2003','DD-MM-YYYY'), 14829.75);
INSERT INTO Account(CostumerCostumerID, BranchBranchID, Amount, BeginDate, EndDate) VALUES (91, 901, 29659.5, TO_DATE('10-8-2003','DD-MM-YYYY'), NULL);
INSERT INTO SavingsAccount(AccountAccountID, InterestRate, DurationYears) VALUES (182, 0.05, 8);
INSERT INTO Transfer(AccountAccountIDFrom, AccountAccountIDTo, TransferDate, Amount) VALUES (181, 182, TO_DATE('10-8-2003','DD-MM-YYYY'), 29659.5);
INSERT INTO Person(GovID,Name, PhoneNumber, Email, Address, Birthday, Nationality) VALUES (1111121219,'Kheira eco','900010108', 'Kheira_eco54@sapo.pt', 'viareggio, Italy', TO_DATE('24-1-1965','DD-MM-YYYY'), 'Italy');
INSERT INTO Costumer(PersonGovID) VALUES (1111121219);
INSERT INTO Account(CostumerCostumerID, BranchBranchID, Amount, BeginDate, EndDate) VALUES (92, 1218, 154460.25, TO_DATE('9-12-2010','DD-MM-YYYY'), NULL);
INSERT INTO CurrentAccount(AccountAccountID, MaximumWithdraw) VALUES (183, 400);
INSERT INTO Deposit(AccountAccountID, DepositDate, Amount) VALUES (183, TO_DATE('9-12-2010','DD-MM-YYYY'),617841);
INSERT INTO Withdraw(CurrentAccountAccountID, WithdrawDate, Amount) VALUES (183, TO_DATE('9-12-2010','DD-MM-YYYY'), 154460.25);
INSERT INTO Account(CostumerCostumerID, BranchBranchID, Amount, BeginDate, EndDate) VALUES (92, 1218, 308920.5, TO_DATE('9-12-2010','DD-MM-YYYY'), NULL);
INSERT INTO SavingsAccount(AccountAccountID, InterestRate, DurationYears) VALUES (184, 0.05, 5);
INSERT INTO Transfer(AccountAccountIDFrom, AccountAccountIDTo, TransferDate, Amount) VALUES (183, 184, TO_DATE('9-12-2010','DD-MM-YYYY'), 308920.5);
INSERT INTO Person(GovID,Name, PhoneNumber, Email, Address, Birthday, Nationality) VALUES (1111121220,'Kheireddine eco','900010109', 'Kheireddine_eco71@sapo.pt', 'Albstadt, Germany', TO_DATE('16-7-1951','DD-MM-YYYY'), 'Germany');
INSERT INTO Costumer(PersonGovID) VALUES (1111121220);
INSERT INTO Account(CostumerCostumerID, BranchBranchID, Amount, BeginDate, EndDate) VALUES (93, 449, 86368.0, TO_DATE('28-11-2003','DD-MM-YYYY'), NULL);
INSERT INTO CurrentAccount(AccountAccountID, MaximumWithdraw) VALUES (185, 400);
INSERT INTO Deposit(AccountAccountID, DepositDate, Amount) VALUES (185, TO_DATE('28-11-2003','DD-MM-YYYY'),345472);
INSERT INTO Withdraw(CurrentAccountAccountID, WithdrawDate, Amount) VALUES (185, TO_DATE('28-11-2003','DD-MM-YYYY'), 86368.0);
INSERT INTO Account(CostumerCostumerID, BranchBranchID, Amount, BeginDate, EndDate) VALUES (93, 449, 172736.0, TO_DATE('28-11-2003','DD-MM-YYYY'), NULL);
INSERT INTO SavingsAccount(AccountAccountID, InterestRate, DurationYears) VALUES (186, 0.05, 9);
INSERT INTO Transfer(AccountAccountIDFrom, AccountAccountIDTo, TransferDate, Amount) VALUES (185, 186, TO_DATE('28-11-2003','DD-MM-YYYY'), 172736.0);
INSERT INTO Person(GovID,Name, PhoneNumber, Email, Address, Birthday, Nationality) VALUES (1111121221,'Khelifa eco','900010110', 'Khelifa_eco22@sapo.pt', 'Sevilla , Spain', TO_DATE('12-4-1993','DD-MM-YYYY'), 'Spain');
INSERT INTO Costumer(PersonGovID) VALUES (1111121221);
INSERT INTO Account(CostumerCostumerID, BranchBranchID, Amount, BeginDate, EndDate) VALUES (94, 872, 247548.0, TO_DATE('1-11-2014','DD-MM-YYYY'), NULL);
INSERT INTO CurrentAccount(AccountAccountID, MaximumWithdraw) VALUES (187, 400);
INSERT INTO Deposit(AccountAccountID, DepositDate, Amount) VALUES (187, TO_DATE('1-11-2014','DD-MM-YYYY'),990192);
INSERT INTO Withdraw(CurrentAccountAccountID, WithdrawDate, Amount) VALUES (187, TO_DATE('1-11-2014','DD-MM-YYYY'), 247548.0);
INSERT INTO Account(CostumerCostumerID, BranchBranchID, Amount, BeginDate, EndDate) VALUES (94, 872, 495096.0, TO_DATE('1-11-2014','DD-MM-YYYY'), NULL);
INSERT INTO SavingsAccount(AccountAccountID, InterestRate, DurationYears) VALUES (188, 0.05, 5);
INSERT INTO Transfer(AccountAccountIDFrom, AccountAccountIDTo, TransferDate, Amount) VALUES (187, 188, TO_DATE('1-11-2014','DD-MM-YYYY'), 495096.0);
INSERT INTO Person(GovID,Name, PhoneNumber, Email, Address, Birthday, Nationality) VALUES (1111121222,'Khira eco','900010111', 'Khira_eco24@sapo.pt', 'Hennuyeres, Belgium', TO_DATE('7-4-1965','DD-MM-YYYY'), 'Belgium');
INSERT INTO Costumer(PersonGovID) VALUES (1111121222);
INSERT INTO Account(CostumerCostumerID, BranchBranchID, Amount, BeginDate, EndDate) VALUES (95, 1010, 28419.0, TO_DATE('17-1-2006','DD-MM-YYYY'), NULL);
INSERT INTO CurrentAccount(AccountAccountID, MaximumWithdraw) VALUES (189, 400);
INSERT INTO Deposit(AccountAccountID, DepositDate, Amount) VALUES (189, TO_DATE('17-1-2006','DD-MM-YYYY'),113676);
INSERT INTO Withdraw(CurrentAccountAccountID, WithdrawDate, Amount) VALUES (189, TO_DATE('17-1-2006','DD-MM-YYYY'), 28419.0);
INSERT INTO Account(CostumerCostumerID, BranchBranchID, Amount, BeginDate, EndDate) VALUES (95, 1010, 56838.0, TO_DATE('17-1-2006','DD-MM-YYYY'), NULL);
INSERT INTO SavingsAccount(AccountAccountID, InterestRate, DurationYears) VALUES (190, 0.05, 10);
INSERT INTO Transfer(AccountAccountIDFrom, AccountAccountIDTo, TransferDate, Amount) VALUES (189, 190, TO_DATE('17-1-2006','DD-MM-YYYY'), 56838.0);
INSERT INTO Person(GovID,Name, PhoneNumber, Email, Address, Birthday, Nationality) VALUES (1111121223,'Khitam eco','900010112', 'Khitam_eco48@sapo.pt', 'wackersdorf, Germany', TO_DATE('9-8-1959','DD-MM-YYYY'), 'Germany');
INSERT INTO Costumer(PersonGovID) VALUES (1111121223);
INSERT INTO Account(CostumerCostumerID, BranchBranchID, Amount, BeginDate, EndDate) VALUES (96, 421, 21405.0, TO_DATE('4-7-2002','DD-MM-YYYY'), NULL);
INSERT INTO CurrentAccount(AccountAccountID, MaximumWithdraw) VALUES (191, 400);
INSERT INTO Deposit(AccountAccountID, DepositDate, Amount) VALUES (191, TO_DATE('4-7-2002','DD-MM-YYYY'),85620);
INSERT INTO Withdraw(CurrentAccountAccountID, WithdrawDate, Amount) VALUES (191, TO_DATE('4-7-2002','DD-MM-YYYY'), 21405.0);
INSERT INTO Account(CostumerCostumerID, BranchBranchID, Amount, BeginDate, EndDate) VALUES (96, 421, 42810.0, TO_DATE('4-7-2002','DD-MM-YYYY'), NULL);
INSERT INTO SavingsAccount(AccountAccountID, InterestRate, DurationYears) VALUES (192, 0.05, 10);
INSERT INTO Transfer(AccountAccountIDFrom, AccountAccountIDTo, TransferDate, Amount) VALUES (191, 192, TO_DATE('4-7-2002','DD-MM-YYYY'), 42810.0);
INSERT INTO Person(GovID,Name, PhoneNumber, Email, Address, Birthday, Nationality) VALUES (1111121224,'Khizar eco','900010113', 'Khizar_eco35@sapo.pt', 'Waterloo, Belgium', TO_DATE('2-9-1967','DD-MM-YYYY'), 'Belgium');
INSERT INTO Costumer(PersonGovID) VALUES (1111121224);
INSERT INTO Account(CostumerCostumerID, BranchBranchID, Amount, BeginDate, EndDate) VALUES (97, 1248, 80299.0, TO_DATE('15-2-2016','DD-MM-YYYY'), NULL);
INSERT INTO CurrentAccount(AccountAccountID, MaximumWithdraw) VALUES (193, 400);
INSERT INTO Deposit(AccountAccountID, DepositDate, Amount) VALUES (193, TO_DATE('15-2-2016','DD-MM-YYYY'),321196);
INSERT INTO Withdraw(CurrentAccountAccountID, WithdrawDate, Amount) VALUES (193, TO_DATE('15-2-2016','DD-MM-YYYY'), 80299.0);
INSERT INTO Account(CostumerCostumerID, BranchBranchID, Amount, BeginDate, EndDate) VALUES (97, 1248, 160598.0, TO_DATE('15-2-2016','DD-MM-YYYY'), NULL);
INSERT INTO SavingsAccount(AccountAccountID, InterestRate, DurationYears) VALUES (194, 0.05, 3);
INSERT INTO Transfer(AccountAccountIDFrom, AccountAccountIDTo, TransferDate, Amount) VALUES (193, 194, TO_DATE('15-2-2016','DD-MM-YYYY'), 160598.0);
INSERT INTO Person(GovID,Name, PhoneNumber, Email, Address, Birthday, Nationality) VALUES (1111121225,'Khlifa eco','900010114', 'Khlifa_eco6@sapo.pt', 'Cardano al Campo, Italy', TO_DATE('3-3-1959','DD-MM-YYYY'), 'Italy');
INSERT INTO Costumer(PersonGovID) VALUES (1111121225);
INSERT INTO Account(CostumerCostumerID, BranchBranchID, Amount, BeginDate, EndDate) VALUES (98, 785, 111268.25, TO_DATE('22-5-2012','DD-MM-YYYY'), NULL);
INSERT INTO CurrentAccount(AccountAccountID, MaximumWithdraw) VALUES (195, 400);
INSERT INTO Deposit(AccountAccountID, DepositDate, Amount) VALUES (195, TO_DATE('22-5-2012','DD-MM-YYYY'),445073);
INSERT INTO Withdraw(CurrentAccountAccountID, WithdrawDate, Amount) VALUES (195, TO_DATE('22-5-2012','DD-MM-YYYY'), 111268.25);
INSERT INTO Account(CostumerCostumerID, BranchBranchID, Amount, BeginDate, EndDate) VALUES (98, 785, 222536.5, TO_DATE('22-5-2012','DD-MM-YYYY'), NULL);
INSERT INTO SavingsAccount(AccountAccountID, InterestRate, DurationYears) VALUES (196, 0.05, 4);
INSERT INTO Transfer(AccountAccountIDFrom, AccountAccountIDTo, TransferDate, Amount) VALUES (195, 196, TO_DATE('22-5-2012','DD-MM-YYYY'), 222536.5);
INSERT INTO Person(GovID,Name, PhoneNumber, Email, Address, Birthday, Nationality) VALUES (1111121226,'Khlifia eco','900010115', 'Khlifia_eco74@sapo.pt', 'Bialystok, Poland', TO_DATE('4-2-1990','DD-MM-YYYY'), 'Poland');
INSERT INTO Costumer(PersonGovID) VALUES (1111121226);
INSERT INTO Account(CostumerCostumerID, BranchBranchID, Amount, BeginDate, EndDate) VALUES (99, 876, 111278.75, TO_DATE('14-6-2011','DD-MM-YYYY'), NULL);
INSERT INTO CurrentAccount(AccountAccountID, MaximumWithdraw) VALUES (197, 400);
INSERT INTO Deposit(AccountAccountID, DepositDate, Amount) VALUES (197, TO_DATE('14-6-2011','DD-MM-YYYY'),445115);
INSERT INTO Withdraw(CurrentAccountAccountID, WithdrawDate, Amount) VALUES (197, TO_DATE('14-6-2011','DD-MM-YYYY'), 111278.75);
INSERT INTO Account(CostumerCostumerID, BranchBranchID, Amount, BeginDate, EndDate) VALUES (99, 876, 222557.5, TO_DATE('14-6-2011','DD-MM-YYYY'), NULL);
INSERT INTO SavingsAccount(AccountAccountID, InterestRate, DurationYears) VALUES (198, 0.05, 3);
INSERT INTO Transfer(AccountAccountIDFrom, AccountAccountIDTo, TransferDate, Amount) VALUES (197, 198, TO_DATE('14-6-2011','DD-MM-YYYY'), 222557.5);
INSERT INTO Person(GovID,Name, PhoneNumber, Email, Address, Birthday, Nationality) VALUES (1111121227,'Khnata eco','900010116', 'Khnata_eco69@sapo.pt', 'Ferrara, Italy', TO_DATE('15-12-1992','DD-MM-YYYY'), 'Italy');
INSERT INTO Costumer(PersonGovID) VALUES (1111121227);
INSERT INTO Account(CostumerCostumerID, BranchBranchID, Amount, BeginDate, EndDate) VALUES (100, 368, 59791.5, TO_DATE('26-11-2014','DD-MM-YYYY'), NULL);
INSERT INTO CurrentAccount(AccountAccountID, MaximumWithdraw) VALUES (199, 400);
INSERT INTO Deposit(AccountAccountID, DepositDate, Amount) VALUES (199, TO_DATE('26-11-2014','DD-MM-YYYY'),239166);
INSERT INTO Withdraw(CurrentAccountAccountID, WithdrawDate, Amount) VALUES (199, TO_DATE('26-11-2014','DD-MM-YYYY'), 59791.5);
INSERT INTO Account(CostumerCostumerID, BranchBranchID, Amount, BeginDate, EndDate) VALUES (100, 368, 119583.0, TO_DATE('26-11-2014','DD-MM-YYYY'), NULL);
INSERT INTO SavingsAccount(AccountAccountID, InterestRate, DurationYears) VALUES (200, 0.05, 3);
INSERT INTO Transfer(AccountAccountIDFrom, AccountAccountIDTo, TransferDate, Amount) VALUES (199, 200, TO_DATE('26-11-2014','DD-MM-YYYY'), 119583.0);
INSERT INTO Person(GovID,Name, PhoneNumber, Email, Address, Birthday, Nationality) VALUES (1111121228,'Kholoud eco','900010117', 'Kholoud_eco45@sapo.pt', 'Rome, Italy', TO_DATE('13-11-1953','DD-MM-YYYY'), 'Italy');
INSERT INTO Costumer(PersonGovID) VALUES (1111121228);
INSERT INTO Account(CostumerCostumerID, BranchBranchID, Amount, BeginDate, EndDate) VALUES (101, 1142, 161735.75, TO_DATE('5-9-2009','DD-MM-YYYY'), NULL);
INSERT INTO CurrentAccount(AccountAccountID, MaximumWithdraw) VALUES (201, 400);
INSERT INTO Deposit(AccountAccountID, DepositDate, Amount) VALUES (201, TO_DATE('5-9-2009','DD-MM-YYYY'),646943);
INSERT INTO Withdraw(CurrentAccountAccountID, WithdrawDate, Amount) VALUES (201, TO_DATE('5-9-2009','DD-MM-YYYY'), 161735.75);
INSERT INTO Account(CostumerCostumerID, BranchBranchID, Amount, BeginDate, EndDate) VALUES (101, 1142, 323471.5, TO_DATE('5-9-2009','DD-MM-YYYY'), NULL);
INSERT INTO SavingsAccount(AccountAccountID, InterestRate, DurationYears) VALUES (202, 0.05, 3);
INSERT INTO Transfer(AccountAccountIDFrom, AccountAccountIDTo, TransferDate, Amount) VALUES (201, 202, TO_DATE('5-9-2009','DD-MM-YYYY'), 323471.5);
INSERT INTO Person(GovID,Name, PhoneNumber, Email, Address, Birthday, Nationality) VALUES (1111121229,'Khoudia eco','900010118', 'Khoudia_eco80@sapo.pt', 'Heist-op-den-Berg, Belgium', TO_DATE('15-2-1986','DD-MM-YYYY'), 'Belgium');
INSERT INTO Costumer(PersonGovID) VALUES (1111121229);
INSERT INTO Account(CostumerCostumerID, BranchBranchID, Amount, BeginDate, EndDate) VALUES (102, 694, 28443.5, TO_DATE('24-7-2015','DD-MM-YYYY'), NULL);
INSERT INTO CurrentAccount(AccountAccountID, MaximumWithdraw) VALUES (203, 400);
INSERT INTO Deposit(AccountAccountID, DepositDate, Amount) VALUES (203, TO_DATE('24-7-2015','DD-MM-YYYY'),113774);
INSERT INTO Withdraw(CurrentAccountAccountID, WithdrawDate, Amount) VALUES (203, TO_DATE('24-7-2015','DD-MM-YYYY'), 28443.5);
INSERT INTO Account(CostumerCostumerID, BranchBranchID, Amount, BeginDate, EndDate) VALUES (102, 694, 56887.0, TO_DATE('24-7-2015','DD-MM-YYYY'), NULL);
INSERT INTO SavingsAccount(AccountAccountID, InterestRate, DurationYears) VALUES (204, 0.05, 6);
INSERT INTO Transfer(AccountAccountIDFrom, AccountAccountIDTo, TransferDate, Amount) VALUES (203, 204, TO_DATE('24-7-2015','DD-MM-YYYY'), 56887.0);
INSERT INTO Person(GovID,Name, PhoneNumber, Email, Address, Birthday, Nationality) VALUES (1111121230,'Khouloud eco','900010119', 'Khouloud_eco83@sapo.pt', 'Monza, Italy', TO_DATE('20-4-1966','DD-MM-YYYY'), 'Italy');
INSERT INTO Costumer(PersonGovID) VALUES (1111121230);
INSERT INTO Account(CostumerCostumerID, BranchBranchID, Amount, BeginDate, EndDate) VALUES (103, 86, 226630.0, TO_DATE('10-8-2002','DD-MM-YYYY'), NULL);
INSERT INTO CurrentAccount(AccountAccountID, MaximumWithdraw) VALUES (205, 400);
INSERT INTO Deposit(AccountAccountID, DepositDate, Amount) VALUES (205, TO_DATE('10-8-2002','DD-MM-YYYY'),906520);
INSERT INTO Withdraw(CurrentAccountAccountID, WithdrawDate, Amount) VALUES (205, TO_DATE('10-8-2002','DD-MM-YYYY'), 226630.0);
INSERT INTO Account(CostumerCostumerID, BranchBranchID, Amount, BeginDate, EndDate) VALUES (103, 86, 453260.0, TO_DATE('10-8-2002','DD-MM-YYYY'), NULL);
INSERT INTO SavingsAccount(AccountAccountID, InterestRate, DurationYears) VALUES (206, 0.05, 10);
INSERT INTO Transfer(AccountAccountIDFrom, AccountAccountIDTo, TransferDate, Amount) VALUES (205, 206, TO_DATE('10-8-2002','DD-MM-YYYY'), 453260.0);
INSERT INTO Person(GovID,Name, PhoneNumber, Email, Address, Birthday, Nationality) VALUES (1111121231,'Khrystyna eco','900010120', 'Khrystyna_eco30@sapo.pt', 'Neudrfl, Austria', TO_DATE('14-3-1965','DD-MM-YYYY'), 'Austria');
INSERT INTO Costumer(PersonGovID) VALUES (1111121231);
INSERT INTO Account(CostumerCostumerID, BranchBranchID, Amount, BeginDate, EndDate) VALUES (104, 691, 212434.0, TO_DATE('8-7-2006','DD-MM-YYYY'), NULL);
INSERT INTO CurrentAccount(AccountAccountID, MaximumWithdraw) VALUES (207, 400);
INSERT INTO Deposit(AccountAccountID, DepositDate, Amount) VALUES (207, TO_DATE('8-7-2006','DD-MM-YYYY'),849736);
INSERT INTO Withdraw(CurrentAccountAccountID, WithdrawDate, Amount) VALUES (207, TO_DATE('8-7-2006','DD-MM-YYYY'), 212434.0);
INSERT INTO Account(CostumerCostumerID, BranchBranchID, Amount, BeginDate, EndDate) VALUES (104, 691, 424868.0, TO_DATE('8-7-2006','DD-MM-YYYY'), NULL);
INSERT INTO SavingsAccount(AccountAccountID, InterestRate, DurationYears) VALUES (208, 0.05, 4);
INSERT INTO Transfer(AccountAccountIDFrom, AccountAccountIDTo, TransferDate, Amount) VALUES (207, 208, TO_DATE('8-7-2006','DD-MM-YYYY'), 424868.0);
INSERT INTO Person(GovID,Name, PhoneNumber, Email, Address, Birthday, Nationality) VALUES (1111121232,'Khuram eco','900010121', 'Khuram_eco88@sapo.pt', 'Bad Neustadt, Germany', TO_DATE('21-10-2002','DD-MM-YYYY'), 'Germany');
INSERT INTO Costumer(PersonGovID) VALUES (1111121232);
INSERT INTO Account(CostumerCostumerID, BranchBranchID, Amount, BeginDate, EndDate) VALUES (105, 1248, 59710.0, TO_DATE('22-10-2004','DD-MM-YYYY'), NULL);
INSERT INTO CurrentAccount(AccountAccountID, MaximumWithdraw) VALUES (209, 400);
INSERT INTO Deposit(AccountAccountID, DepositDate, Amount) VALUES (209, TO_DATE('22-10-2004','DD-MM-YYYY'),238840);
INSERT INTO Withdraw(CurrentAccountAccountID, WithdrawDate, Amount) VALUES (209, TO_DATE('22-10-2004','DD-MM-YYYY'), 59710.0);
INSERT INTO Account(CostumerCostumerID, BranchBranchID, Amount, BeginDate, EndDate) VALUES (105, 1248, 119420.0, TO_DATE('22-10-2004','DD-MM-YYYY'), NULL);
INSERT INTO SavingsAccount(AccountAccountID, InterestRate, DurationYears) VALUES (210, 0.05, 5);
INSERT INTO Transfer(AccountAccountIDFrom, AccountAccountIDTo, TransferDate, Amount) VALUES (209, 210, TO_DATE('22-10-2004','DD-MM-YYYY'), 119420.0);
INSERT INTO Person(GovID,Name, PhoneNumber, Email, Address, Birthday, Nationality) VALUES (1111121233,'Khurram eco','900010122', 'Khurram_eco35@sapo.pt', 'Val-dIsere, France', TO_DATE('16-8-1974','DD-MM-YYYY'), 'France');
INSERT INTO Costumer(PersonGovID) VALUES (1111121233);
INSERT INTO Account(CostumerCostumerID, BranchBranchID, Amount, BeginDate, EndDate) VALUES (106, 184, 141200.0, TO_DATE('7-1-2018','DD-MM-YYYY'), NULL);
INSERT INTO CurrentAccount(AccountAccountID, MaximumWithdraw) VALUES (211, 400);
INSERT INTO Deposit(AccountAccountID, DepositDate, Amount) VALUES (211, TO_DATE('7-1-2018','DD-MM-YYYY'),564800);
INSERT INTO Withdraw(CurrentAccountAccountID, WithdrawDate, Amount) VALUES (211, TO_DATE('7-1-2018','DD-MM-YYYY'), 141200.0);
INSERT INTO Account(CostumerCostumerID, BranchBranchID, Amount, BeginDate, EndDate) VALUES (106, 184, 282400.0, TO_DATE('7-1-2018','DD-MM-YYYY'), NULL);
INSERT INTO SavingsAccount(AccountAccountID, InterestRate, DurationYears) VALUES (212, 0.05, 3);
INSERT INTO Transfer(AccountAccountIDFrom, AccountAccountIDTo, TransferDate, Amount) VALUES (211, 212, TO_DATE('7-1-2018','DD-MM-YYYY'), 282400.0);
INSERT INTO Person(GovID,Name, PhoneNumber, Email, Address, Birthday, Nationality) VALUES (1111121234,'Khurshid eco','900010123', 'Khurshid_eco34@sapo.pt', 'Boleslawiec, Poland', TO_DATE('9-5-1997','DD-MM-YYYY'), 'Poland');
INSERT INTO Costumer(PersonGovID) VALUES (1111121234);
INSERT INTO Account(CostumerCostumerID, BranchBranchID, Amount, BeginDate, EndDate) VALUES (107, 766, 170868.5, TO_DATE('5-3-2012','DD-MM-YYYY'), NULL);
INSERT INTO CurrentAccount(AccountAccountID, MaximumWithdraw) VALUES (213, 400);
INSERT INTO Deposit(AccountAccountID, DepositDate, Amount) VALUES (213, TO_DATE('5-3-2012','DD-MM-YYYY'),683474);
INSERT INTO Withdraw(CurrentAccountAccountID, WithdrawDate, Amount) VALUES (213, TO_DATE('5-3-2012','DD-MM-YYYY'), 170868.5);
INSERT INTO Account(CostumerCostumerID, BranchBranchID, Amount, BeginDate, EndDate) VALUES (107, 766, 341737.0, TO_DATE('5-3-2012','DD-MM-YYYY'), NULL);
INSERT INTO SavingsAccount(AccountAccountID, InterestRate, DurationYears) VALUES (214, 0.05, 5);
INSERT INTO Transfer(AccountAccountIDFrom, AccountAccountIDTo, TransferDate, Amount) VALUES (213, 214, TO_DATE('5-3-2012','DD-MM-YYYY'), 341737.0);
INSERT INTO Person(GovID,Name, PhoneNumber, Email, Address, Birthday, Nationality) VALUES (1111121235,'Kia eco','900010124', 'Kia_eco82@sapo.pt', 'Limnos, Greece', TO_DATE('20-8-1967','DD-MM-YYYY'), 'Greece');
INSERT INTO Costumer(PersonGovID) VALUES (1111121235);
INSERT INTO Account(CostumerCostumerID, BranchBranchID, Amount, BeginDate, EndDate) VALUES (108, 561, 170278.75, TO_DATE('16-11-2000','DD-MM-YYYY'), NULL);
INSERT INTO CurrentAccount(AccountAccountID, MaximumWithdraw) VALUES (215, 400);
INSERT INTO Deposit(AccountAccountID, DepositDate, Amount) VALUES (215, TO_DATE('16-11-2000','DD-MM-YYYY'),681115);
INSERT INTO Withdraw(CurrentAccountAccountID, WithdrawDate, Amount) VALUES (215, TO_DATE('16-11-2000','DD-MM-YYYY'), 170278.75);
INSERT INTO Account(CostumerCostumerID, BranchBranchID, Amount, BeginDate, EndDate) VALUES (108, 561, 340557.5, TO_DATE('16-11-2000','DD-MM-YYYY'), NULL);
INSERT INTO SavingsAccount(AccountAccountID, InterestRate, DurationYears) VALUES (216, 0.05, 5);
INSERT INTO Transfer(AccountAccountIDFrom, AccountAccountIDTo, TransferDate, Amount) VALUES (215, 216, TO_DATE('16-11-2000','DD-MM-YYYY'), 340557.5);
INSERT INTO Person(GovID,Name, PhoneNumber, Email, Address, Birthday, Nationality) VALUES (1111121236,'Kian eco','900010125', 'Kian_eco84@sapo.pt', 'Luray, France', TO_DATE('2-6-1956','DD-MM-YYYY'), 'France');
INSERT INTO Costumer(PersonGovID) VALUES (1111121236);
INSERT INTO Account(CostumerCostumerID, BranchBranchID, Amount, BeginDate, EndDate) VALUES (109, 930, 193658.0, TO_DATE('23-6-2001','DD-MM-YYYY'), NULL);
INSERT INTO CurrentAccount(AccountAccountID, MaximumWithdraw) VALUES (217, 400);
INSERT INTO Deposit(AccountAccountID, DepositDate, Amount) VALUES (217, TO_DATE('23-6-2001','DD-MM-YYYY'),774632);
INSERT INTO Withdraw(CurrentAccountAccountID, WithdrawDate, Amount) VALUES (217, TO_DATE('23-6-2001','DD-MM-YYYY'), 193658.0);
INSERT INTO Account(CostumerCostumerID, BranchBranchID, Amount, BeginDate, EndDate) VALUES (109, 930, 387316.0, TO_DATE('23-6-2001','DD-MM-YYYY'), NULL);
INSERT INTO SavingsAccount(AccountAccountID, InterestRate, DurationYears) VALUES (218, 0.05, 7);
INSERT INTO Transfer(AccountAccountIDFrom, AccountAccountIDTo, TransferDate, Amount) VALUES (217, 218, TO_DATE('23-6-2001','DD-MM-YYYY'), 387316.0);
INSERT INTO Person(GovID,Name, PhoneNumber, Email, Address, Birthday, Nationality) VALUES (1111121237,'Kiana eco','900010126', 'Kiana_eco17@sapo.pt', 'Meylan, France', TO_DATE('11-2-1984','DD-MM-YYYY'), 'France');
INSERT INTO Costumer(PersonGovID) VALUES (1111121237);
INSERT INTO Account(CostumerCostumerID, BranchBranchID, Amount, BeginDate, EndDate) VALUES (110, 1225, 120922.0, TO_DATE('19-7-2008','DD-MM-YYYY'), NULL);
INSERT INTO CurrentAccount(AccountAccountID, MaximumWithdraw) VALUES (219, 400);
INSERT INTO Deposit(AccountAccountID, DepositDate, Amount) VALUES (219, TO_DATE('19-7-2008','DD-MM-YYYY'),483688);
INSERT INTO Withdraw(CurrentAccountAccountID, WithdrawDate, Amount) VALUES (219, TO_DATE('19-7-2008','DD-MM-YYYY'), 120922.0);
INSERT INTO Account(CostumerCostumerID, BranchBranchID, Amount, BeginDate, EndDate) VALUES (110, 1225, 241844.0, TO_DATE('19-7-2008','DD-MM-YYYY'), NULL);
INSERT INTO SavingsAccount(AccountAccountID, InterestRate, DurationYears) VALUES (220, 0.05, 7);
INSERT INTO Transfer(AccountAccountIDFrom, AccountAccountIDTo, TransferDate, Amount) VALUES (219, 220, TO_DATE('19-7-2008','DD-MM-YYYY'), 241844.0);
INSERT INTO Person(GovID,Name, PhoneNumber, Email, Address, Birthday, Nationality) VALUES (1111121238,'Kiara eco','900010127', 'Kiara_eco51@sapo.pt', 'Vila Franca de Xira, Portugal', TO_DATE('14-12-1997','DD-MM-YYYY'), 'Portugal');
INSERT INTO Costumer(PersonGovID) VALUES (1111121238);
INSERT INTO Account(CostumerCostumerID, BranchBranchID, Amount, BeginDate, EndDate) VALUES (111, 1117, 19250.0, TO_DATE('13-5-2007','DD-MM-YYYY'), NULL);
INSERT INTO CurrentAccount(AccountAccountID, MaximumWithdraw) VALUES (221, 400);
INSERT INTO Deposit(AccountAccountID, DepositDate, Amount) VALUES (221, TO_DATE('13-5-2007','DD-MM-YYYY'),77000);
INSERT INTO Withdraw(CurrentAccountAccountID, WithdrawDate, Amount) VALUES (221, TO_DATE('13-5-2007','DD-MM-YYYY'), 19250.0);
INSERT INTO Account(CostumerCostumerID, BranchBranchID, Amount, BeginDate, EndDate) VALUES (111, 1117, 38500.0, TO_DATE('13-5-2007','DD-MM-YYYY'), NULL);
INSERT INTO SavingsAccount(AccountAccountID, InterestRate, DurationYears) VALUES (222, 0.05, 6);
INSERT INTO Transfer(AccountAccountIDFrom, AccountAccountIDTo, TransferDate, Amount) VALUES (221, 222, TO_DATE('13-5-2007','DD-MM-YYYY'), 38500.0);
INSERT INTO Person(GovID,Name, PhoneNumber, Email, Address, Birthday, Nationality) VALUES (1111121239,'Kiera eco','900010128', 'Kiera_eco52@sapo.pt', 'Aroche, Spain', TO_DATE('22-11-2002','DD-MM-YYYY'), 'Spain');
INSERT INTO Costumer(PersonGovID) VALUES (1111121239);
INSERT INTO Account(CostumerCostumerID, BranchBranchID, Amount, BeginDate, EndDate) VALUES (112, 925, 156274.75, TO_DATE('23-1-2008','DD-MM-YYYY'), NULL);
INSERT INTO CurrentAccount(AccountAccountID, MaximumWithdraw) VALUES (223, 400);
INSERT INTO Deposit(AccountAccountID, DepositDate, Amount) VALUES (223, TO_DATE('23-1-2008','DD-MM-YYYY'),625099);
INSERT INTO Withdraw(CurrentAccountAccountID, WithdrawDate, Amount) VALUES (223, TO_DATE('23-1-2008','DD-MM-YYYY'), 156274.75);
INSERT INTO Account(CostumerCostumerID, BranchBranchID, Amount, BeginDate, EndDate) VALUES (112, 925, 312549.5, TO_DATE('23-1-2008','DD-MM-YYYY'), NULL);
INSERT INTO SavingsAccount(AccountAccountID, InterestRate, DurationYears) VALUES (224, 0.05, 10);
INSERT INTO Transfer(AccountAccountIDFrom, AccountAccountIDTo, TransferDate, Amount) VALUES (223, 224, TO_DATE('23-1-2008','DD-MM-YYYY'), 312549.5);
INSERT INTO Account(CostumerCostumerID, BranchBranchID, Amount, BeginDate, EndDate) VALUES (112, 925, 331753, TO_DATE('23-1-2008','DD-MM-YYYY'), NULL);
INSERT INTO CurrentAccount(AccountAccountID, MaximumWithdraw) VALUES (225, 400);
INSERT INTO Loan(BranchBranchID, CurrentAccountAccountAccountID, Amount, InterestRate, DateOfCreation, DateOfCompletion) VALUES (925, 225, 331753, 0.07, TO_DATE('23-1-2008','DD-MM-YYYY'), TO_DATE('23-1-2009','DD-MM-YYYY'));
INSERT INTO Payment(LoanLoanID, CurrentAccountAccountID, PaymentDate, Amount) VALUES (1, 225, TO_DATE('23-2-2008','DD-MM-YYYY'), 27647);
INSERT INTO Deposit(AccountAccountID, DepositDate, Amount) VALUES (225, TO_DATE('23-2-2008','DD-MM-YYYY'),27647);
INSERT INTO Payment(LoanLoanID, CurrentAccountAccountID, PaymentDate, Amount) VALUES (1, 225, TO_DATE('23-3-2008','DD-MM-YYYY'), 27647);
INSERT INTO Deposit(AccountAccountID, DepositDate, Amount) VALUES (225, TO_DATE('23-3-2008','DD-MM-YYYY'),27647);
INSERT INTO Payment(LoanLoanID, CurrentAccountAccountID, PaymentDate, Amount) VALUES (1, 225, TO_DATE('23-4-2008','DD-MM-YYYY'), 27647);
INSERT INTO Deposit(AccountAccountID, DepositDate, Amount) VALUES (225, TO_DATE('23-4-2008','DD-MM-YYYY'),27647);
INSERT INTO Payment(LoanLoanID, CurrentAccountAccountID, PaymentDate, Amount) VALUES (1, 225, TO_DATE('23-5-2008','DD-MM-YYYY'), 27647);
INSERT INTO Deposit(AccountAccountID, DepositDate, Amount) VALUES (225, TO_DATE('23-5-2008','DD-MM-YYYY'),27647);
INSERT INTO Payment(LoanLoanID, CurrentAccountAccountID, PaymentDate, Amount) VALUES (1, 225, TO_DATE('23-6-2008','DD-MM-YYYY'), 27647);
INSERT INTO Deposit(AccountAccountID, DepositDate, Amount) VALUES (225, TO_DATE('23-6-2008','DD-MM-YYYY'),27647);
INSERT INTO Payment(LoanLoanID, CurrentAccountAccountID, PaymentDate, Amount) VALUES (1, 225, TO_DATE('23-7-2008','DD-MM-YYYY'), 27647);
INSERT INTO Deposit(AccountAccountID, DepositDate, Amount) VALUES (225, TO_DATE('23-7-2008','DD-MM-YYYY'),27647);
INSERT INTO Payment(LoanLoanID, CurrentAccountAccountID, PaymentDate, Amount) VALUES (1, 225, TO_DATE('23-8-2008','DD-MM-YYYY'), 27647);
INSERT INTO Deposit(AccountAccountID, DepositDate, Amount) VALUES (225, TO_DATE('23-8-2008','DD-MM-YYYY'),27647);
INSERT INTO Payment(LoanLoanID, CurrentAccountAccountID, PaymentDate, Amount) VALUES (1, 225, TO_DATE('23-9-2008','DD-MM-YYYY'), 27647);
INSERT INTO Deposit(AccountAccountID, DepositDate, Amount) VALUES (225, TO_DATE('23-9-2008','DD-MM-YYYY'),27647);
INSERT INTO Payment(LoanLoanID, CurrentAccountAccountID, PaymentDate, Amount) VALUES (1, 225, TO_DATE('23-10-2008','DD-MM-YYYY'), 27647);
INSERT INTO Deposit(AccountAccountID, DepositDate, Amount) VALUES (225, TO_DATE('23-10-2008','DD-MM-YYYY'),27647);
INSERT INTO Payment(LoanLoanID, CurrentAccountAccountID, PaymentDate, Amount) VALUES (1, 225, TO_DATE('23-11-2008','DD-MM-YYYY'), 27647);
INSERT INTO Deposit(AccountAccountID, DepositDate, Amount) VALUES (225, TO_DATE('23-11-2008','DD-MM-YYYY'),27647);
INSERT INTO Payment(LoanLoanID, CurrentAccountAccountID, PaymentDate, Amount) VALUES (1, 225, TO_DATE('23-12-2008','DD-MM-YYYY'), 27647);
INSERT INTO Deposit(AccountAccountID, DepositDate, Amount) VALUES (225, TO_DATE('23-12-2008','DD-MM-YYYY'),27647);
INSERT INTO Payment(LoanLoanID, CurrentAccountAccountID, PaymentDate, Amount) VALUES (1, 225, TO_DATE('23-1-2009','DD-MM-YYYY'), 27647);
INSERT INTO Deposit(AccountAccountID, DepositDate, Amount) VALUES (225, TO_DATE('23-1-2009','DD-MM-YYYY'),27647);
INSERT INTO Person(GovID,Name, PhoneNumber, Email, Address, Birthday, Nationality) VALUES (1111121240,'Kieran eco','900010129', 'Kieran_eco62@sapo.pt', 'Courchevel, France', TO_DATE('15-12-1960','DD-MM-YYYY'), 'France');
INSERT INTO Costumer(PersonGovID) VALUES (1111121240);
INSERT INTO Account(CostumerCostumerID, BranchBranchID, Amount, BeginDate, EndDate) VALUES (113, 147, 175624.75, TO_DATE('5-6-2003','DD-MM-YYYY'), NULL);
INSERT INTO CurrentAccount(AccountAccountID, MaximumWithdraw) VALUES (226, 400);
INSERT INTO Deposit(AccountAccountID, DepositDate, Amount) VALUES (226, TO_DATE('5-6-2003','DD-MM-YYYY'),702499);
INSERT INTO Withdraw(CurrentAccountAccountID, WithdrawDate, Amount) VALUES (226, TO_DATE('5-6-2003','DD-MM-YYYY'), 175624.75);
INSERT INTO Account(CostumerCostumerID, BranchBranchID, Amount, BeginDate, EndDate) VALUES (113, 147, 351249.5, TO_DATE('5-6-2003','DD-MM-YYYY'), NULL);
INSERT INTO SavingsAccount(AccountAccountID, InterestRate, DurationYears) VALUES (227, 0.05, 6);
INSERT INTO Transfer(AccountAccountIDFrom, AccountAccountIDTo, TransferDate, Amount) VALUES (226, 227, TO_DATE('5-6-2003','DD-MM-YYYY'), 351249.5);
INSERT INTO Person(GovID,Name, PhoneNumber, Email, Address, Birthday, Nationality) VALUES (1111121241,'Kiersten eco','900010130', 'Kiersten_eco37@sapo.pt', 'Katerini, Greece', TO_DATE('11-4-1988','DD-MM-YYYY'), 'Greece');
INSERT INTO Costumer(PersonGovID) VALUES (1111121241);
INSERT INTO Account(CostumerCostumerID, BranchBranchID, Amount, BeginDate, EndDate) VALUES (114, 1049, 142630.0, TO_DATE('21-3-2015','DD-MM-YYYY'), NULL);
INSERT INTO CurrentAccount(AccountAccountID, MaximumWithdraw) VALUES (228, 400);
INSERT INTO Deposit(AccountAccountID, DepositDate, Amount) VALUES (228, TO_DATE('21-3-2015','DD-MM-YYYY'),570520);
INSERT INTO Withdraw(CurrentAccountAccountID, WithdrawDate, Amount) VALUES (228, TO_DATE('21-3-2015','DD-MM-YYYY'), 142630.0);
INSERT INTO Account(CostumerCostumerID, BranchBranchID, Amount, BeginDate, EndDate) VALUES (114, 1049, 285260.0, TO_DATE('21-3-2015','DD-MM-YYYY'), NULL);
INSERT INTO SavingsAccount(AccountAccountID, InterestRate, DurationYears) VALUES (229, 0.05, 9);
INSERT INTO Transfer(AccountAccountIDFrom, AccountAccountIDTo, TransferDate, Amount) VALUES (228, 229, TO_DATE('21-3-2015','DD-MM-YYYY'), 285260.0);
INSERT INTO Person(GovID,Name, PhoneNumber, Email, Address, Birthday, Nationality) VALUES (1111121242,'Kiesha eco','900010131', 'Kiesha_eco2@sapo.pt', 'Kitzbuhel, Austria', TO_DATE('21-3-1967','DD-MM-YYYY'), 'Austria');
INSERT INTO Costumer(PersonGovID) VALUES (1111121242);
INSERT INTO Account(CostumerCostumerID, BranchBranchID, Amount, BeginDate, EndDate) VALUES (115, 620, 227377.75, TO_DATE('4-3-2000','DD-MM-YYYY'), NULL);
INSERT INTO CurrentAccount(AccountAccountID, MaximumWithdraw) VALUES (230, 400);
INSERT INTO Deposit(AccountAccountID, DepositDate, Amount) VALUES (230, TO_DATE('4-3-2000','DD-MM-YYYY'),909511);
INSERT INTO Withdraw(CurrentAccountAccountID, WithdrawDate, Amount) VALUES (230, TO_DATE('4-3-2000','DD-MM-YYYY'), 227377.75);
INSERT INTO Account(CostumerCostumerID, BranchBranchID, Amount, BeginDate, EndDate) VALUES (115, 620, 454755.5, TO_DATE('4-3-2000','DD-MM-YYYY'), NULL);
INSERT INTO SavingsAccount(AccountAccountID, InterestRate, DurationYears) VALUES (231, 0.05, 4);
INSERT INTO Transfer(AccountAccountIDFrom, AccountAccountIDTo, TransferDate, Amount) VALUES (230, 231, TO_DATE('4-3-2000','DD-MM-YYYY'), 454755.5);
INSERT INTO Person(GovID,Name, PhoneNumber, Email, Address, Birthday, Nationality) VALUES (1111121243,'Kieth eco','900010132', 'Kieth_eco49@sapo.pt', 'Volos, Greece', TO_DATE('3-9-1950','DD-MM-YYYY'), 'Greece');
INSERT INTO Costumer(PersonGovID) VALUES (1111121243);
INSERT INTO Account(CostumerCostumerID, BranchBranchID, Amount, BeginDate, EndDate) VALUES (116, 406, 219933.5, TO_DATE('12-9-2013','DD-MM-YYYY'), NULL);
INSERT INTO CurrentAccount(AccountAccountID, MaximumWithdraw) VALUES (232, 400);
INSERT INTO Deposit(AccountAccountID, DepositDate, Amount) VALUES (232, TO_DATE('12-9-2013','DD-MM-YYYY'),879734);
INSERT INTO Withdraw(CurrentAccountAccountID, WithdrawDate, Amount) VALUES (232, TO_DATE('12-9-2013','DD-MM-YYYY'), 219933.5);
INSERT INTO Account(CostumerCostumerID, BranchBranchID, Amount, BeginDate, EndDate) VALUES (116, 406, 439867.0, TO_DATE('12-9-2013','DD-MM-YYYY'), NULL);
INSERT INTO SavingsAccount(AccountAccountID, InterestRate, DurationYears) VALUES (233, 0.05, 6);
INSERT INTO Transfer(AccountAccountIDFrom, AccountAccountIDTo, TransferDate, Amount) VALUES (232, 233, TO_DATE('12-9-2013','DD-MM-YYYY'), 439867.0);
INSERT INTO Person(GovID,Name, PhoneNumber, Email, Address, Birthday, Nationality) VALUES (1111121244,'Kike eco','900010133', 'Kike_eco57@sapo.pt', 'Calais, France', TO_DATE('5-10-1998','DD-MM-YYYY'), 'France');
INSERT INTO Costumer(PersonGovID) VALUES (1111121244);
INSERT INTO Account(CostumerCostumerID, BranchBranchID, Amount, BeginDate, EndDate) VALUES (117, 1129, 188468.5, TO_DATE('8-12-2018','DD-MM-YYYY'), NULL);
INSERT INTO CurrentAccount(AccountAccountID, MaximumWithdraw) VALUES (234, 400);
INSERT INTO Deposit(AccountAccountID, DepositDate, Amount) VALUES (234, TO_DATE('8-12-2018','DD-MM-YYYY'),753874);
INSERT INTO Withdraw(CurrentAccountAccountID, WithdrawDate, Amount) VALUES (234, TO_DATE('8-12-2018','DD-MM-YYYY'), 188468.5);
INSERT INTO Account(CostumerCostumerID, BranchBranchID, Amount, BeginDate, EndDate) VALUES (117, 1129, 376937.0, TO_DATE('8-12-2018','DD-MM-YYYY'), NULL);
INSERT INTO SavingsAccount(AccountAccountID, InterestRate, DurationYears) VALUES (235, 0.05, 4);
INSERT INTO Transfer(AccountAccountIDFrom, AccountAccountIDTo, TransferDate, Amount) VALUES (234, 235, TO_DATE('8-12-2018','DD-MM-YYYY'), 376937.0);
INSERT INTO Person(GovID,Name, PhoneNumber, Email, Address, Birthday, Nationality) VALUES (1111121245,'Kiko eco','900010134', 'Kiko_eco57@sapo.pt', 'Nrnberg, Germany', TO_DATE('15-3-1963','DD-MM-YYYY'), 'Germany');
INSERT INTO Costumer(PersonGovID) VALUES (1111121245);
INSERT INTO Account(CostumerCostumerID, BranchBranchID, Amount, BeginDate, EndDate) VALUES (118, 1066, 228499.5, TO_DATE('19-4-2008','DD-MM-YYYY'), NULL);
INSERT INTO CurrentAccount(AccountAccountID, MaximumWithdraw) VALUES (236, 400);
INSERT INTO Deposit(AccountAccountID, DepositDate, Amount) VALUES (236, TO_DATE('19-4-2008','DD-MM-YYYY'),913998);
INSERT INTO Withdraw(CurrentAccountAccountID, WithdrawDate, Amount) VALUES (236, TO_DATE('19-4-2008','DD-MM-YYYY'), 228499.5);
INSERT INTO Account(CostumerCostumerID, BranchBranchID, Amount, BeginDate, EndDate) VALUES (118, 1066, 456999.0, TO_DATE('19-4-2008','DD-MM-YYYY'), NULL);
INSERT INTO SavingsAccount(AccountAccountID, InterestRate, DurationYears) VALUES (237, 0.05, 4);
INSERT INTO Transfer(AccountAccountIDFrom, AccountAccountIDTo, TransferDate, Amount) VALUES (236, 237, TO_DATE('19-4-2008','DD-MM-YYYY'), 456999.0);
INSERT INTO Person(GovID,Name, PhoneNumber, Email, Address, Birthday, Nationality) VALUES (1111121246,'Kiley eco','900010135', 'Kiley_eco87@sapo.pt', 'Cesena, Italy', TO_DATE('15-9-1954','DD-MM-YYYY'), 'Italy');
INSERT INTO Costumer(PersonGovID) VALUES (1111121246);
INSERT INTO Account(CostumerCostumerID, BranchBranchID, Amount, BeginDate, EndDate) VALUES (119, 666, 103509.25, TO_DATE('19-8-2010','DD-MM-YYYY'), NULL);
INSERT INTO CurrentAccount(AccountAccountID, MaximumWithdraw) VALUES (238, 400);
INSERT INTO Deposit(AccountAccountID, DepositDate, Amount) VALUES (238, TO_DATE('19-8-2010','DD-MM-YYYY'),414037);
INSERT INTO Withdraw(CurrentAccountAccountID, WithdrawDate, Amount) VALUES (238, TO_DATE('19-8-2010','DD-MM-YYYY'), 103509.25);
INSERT INTO Account(CostumerCostumerID, BranchBranchID, Amount, BeginDate, EndDate) VALUES (119, 666, 207018.5, TO_DATE('19-8-2010','DD-MM-YYYY'), NULL);
INSERT INTO SavingsAccount(AccountAccountID, InterestRate, DurationYears) VALUES (239, 0.05, 10);
INSERT INTO Transfer(AccountAccountIDFrom, AccountAccountIDTo, TransferDate, Amount) VALUES (238, 239, TO_DATE('19-8-2010','DD-MM-YYYY'), 207018.5);
INSERT INTO Person(GovID,Name, PhoneNumber, Email, Address, Birthday, Nationality) VALUES (1111121247,'Kiliam eco','900010136', 'Kiliam_eco18@sapo.pt', 'AOL, Germany', TO_DATE('15-7-1971','DD-MM-YYYY'), 'Germany');
INSERT INTO Costumer(PersonGovID) VALUES (1111121247);
INSERT INTO Account(CostumerCostumerID, BranchBranchID, Amount, BeginDate, EndDate) VALUES (120, 124, 155755.75, TO_DATE('12-2-2014','DD-MM-YYYY'), NULL);
INSERT INTO CurrentAccount(AccountAccountID, MaximumWithdraw) VALUES (240, 400);
INSERT INTO Deposit(AccountAccountID, DepositDate, Amount) VALUES (240, TO_DATE('12-2-2014','DD-MM-YYYY'),623023);
INSERT INTO Withdraw(CurrentAccountAccountID, WithdrawDate, Amount) VALUES (240, TO_DATE('12-2-2014','DD-MM-YYYY'), 155755.75);
INSERT INTO Account(CostumerCostumerID, BranchBranchID, Amount, BeginDate, EndDate) VALUES (120, 124, 311511.5, TO_DATE('12-2-2014','DD-MM-YYYY'), NULL);
INSERT INTO SavingsAccount(AccountAccountID, InterestRate, DurationYears) VALUES (241, 0.05, 5);
INSERT INTO Transfer(AccountAccountIDFrom, AccountAccountIDTo, TransferDate, Amount) VALUES (240, 241, TO_DATE('12-2-2014','DD-MM-YYYY'), 311511.5);
INSERT INTO Person(GovID,Name, PhoneNumber, Email, Address, Birthday, Nationality) VALUES (1111121248,'Kilian eco','900010137', 'Kilian_eco54@sapo.pt', 'Luray, France', TO_DATE('17-5-1993','DD-MM-YYYY'), 'France');
INSERT INTO Costumer(PersonGovID) VALUES (1111121248);
INSERT INTO Account(CostumerCostumerID, BranchBranchID, Amount, BeginDate, EndDate) VALUES (121, 945, 44299.25, TO_DATE('23-6-2004','DD-MM-YYYY'), NULL);
INSERT INTO CurrentAccount(AccountAccountID, MaximumWithdraw) VALUES (242, 400);
INSERT INTO Deposit(AccountAccountID, DepositDate, Amount) VALUES (242, TO_DATE('23-6-2004','DD-MM-YYYY'),177197);
INSERT INTO Withdraw(CurrentAccountAccountID, WithdrawDate, Amount) VALUES (242, TO_DATE('23-6-2004','DD-MM-YYYY'), 44299.25);
INSERT INTO Account(CostumerCostumerID, BranchBranchID, Amount, BeginDate, EndDate) VALUES (121, 945, 88598.5, TO_DATE('23-6-2004','DD-MM-YYYY'), NULL);
INSERT INTO SavingsAccount(AccountAccountID, InterestRate, DurationYears) VALUES (243, 0.05, 4);
INSERT INTO Transfer(AccountAccountIDFrom, AccountAccountIDTo, TransferDate, Amount) VALUES (242, 243, TO_DATE('23-6-2004','DD-MM-YYYY'), 88598.5);
INSERT INTO Person(GovID,Name, PhoneNumber, Email, Address, Birthday, Nationality) VALUES (1111121249,'Killian eco','900010138', 'Killian_eco96@sapo.pt', 'Stuttgart, Germany', TO_DATE('18-4-1954','DD-MM-YYYY'), 'Germany');
INSERT INTO Costumer(PersonGovID) VALUES (1111121249);
INSERT INTO Account(CostumerCostumerID, BranchBranchID, Amount, BeginDate, EndDate) VALUES (122, 865, 31957.0, TO_DATE('22-2-2008','DD-MM-YYYY'), NULL);
INSERT INTO CurrentAccount(AccountAccountID, MaximumWithdraw) VALUES (244, 400);
INSERT INTO Deposit(AccountAccountID, DepositDate, Amount) VALUES (244, TO_DATE('22-2-2008','DD-MM-YYYY'),127828);
INSERT INTO Withdraw(CurrentAccountAccountID, WithdrawDate, Amount) VALUES (244, TO_DATE('22-2-2008','DD-MM-YYYY'), 31957.0);
INSERT INTO Account(CostumerCostumerID, BranchBranchID, Amount, BeginDate, EndDate) VALUES (122, 865, 63914.0, TO_DATE('22-2-2008','DD-MM-YYYY'), NULL);
INSERT INTO SavingsAccount(AccountAccountID, InterestRate, DurationYears) VALUES (245, 0.05, 10);
INSERT INTO Transfer(AccountAccountIDFrom, AccountAccountIDTo, TransferDate, Amount) VALUES (244, 245, TO_DATE('22-2-2008','DD-MM-YYYY'), 63914.0);
INSERT INTO Person(GovID,Name, PhoneNumber, Email, Address, Birthday, Nationality) VALUES (1111121250,'Kilyan eco','900010139', 'Kilyan_eco24@sapo.pt', 'Nidda, Germany', TO_DATE('13-12-1992','DD-MM-YYYY'), 'Germany');
INSERT INTO Costumer(PersonGovID) VALUES (1111121250);
INSERT INTO Account(CostumerCostumerID, BranchBranchID, Amount, BeginDate, EndDate) VALUES (123, 106, 224021.75, TO_DATE('14-11-2018','DD-MM-YYYY'), NULL);
INSERT INTO CurrentAccount(AccountAccountID, MaximumWithdraw) VALUES (246, 400);
INSERT INTO Deposit(AccountAccountID, DepositDate, Amount) VALUES (246, TO_DATE('14-11-2018','DD-MM-YYYY'),896087);
INSERT INTO Withdraw(CurrentAccountAccountID, WithdrawDate, Amount) VALUES (246, TO_DATE('14-11-2018','DD-MM-YYYY'), 224021.75);
INSERT INTO Account(CostumerCostumerID, BranchBranchID, Amount, BeginDate, EndDate) VALUES (123, 106, 448043.5, TO_DATE('14-11-2018','DD-MM-YYYY'), NULL);
INSERT INTO SavingsAccount(AccountAccountID, InterestRate, DurationYears) VALUES (247, 0.05, 10);
INSERT INTO Transfer(AccountAccountIDFrom, AccountAccountIDTo, TransferDate, Amount) VALUES (246, 247, TO_DATE('14-11-2018','DD-MM-YYYY'), 448043.5);
INSERT INTO Person(GovID,Name, PhoneNumber, Email, Address, Birthday, Nationality) VALUES (1111121251,'Kim eco','900010140', 'Kim_eco14@sapo.pt', 'Kubelstein Stadt Schesslitz, Germany', TO_DATE('26-6-1987','DD-MM-YYYY'), 'Germany');
INSERT INTO Costumer(PersonGovID) VALUES (1111121251);
INSERT INTO Account(CostumerCostumerID, BranchBranchID, Amount, BeginDate, EndDate) VALUES (124, 923, 131475.0, TO_DATE('7-2-2003','DD-MM-YYYY'), NULL);
INSERT INTO CurrentAccount(AccountAccountID, MaximumWithdraw) VALUES (248, 400);
INSERT INTO Deposit(AccountAccountID, DepositDate, Amount) VALUES (248, TO_DATE('7-2-2003','DD-MM-YYYY'),525900);
INSERT INTO Withdraw(CurrentAccountAccountID, WithdrawDate, Amount) VALUES (248, TO_DATE('7-2-2003','DD-MM-YYYY'), 131475.0);
INSERT INTO Account(CostumerCostumerID, BranchBranchID, Amount, BeginDate, EndDate) VALUES (124, 923, 262950.0, TO_DATE('7-2-2003','DD-MM-YYYY'), NULL);
INSERT INTO SavingsAccount(AccountAccountID, InterestRate, DurationYears) VALUES (249, 0.05, 9);
INSERT INTO Transfer(AccountAccountIDFrom, AccountAccountIDTo, TransferDate, Amount) VALUES (248, 249, TO_DATE('7-2-2003','DD-MM-YYYY'), 262950.0);
INSERT INTO Person(GovID,Name, PhoneNumber, Email, Address, Birthday, Nationality) VALUES (1111121252,'Kima eco','900010141', 'Kima_eco21@sapo.pt', 'Merate, Italy', TO_DATE('26-6-2008','DD-MM-YYYY'), 'Italy');
INSERT INTO Costumer(PersonGovID) VALUES (1111121252);
INSERT INTO Account(CostumerCostumerID, BranchBranchID, Amount, BeginDate, EndDate) VALUES (125, 1045, 31685.0, TO_DATE('12-9-2000','DD-MM-YYYY'), NULL);
INSERT INTO CurrentAccount(AccountAccountID, MaximumWithdraw) VALUES (250, 400);
INSERT INTO Deposit(AccountAccountID, DepositDate, Amount) VALUES (250, TO_DATE('12-9-2000','DD-MM-YYYY'),126740);
INSERT INTO Withdraw(CurrentAccountAccountID, WithdrawDate, Amount) VALUES (250, TO_DATE('12-9-2000','DD-MM-YYYY'), 31685.0);
INSERT INTO Account(CostumerCostumerID, BranchBranchID, Amount, BeginDate, EndDate) VALUES (125, 1045, 63370.0, TO_DATE('12-9-2000','DD-MM-YYYY'), NULL);
INSERT INTO SavingsAccount(AccountAccountID, InterestRate, DurationYears) VALUES (251, 0.05, 7);
INSERT INTO Transfer(AccountAccountIDFrom, AccountAccountIDTo, TransferDate, Amount) VALUES (250, 251, TO_DATE('12-9-2000','DD-MM-YYYY'), 63370.0);
INSERT INTO Person(GovID,Name, PhoneNumber, Email, Address, Birthday, Nationality) VALUES (1111121253,'Kimber eco','900010142', 'Kimber_eco27@sapo.pt', 'Cluj-Napoca, Romania', TO_DATE('15-1-2008','DD-MM-YYYY'), 'Romania');
INSERT INTO Costumer(PersonGovID) VALUES (1111121253);
INSERT INTO Account(CostumerCostumerID, BranchBranchID, Amount, BeginDate, EndDate) VALUES (126, 979, 182397.25, TO_DATE('16-1-2014','DD-MM-YYYY'), NULL);
INSERT INTO CurrentAccount(AccountAccountID, MaximumWithdraw) VALUES (252, 400);
INSERT INTO Deposit(AccountAccountID, DepositDate, Amount) VALUES (252, TO_DATE('16-1-2014','DD-MM-YYYY'),729589);
INSERT INTO Withdraw(CurrentAccountAccountID, WithdrawDate, Amount) VALUES (252, TO_DATE('16-1-2014','DD-MM-YYYY'), 182397.25);
INSERT INTO Account(CostumerCostumerID, BranchBranchID, Amount, BeginDate, EndDate) VALUES (126, 979, 364794.5, TO_DATE('16-1-2014','DD-MM-YYYY'), NULL);
INSERT INTO SavingsAccount(AccountAccountID, InterestRate, DurationYears) VALUES (253, 0.05, 8);
INSERT INTO Transfer(AccountAccountIDFrom, AccountAccountIDTo, TransferDate, Amount) VALUES (252, 253, TO_DATE('16-1-2014','DD-MM-YYYY'), 364794.5);
INSERT INTO Person(GovID,Name, PhoneNumber, Email, Address, Birthday, Nationality) VALUES (1111121254,'Kimberely eco','900010143', 'Kimberely_eco50@sapo.pt', 'Sint-Truiden, Belgium', TO_DATE('26-9-1965','DD-MM-YYYY'), 'Belgium');
INSERT INTO Costumer(PersonGovID) VALUES (1111121254);
INSERT INTO Account(CostumerCostumerID, BranchBranchID, Amount, BeginDate, EndDate) VALUES (127, 750, 125279.5, TO_DATE('20-6-2014','DD-MM-YYYY'), NULL);
INSERT INTO CurrentAccount(AccountAccountID, MaximumWithdraw) VALUES (254, 400);
INSERT INTO Deposit(AccountAccountID, DepositDate, Amount) VALUES (254, TO_DATE('20-6-2014','DD-MM-YYYY'),501118);
INSERT INTO Withdraw(CurrentAccountAccountID, WithdrawDate, Amount) VALUES (254, TO_DATE('20-6-2014','DD-MM-YYYY'), 125279.5);
INSERT INTO Account(CostumerCostumerID, BranchBranchID, Amount, BeginDate, EndDate) VALUES (127, 750, 250559.0, TO_DATE('20-6-2014','DD-MM-YYYY'), NULL);
INSERT INTO SavingsAccount(AccountAccountID, InterestRate, DurationYears) VALUES (255, 0.05, 10);
INSERT INTO Transfer(AccountAccountIDFrom, AccountAccountIDTo, TransferDate, Amount) VALUES (254, 255, TO_DATE('20-6-2014','DD-MM-YYYY'), 250559.0);
INSERT INTO Person(GovID,Name, PhoneNumber, Email, Address, Birthday, Nationality) VALUES (1111121255,'Kimberlee eco','900010144', 'Kimberlee_eco47@sapo.pt', 'Funchal, Portugal', TO_DATE('5-7-1961','DD-MM-YYYY'), 'Portugal');
INSERT INTO Costumer(PersonGovID) VALUES (1111121255);
INSERT INTO Account(CostumerCostumerID, BranchBranchID, Amount, BeginDate, EndDate) VALUES (128, 1161, 181132.5, TO_DATE('24-11-2001','DD-MM-YYYY'), NULL);
INSERT INTO CurrentAccount(AccountAccountID, MaximumWithdraw) VALUES (256, 400);
INSERT INTO Deposit(AccountAccountID, DepositDate, Amount) VALUES (256, TO_DATE('24-11-2001','DD-MM-YYYY'),724530);
INSERT INTO Withdraw(CurrentAccountAccountID, WithdrawDate, Amount) VALUES (256, TO_DATE('24-11-2001','DD-MM-YYYY'), 181132.5);
INSERT INTO Account(CostumerCostumerID, BranchBranchID, Amount, BeginDate, EndDate) VALUES (128, 1161, 362265.0, TO_DATE('24-11-2001','DD-MM-YYYY'), NULL);
INSERT INTO SavingsAccount(AccountAccountID, InterestRate, DurationYears) VALUES (257, 0.05, 5);
INSERT INTO Transfer(AccountAccountIDFrom, AccountAccountIDTo, TransferDate, Amount) VALUES (256, 257, TO_DATE('24-11-2001','DD-MM-YYYY'), 362265.0);
INSERT INTO Person(GovID,Name, PhoneNumber, Email, Address, Birthday, Nationality) VALUES (1111121256,'Kimberley eco','900010145', 'Kimberley_eco64@sapo.pt', 'Le Vesinet, France', TO_DATE('14-8-2000','DD-MM-YYYY'), 'France');
INSERT INTO Costumer(PersonGovID) VALUES (1111121256);
INSERT INTO Account(CostumerCostumerID, BranchBranchID, Amount, BeginDate, EndDate) VALUES (129, 72, 22812.25, TO_DATE('9-10-2014','DD-MM-YYYY'), NULL);
INSERT INTO CurrentAccount(AccountAccountID, MaximumWithdraw) VALUES (258, 400);
INSERT INTO Deposit(AccountAccountID, DepositDate, Amount) VALUES (258, TO_DATE('9-10-2014','DD-MM-YYYY'),91249);
INSERT INTO Withdraw(CurrentAccountAccountID, WithdrawDate, Amount) VALUES (258, TO_DATE('9-10-2014','DD-MM-YYYY'), 22812.25);
INSERT INTO Account(CostumerCostumerID, BranchBranchID, Amount, BeginDate, EndDate) VALUES (129, 72, 45624.5, TO_DATE('9-10-2014','DD-MM-YYYY'), NULL);
INSERT INTO SavingsAccount(AccountAccountID, InterestRate, DurationYears) VALUES (259, 0.05, 3);
INSERT INTO Transfer(AccountAccountIDFrom, AccountAccountIDTo, TransferDate, Amount) VALUES (258, 259, TO_DATE('9-10-2014','DD-MM-YYYY'), 45624.5);
INSERT INTO Person(GovID,Name, PhoneNumber, Email, Address, Birthday, Nationality) VALUES (1111121257,'Kimberli eco','900010146', 'Kimberli_eco3@sapo.pt', 'Solingen, Germany', TO_DATE('7-11-1979','DD-MM-YYYY'), 'Germany');
INSERT INTO Costumer(PersonGovID) VALUES (1111121257);
INSERT INTO Account(CostumerCostumerID, BranchBranchID, Amount, BeginDate, EndDate) VALUES (130, 1028, 130798.0, TO_DATE('24-7-2008','DD-MM-YYYY'), NULL);
INSERT INTO CurrentAccount(AccountAccountID, MaximumWithdraw) VALUES (260, 400);
INSERT INTO Deposit(AccountAccountID, DepositDate, Amount) VALUES (260, TO_DATE('24-7-2008','DD-MM-YYYY'),523192);
INSERT INTO Withdraw(CurrentAccountAccountID, WithdrawDate, Amount) VALUES (260, TO_DATE('24-7-2008','DD-MM-YYYY'), 130798.0);
INSERT INTO Account(CostumerCostumerID, BranchBranchID, Amount, BeginDate, EndDate) VALUES (130, 1028, 261596.0, TO_DATE('24-7-2008','DD-MM-YYYY'), NULL);
INSERT INTO SavingsAccount(AccountAccountID, InterestRate, DurationYears) VALUES (261, 0.05, 5);
INSERT INTO Transfer(AccountAccountIDFrom, AccountAccountIDTo, TransferDate, Amount) VALUES (260, 261, TO_DATE('24-7-2008','DD-MM-YYYY'), 261596.0);
INSERT INTO Person(GovID,Name, PhoneNumber, Email, Address, Birthday, Nationality) VALUES (1111121258,'Kimberlie eco','900010147', 'Kimberlie_eco60@sapo.pt', 'Thessaloniki, Greece', TO_DATE('19-2-2007','DD-MM-YYYY'), 'Greece');
INSERT INTO Costumer(PersonGovID) VALUES (1111121258);
INSERT INTO Account(CostumerCostumerID, BranchBranchID, Amount, BeginDate, EndDate) VALUES (131, 779, 85579.0, TO_DATE('2-12-2009','DD-MM-YYYY'), NULL);
INSERT INTO CurrentAccount(AccountAccountID, MaximumWithdraw) VALUES (262, 400);
INSERT INTO Deposit(AccountAccountID, DepositDate, Amount) VALUES (262, TO_DATE('2-12-2009','DD-MM-YYYY'),342316);
INSERT INTO Withdraw(CurrentAccountAccountID, WithdrawDate, Amount) VALUES (262, TO_DATE('2-12-2009','DD-MM-YYYY'), 85579.0);
INSERT INTO Account(CostumerCostumerID, BranchBranchID, Amount, BeginDate, EndDate) VALUES (131, 779, 171158.0, TO_DATE('2-12-2009','DD-MM-YYYY'), NULL);
INSERT INTO SavingsAccount(AccountAccountID, InterestRate, DurationYears) VALUES (263, 0.05, 10);
INSERT INTO Transfer(AccountAccountIDFrom, AccountAccountIDTo, TransferDate, Amount) VALUES (262, 263, TO_DATE('2-12-2009','DD-MM-YYYY'), 171158.0);
INSERT INTO Person(GovID,Name, PhoneNumber, Email, Address, Birthday, Nationality) VALUES (1111121259,'Kimberly eco','900010148', 'Kimberly_eco40@sapo.pt', 'Le Lavandou, France', TO_DATE('5-8-1986','DD-MM-YYYY'), 'France');
INSERT INTO Costumer(PersonGovID) VALUES (1111121259);
INSERT INTO Account(CostumerCostumerID, BranchBranchID, Amount, BeginDate, EndDate) VALUES (132, 8, 219794.5, TO_DATE('16-2-2014','DD-MM-YYYY'), NULL);
INSERT INTO CurrentAccount(AccountAccountID, MaximumWithdraw) VALUES (264, 400);
INSERT INTO Deposit(AccountAccountID, DepositDate, Amount) VALUES (264, TO_DATE('16-2-2014','DD-MM-YYYY'),879178);
INSERT INTO Withdraw(CurrentAccountAccountID, WithdrawDate, Amount) VALUES (264, TO_DATE('16-2-2014','DD-MM-YYYY'), 219794.5);
INSERT INTO Account(CostumerCostumerID, BranchBranchID, Amount, BeginDate, EndDate) VALUES (132, 8, 439589.0, TO_DATE('16-2-2014','DD-MM-YYYY'), NULL);
INSERT INTO SavingsAccount(AccountAccountID, InterestRate, DurationYears) VALUES (265, 0.05, 9);
INSERT INTO Transfer(AccountAccountIDFrom, AccountAccountIDTo, TransferDate, Amount) VALUES (264, 265, TO_DATE('16-2-2014','DD-MM-YYYY'), 439589.0);
INSERT INTO Person(GovID,Name, PhoneNumber, Email, Address, Birthday, Nationality) VALUES (1111121260,'Kimbery eco','900010149', 'Kimbery_eco36@sapo.pt', 'Plaisir, France', TO_DATE('24-3-2008','DD-MM-YYYY'), 'France');
INSERT INTO Costumer(PersonGovID) VALUES (1111121260);
INSERT INTO Account(CostumerCostumerID, BranchBranchID, Amount, BeginDate, EndDate) VALUES (133, 92, 189539.25, TO_DATE('2-1-2003','DD-MM-YYYY'), NULL);
INSERT INTO CurrentAccount(AccountAccountID, MaximumWithdraw) VALUES (266, 400);
INSERT INTO Deposit(AccountAccountID, DepositDate, Amount) VALUES (266, TO_DATE('2-1-2003','DD-MM-YYYY'),758157);
INSERT INTO Withdraw(CurrentAccountAccountID, WithdrawDate, Amount) VALUES (266, TO_DATE('2-1-2003','DD-MM-YYYY'), 189539.25);
INSERT INTO Account(CostumerCostumerID, BranchBranchID, Amount, BeginDate, EndDate) VALUES (133, 92, 379078.5, TO_DATE('2-1-2003','DD-MM-YYYY'), NULL);
INSERT INTO SavingsAccount(AccountAccountID, InterestRate, DurationYears) VALUES (267, 0.05, 10);
INSERT INTO Transfer(AccountAccountIDFrom, AccountAccountIDTo, TransferDate, Amount) VALUES (266, 267, TO_DATE('2-1-2003','DD-MM-YYYY'), 379078.5);
INSERT INTO Person(GovID,Name, PhoneNumber, Email, Address, Birthday, Nationality) VALUES (1111121261,'Kimbra eco','900010150', 'Kimbra_eco35@sapo.pt', 'Arcos de Valdevez, Portugal', TO_DATE('12-5-2008','DD-MM-YYYY'), 'Portugal');
INSERT INTO Costumer(PersonGovID) VALUES (1111121261);
INSERT INTO Account(CostumerCostumerID, BranchBranchID, Amount, BeginDate, EndDate) VALUES (134, 795, 131686.25, TO_DATE('19-4-2016','DD-MM-YYYY'), NULL);
INSERT INTO CurrentAccount(AccountAccountID, MaximumWithdraw) VALUES (268, 400);
INSERT INTO Deposit(AccountAccountID, DepositDate, Amount) VALUES (268, TO_DATE('19-4-2016','DD-MM-YYYY'),526745);
INSERT INTO Withdraw(CurrentAccountAccountID, WithdrawDate, Amount) VALUES (268, TO_DATE('19-4-2016','DD-MM-YYYY'), 131686.25);
INSERT INTO Account(CostumerCostumerID, BranchBranchID, Amount, BeginDate, EndDate) VALUES (134, 795, 263372.5, TO_DATE('19-4-2016','DD-MM-YYYY'), NULL);
INSERT INTO SavingsAccount(AccountAccountID, InterestRate, DurationYears) VALUES (269, 0.05, 9);
INSERT INTO Transfer(AccountAccountIDFrom, AccountAccountIDTo, TransferDate, Amount) VALUES (268, 269, TO_DATE('19-4-2016','DD-MM-YYYY'), 263372.5);
INSERT INTO Person(GovID,Name, PhoneNumber, Email, Address, Birthday, Nationality) VALUES (1111121262,'Kimera eco','900010151', 'Kimera_eco15@sapo.pt', 'Gotha, Germany', TO_DATE('28-2-1976','DD-MM-YYYY'), 'Germany');
INSERT INTO Costumer(PersonGovID) VALUES (1111121262);
INSERT INTO Account(CostumerCostumerID, BranchBranchID, Amount, BeginDate, EndDate) VALUES (135, 275, 241251.5, TO_DATE('7-4-2005','DD-MM-YYYY'), NULL);
INSERT INTO CurrentAccount(AccountAccountID, MaximumWithdraw) VALUES (270, 400);
INSERT INTO Deposit(AccountAccountID, DepositDate, Amount) VALUES (270, TO_DATE('7-4-2005','DD-MM-YYYY'),965006);
INSERT INTO Withdraw(CurrentAccountAccountID, WithdrawDate, Amount) VALUES (270, TO_DATE('7-4-2005','DD-MM-YYYY'), 241251.5);
INSERT INTO Account(CostumerCostumerID, BranchBranchID, Amount, BeginDate, EndDate) VALUES (135, 275, 482503.0, TO_DATE('7-4-2005','DD-MM-YYYY'), NULL);
INSERT INTO SavingsAccount(AccountAccountID, InterestRate, DurationYears) VALUES (271, 0.05, 5);
INSERT INTO Transfer(AccountAccountIDFrom, AccountAccountIDTo, TransferDate, Amount) VALUES (270, 271, TO_DATE('7-4-2005','DD-MM-YYYY'), 482503.0);
INSERT INTO Person(GovID,Name, PhoneNumber, Email, Address, Birthday, Nationality) VALUES (1111121263,'Kimetz eco','900010152', 'Kimetz_eco69@sapo.pt', 'Morzheim, Germany', TO_DATE('20-7-1989','DD-MM-YYYY'), 'Germany');
INSERT INTO Costumer(PersonGovID) VALUES (1111121263);
INSERT INTO Account(CostumerCostumerID, BranchBranchID, Amount, BeginDate, EndDate) VALUES (136, 42, 227688.25, TO_DATE('7-6-2003','DD-MM-YYYY'), NULL);
INSERT INTO CurrentAccount(AccountAccountID, MaximumWithdraw) VALUES (272, 400);
INSERT INTO Deposit(AccountAccountID, DepositDate, Amount) VALUES (272, TO_DATE('7-6-2003','DD-MM-YYYY'),910753);
INSERT INTO Withdraw(CurrentAccountAccountID, WithdrawDate, Amount) VALUES (272, TO_DATE('7-6-2003','DD-MM-YYYY'), 227688.25);
INSERT INTO Account(CostumerCostumerID, BranchBranchID, Amount, BeginDate, EndDate) VALUES (136, 42, 455376.5, TO_DATE('7-6-2003','DD-MM-YYYY'), NULL);
INSERT INTO SavingsAccount(AccountAccountID, InterestRate, DurationYears) VALUES (273, 0.05, 4);
INSERT INTO Transfer(AccountAccountIDFrom, AccountAccountIDTo, TransferDate, Amount) VALUES (272, 273, TO_DATE('7-6-2003','DD-MM-YYYY'), 455376.5);
INSERT INTO Person(GovID,Name, PhoneNumber, Email, Address, Birthday, Nationality) VALUES (1111121264,'Kimi eco','900010153', 'Kimi_eco4@sapo.pt', 'Kielce, Poland', TO_DATE('13-4-1951','DD-MM-YYYY'), 'Poland');
INSERT INTO Costumer(PersonGovID) VALUES (1111121264);
INSERT INTO Account(CostumerCostumerID, BranchBranchID, Amount, BeginDate, EndDate) VALUES (137, 47, 50070.0, TO_DATE('1-4-2002','DD-MM-YYYY'), NULL);
INSERT INTO CurrentAccount(AccountAccountID, MaximumWithdraw) VALUES (274, 400);
INSERT INTO Deposit(AccountAccountID, DepositDate, Amount) VALUES (274, TO_DATE('1-4-2002','DD-MM-YYYY'),200280);
INSERT INTO Withdraw(CurrentAccountAccountID, WithdrawDate, Amount) VALUES (274, TO_DATE('1-4-2002','DD-MM-YYYY'), 50070.0);
INSERT INTO Account(CostumerCostumerID, BranchBranchID, Amount, BeginDate, EndDate) VALUES (137, 47, 100140.0, TO_DATE('1-4-2002','DD-MM-YYYY'), NULL);
INSERT INTO SavingsAccount(AccountAccountID, InterestRate, DurationYears) VALUES (275, 0.05, 5);
INSERT INTO Transfer(AccountAccountIDFrom, AccountAccountIDTo, TransferDate, Amount) VALUES (274, 275, TO_DATE('1-4-2002','DD-MM-YYYY'), 100140.0);
INSERT INTO Person(GovID,Name, PhoneNumber, Email, Address, Birthday, Nationality) VALUES (1111121265,'Kimiko eco','900010154', 'Kimiko_eco44@sapo.pt', 'Karlsruhe, Germany', TO_DATE('25-6-1965','DD-MM-YYYY'), 'Germany');
INSERT INTO Costumer(PersonGovID) VALUES (1111121265);
INSERT INTO Account(CostumerCostumerID, BranchBranchID, Amount, BeginDate, EndDate) VALUES (138, 784, 60309.25, TO_DATE('13-5-2010','DD-MM-YYYY'), NULL);
INSERT INTO CurrentAccount(AccountAccountID, MaximumWithdraw) VALUES (276, 400);
INSERT INTO Deposit(AccountAccountID, DepositDate, Amount) VALUES (276, TO_DATE('13-5-2010','DD-MM-YYYY'),241237);
INSERT INTO Withdraw(CurrentAccountAccountID, WithdrawDate, Amount) VALUES (276, TO_DATE('13-5-2010','DD-MM-YYYY'), 60309.25);
INSERT INTO Account(CostumerCostumerID, BranchBranchID, Amount, BeginDate, EndDate) VALUES (138, 784, 120618.5, TO_DATE('13-5-2010','DD-MM-YYYY'), NULL);
INSERT INTO SavingsAccount(AccountAccountID, InterestRate, DurationYears) VALUES (277, 0.05, 7);
INSERT INTO Transfer(AccountAccountIDFrom, AccountAccountIDTo, TransferDate, Amount) VALUES (276, 277, TO_DATE('13-5-2010','DD-MM-YYYY'), 120618.5);
INSERT INTO Person(GovID,Name, PhoneNumber, Email, Address, Birthday, Nationality) VALUES (1111121266,'Kin eco','900010155', 'Kin_eco65@sapo.pt', 'Almada, Portugal', TO_DATE('5-9-1950','DD-MM-YYYY'), 'Portugal');
INSERT INTO Costumer(PersonGovID) VALUES (1111121266);
INSERT INTO Account(CostumerCostumerID, BranchBranchID, Amount, BeginDate, EndDate) VALUES (139, 168, 152598.75, TO_DATE('4-4-2006','DD-MM-YYYY'), NULL);
INSERT INTO CurrentAccount(AccountAccountID, MaximumWithdraw) VALUES (278, 400);
INSERT INTO Deposit(AccountAccountID, DepositDate, Amount) VALUES (278, TO_DATE('4-4-2006','DD-MM-YYYY'),610395);
INSERT INTO Withdraw(CurrentAccountAccountID, WithdrawDate, Amount) VALUES (278, TO_DATE('4-4-2006','DD-MM-YYYY'), 152598.75);
INSERT INTO Account(CostumerCostumerID, BranchBranchID, Amount, BeginDate, EndDate) VALUES (139, 168, 305197.5, TO_DATE('4-4-2006','DD-MM-YYYY'), NULL);
INSERT INTO SavingsAccount(AccountAccountID, InterestRate, DurationYears) VALUES (279, 0.05, 5);
INSERT INTO Transfer(AccountAccountIDFrom, AccountAccountIDTo, TransferDate, Amount) VALUES (278, 279, TO_DATE('4-4-2006','DD-MM-YYYY'), 305197.5);
INSERT INTO Person(GovID,Name, PhoneNumber, Email, Address, Birthday, Nationality) VALUES (1111121267,'Kina eco','900010156', 'Kina_eco75@sapo.pt', 'Castelln De la Plana, Spain', TO_DATE('22-7-1955','DD-MM-YYYY'), 'Spain');
INSERT INTO Costumer(PersonGovID) VALUES (1111121267);
INSERT INTO Account(CostumerCostumerID, BranchBranchID, Amount, BeginDate, EndDate) VALUES (140, 197, 126666.25, TO_DATE('27-5-2003','DD-MM-YYYY'), NULL);
INSERT INTO CurrentAccount(AccountAccountID, MaximumWithdraw) VALUES (280, 400);
INSERT INTO Deposit(AccountAccountID, DepositDate, Amount) VALUES (280, TO_DATE('27-5-2003','DD-MM-YYYY'),506665);
INSERT INTO Withdraw(CurrentAccountAccountID, WithdrawDate, Amount) VALUES (280, TO_DATE('27-5-2003','DD-MM-YYYY'), 126666.25);
INSERT INTO Account(CostumerCostumerID, BranchBranchID, Amount, BeginDate, EndDate) VALUES (140, 197, 253332.5, TO_DATE('27-5-2003','DD-MM-YYYY'), NULL);
INSERT INTO SavingsAccount(AccountAccountID, InterestRate, DurationYears) VALUES (281, 0.05, 3);
INSERT INTO Transfer(AccountAccountIDFrom, AccountAccountIDTo, TransferDate, Amount) VALUES (280, 281, TO_DATE('27-5-2003','DD-MM-YYYY'), 253332.5);
INSERT INTO Person(GovID,Name, PhoneNumber, Email, Address, Birthday, Nationality) VALUES (1111121268,'Kinda eco','900010157', 'Kinda_eco94@sapo.pt', 'Villanueva de la Caada, Spain', TO_DATE('19-12-1985','DD-MM-YYYY'), 'Spain');
INSERT INTO Costumer(PersonGovID) VALUES (1111121268);
INSERT INTO Account(CostumerCostumerID, BranchBranchID, Amount, BeginDate, EndDate) VALUES (141, 1004, 116901.75, TO_DATE('16-5-2013','DD-MM-YYYY'), NULL);
INSERT INTO CurrentAccount(AccountAccountID, MaximumWithdraw) VALUES (282, 400);
INSERT INTO Deposit(AccountAccountID, DepositDate, Amount) VALUES (282, TO_DATE('16-5-2013','DD-MM-YYYY'),467607);
INSERT INTO Withdraw(CurrentAccountAccountID, WithdrawDate, Amount) VALUES (282, TO_DATE('16-5-2013','DD-MM-YYYY'), 116901.75);
INSERT INTO Account(CostumerCostumerID, BranchBranchID, Amount, BeginDate, EndDate) VALUES (141, 1004, 233803.5, TO_DATE('16-5-2013','DD-MM-YYYY'), NULL);
INSERT INTO SavingsAccount(AccountAccountID, InterestRate, DurationYears) VALUES (283, 0.05, 4);
INSERT INTO Transfer(AccountAccountIDFrom, AccountAccountIDTo, TransferDate, Amount) VALUES (282, 283, TO_DATE('16-5-2013','DD-MM-YYYY'), 233803.5);
INSERT INTO Person(GovID,Name, PhoneNumber, Email, Address, Birthday, Nationality) VALUES (1111121269,'Kindra eco','900010158', 'Kindra_eco73@sapo.pt', 'Valldemosa, Spain', TO_DATE('7-2-2002','DD-MM-YYYY'), 'Spain');
INSERT INTO Costumer(PersonGovID) VALUES (1111121269);
INSERT INTO Account(CostumerCostumerID, BranchBranchID, Amount, BeginDate, EndDate) VALUES (142, 325, 150065.75, TO_DATE('18-6-2013','DD-MM-YYYY'), NULL);
INSERT INTO CurrentAccount(AccountAccountID, MaximumWithdraw) VALUES (284, 400);
INSERT INTO Deposit(AccountAccountID, DepositDate, Amount) VALUES (284, TO_DATE('18-6-2013','DD-MM-YYYY'),600263);
INSERT INTO Withdraw(CurrentAccountAccountID, WithdrawDate, Amount) VALUES (284, TO_DATE('18-6-2013','DD-MM-YYYY'), 150065.75);
INSERT INTO Account(CostumerCostumerID, BranchBranchID, Amount, BeginDate, EndDate) VALUES (142, 325, 300131.5, TO_DATE('18-6-2013','DD-MM-YYYY'), NULL);
INSERT INTO SavingsAccount(AccountAccountID, InterestRate, DurationYears) VALUES (285, 0.05, 5);
INSERT INTO Transfer(AccountAccountIDFrom, AccountAccountIDTo, TransferDate, Amount) VALUES (284, 285, TO_DATE('18-6-2013','DD-MM-YYYY'), 300131.5);
INSERT INTO Person(GovID,Name, PhoneNumber, Email, Address, Birthday, Nationality) VALUES (1111121270,'Kine eco','900010159', 'Kine_eco33@sapo.pt', 'Sala Biellese, Italy', TO_DATE('4-10-1983','DD-MM-YYYY'), 'Italy');
INSERT INTO Costumer(PersonGovID) VALUES (1111121270);
INSERT INTO Account(CostumerCostumerID, BranchBranchID, Amount, BeginDate, EndDate) VALUES (143, 617, 59446.5, TO_DATE('27-3-2016','DD-MM-YYYY'), NULL);
INSERT INTO CurrentAccount(AccountAccountID, MaximumWithdraw) VALUES (286, 400);
INSERT INTO Deposit(AccountAccountID, DepositDate, Amount) VALUES (286, TO_DATE('27-3-2016','DD-MM-YYYY'),237786);
INSERT INTO Withdraw(CurrentAccountAccountID, WithdrawDate, Amount) VALUES (286, TO_DATE('27-3-2016','DD-MM-YYYY'), 59446.5);
INSERT INTO Account(CostumerCostumerID, BranchBranchID, Amount, BeginDate, EndDate) VALUES (143, 617, 118893.0, TO_DATE('27-3-2016','DD-MM-YYYY'), NULL);
INSERT INTO SavingsAccount(AccountAccountID, InterestRate, DurationYears) VALUES (287, 0.05, 7);
INSERT INTO Transfer(AccountAccountIDFrom, AccountAccountIDTo, TransferDate, Amount) VALUES (286, 287, TO_DATE('27-3-2016','DD-MM-YYYY'), 118893.0);
INSERT INTO Person(GovID,Name, PhoneNumber, Email, Address, Birthday, Nationality) VALUES (1111121271,'King eco','900010160', 'King_eco19@sapo.pt', 'Zittau, Germany', TO_DATE('16-8-1953','DD-MM-YYYY'), 'Germany');
INSERT INTO Costumer(PersonGovID) VALUES (1111121271);
INSERT INTO Account(CostumerCostumerID, BranchBranchID, Amount, BeginDate, EndDate) VALUES (144, 291, 127249.25, TO_DATE('3-2-2012','DD-MM-YYYY'), NULL);
INSERT INTO CurrentAccount(AccountAccountID, MaximumWithdraw) VALUES (288, 400);
INSERT INTO Deposit(AccountAccountID, DepositDate, Amount) VALUES (288, TO_DATE('3-2-2012','DD-MM-YYYY'),508997);
INSERT INTO Withdraw(CurrentAccountAccountID, WithdrawDate, Amount) VALUES (288, TO_DATE('3-2-2012','DD-MM-YYYY'), 127249.25);
INSERT INTO Account(CostumerCostumerID, BranchBranchID, Amount, BeginDate, EndDate) VALUES (144, 291, 254498.5, TO_DATE('3-2-2012','DD-MM-YYYY'), NULL);
INSERT INTO SavingsAccount(AccountAccountID, InterestRate, DurationYears) VALUES (289, 0.05, 3);
INSERT INTO Transfer(AccountAccountIDFrom, AccountAccountIDTo, TransferDate, Amount) VALUES (288, 289, TO_DATE('3-2-2012','DD-MM-YYYY'), 254498.5);
INSERT INTO Person(GovID,Name, PhoneNumber, Email, Address, Birthday, Nationality) VALUES (1111121272,'Kinga eco','900010161', 'Kinga_eco96@sapo.pt', 'Alttting, Germany', TO_DATE('1-10-1992','DD-MM-YYYY'), 'Germany');
INSERT INTO Costumer(PersonGovID) VALUES (1111121272);
INSERT INTO Account(CostumerCostumerID, BranchBranchID, Amount, BeginDate, EndDate) VALUES (145, 929, 203995.0, TO_DATE('26-7-2014','DD-MM-YYYY'), NULL);
INSERT INTO CurrentAccount(AccountAccountID, MaximumWithdraw) VALUES (290, 400);
INSERT INTO Deposit(AccountAccountID, DepositDate, Amount) VALUES (290, TO_DATE('26-7-2014','DD-MM-YYYY'),815980);
INSERT INTO Withdraw(CurrentAccountAccountID, WithdrawDate, Amount) VALUES (290, TO_DATE('26-7-2014','DD-MM-YYYY'), 203995.0);
INSERT INTO Account(CostumerCostumerID, BranchBranchID, Amount, BeginDate, EndDate) VALUES (145, 929, 407990.0, TO_DATE('26-7-2014','DD-MM-YYYY'), NULL);
INSERT INTO SavingsAccount(AccountAccountID, InterestRate, DurationYears) VALUES (291, 0.05, 7);
INSERT INTO Transfer(AccountAccountIDFrom, AccountAccountIDTo, TransferDate, Amount) VALUES (290, 291, TO_DATE('26-7-2014','DD-MM-YYYY'), 407990.0);
INSERT INTO Person(GovID,Name, PhoneNumber, Email, Address, Birthday, Nationality) VALUES (1111121273,'Kingsley eco','900010162', 'Kingsley_eco0@sapo.pt', 'Cosenza, Italy', TO_DATE('12-11-1994','DD-MM-YYYY'), 'Italy');
INSERT INTO Costumer(PersonGovID) VALUES (1111121273);
INSERT INTO Account(CostumerCostumerID, BranchBranchID, Amount, BeginDate, EndDate) VALUES (146, 1212, 177744.5, TO_DATE('13-7-2005','DD-MM-YYYY'), NULL);
INSERT INTO CurrentAccount(AccountAccountID, MaximumWithdraw) VALUES (292, 400);
INSERT INTO Deposit(AccountAccountID, DepositDate, Amount) VALUES (292, TO_DATE('13-7-2005','DD-MM-YYYY'),710978);
INSERT INTO Withdraw(CurrentAccountAccountID, WithdrawDate, Amount) VALUES (292, TO_DATE('13-7-2005','DD-MM-YYYY'), 177744.5);
INSERT INTO Account(CostumerCostumerID, BranchBranchID, Amount, BeginDate, EndDate) VALUES (146, 1212, 355489.0, TO_DATE('13-7-2005','DD-MM-YYYY'), NULL);
INSERT INTO SavingsAccount(AccountAccountID, InterestRate, DurationYears) VALUES (293, 0.05, 8);
INSERT INTO Transfer(AccountAccountIDFrom, AccountAccountIDTo, TransferDate, Amount) VALUES (292, 293, TO_DATE('13-7-2005','DD-MM-YYYY'), 355489.0);
INSERT INTO Person(GovID,Name, PhoneNumber, Email, Address, Birthday, Nationality) VALUES (1111121274,'Kintuillang eco','900010163', 'Kintuillang_eco74@sapo.pt', 'Viseu, Portugal', TO_DATE('19-9-1974','DD-MM-YYYY'), 'Portugal');
INSERT INTO Costumer(PersonGovID) VALUES (1111121274);
INSERT INTO Account(CostumerCostumerID, BranchBranchID, Amount, BeginDate, EndDate) VALUES (147, 571, 26470.25, TO_DATE('18-1-2011','DD-MM-YYYY'), NULL);
INSERT INTO CurrentAccount(AccountAccountID, MaximumWithdraw) VALUES (294, 400);
INSERT INTO Deposit(AccountAccountID, DepositDate, Amount) VALUES (294, TO_DATE('18-1-2011','DD-MM-YYYY'),105881);
INSERT INTO Withdraw(CurrentAccountAccountID, WithdrawDate, Amount) VALUES (294, TO_DATE('18-1-2011','DD-MM-YYYY'), 26470.25);
INSERT INTO Account(CostumerCostumerID, BranchBranchID, Amount, BeginDate, EndDate) VALUES (147, 571, 52940.5, TO_DATE('18-1-2011','DD-MM-YYYY'), NULL);
INSERT INTO SavingsAccount(AccountAccountID, InterestRate, DurationYears) VALUES (295, 0.05, 3);
INSERT INTO Transfer(AccountAccountIDFrom, AccountAccountIDTo, TransferDate, Amount) VALUES (294, 295, TO_DATE('18-1-2011','DD-MM-YYYY'), 52940.5);
INSERT INTO Person(GovID,Name, PhoneNumber, Email, Address, Birthday, Nationality) VALUES (1111121275,'Kinza eco','900010164', 'Kinza_eco9@sapo.pt', 'Koridhallos, Greece', TO_DATE('4-1-1957','DD-MM-YYYY'), 'Greece');
INSERT INTO Costumer(PersonGovID) VALUES (1111121275);
INSERT INTO Account(CostumerCostumerID, BranchBranchID, Amount, BeginDate, EndDate) VALUES (148, 840, 117237.75, TO_DATE('19-3-2002','DD-MM-YYYY'), NULL);
INSERT INTO CurrentAccount(AccountAccountID, MaximumWithdraw) VALUES (296, 400);
INSERT INTO Deposit(AccountAccountID, DepositDate, Amount) VALUES (296, TO_DATE('19-3-2002','DD-MM-YYYY'),468951);
INSERT INTO Withdraw(CurrentAccountAccountID, WithdrawDate, Amount) VALUES (296, TO_DATE('19-3-2002','DD-MM-YYYY'), 117237.75);
INSERT INTO Account(CostumerCostumerID, BranchBranchID, Amount, BeginDate, EndDate) VALUES (148, 840, 234475.5, TO_DATE('19-3-2002','DD-MM-YYYY'), NULL);
INSERT INTO SavingsAccount(AccountAccountID, InterestRate, DurationYears) VALUES (297, 0.05, 9);
INSERT INTO Transfer(AccountAccountIDFrom, AccountAccountIDTo, TransferDate, Amount) VALUES (296, 297, TO_DATE('19-3-2002','DD-MM-YYYY'), 234475.5);
INSERT INTO Person(GovID,Name, PhoneNumber, Email, Address, Birthday, Nationality) VALUES (1111121276,'Kiova eco','900010165', 'Kiova_eco80@sapo.pt', 'Budapest, Hungary', TO_DATE('27-1-1995','DD-MM-YYYY'), 'Hungary');
INSERT INTO Costumer(PersonGovID) VALUES (1111121276);
INSERT INTO Account(CostumerCostumerID, BranchBranchID, Amount, BeginDate, EndDate) VALUES (149, 261, 156616.0, TO_DATE('15-10-2007','DD-MM-YYYY'), NULL);
INSERT INTO CurrentAccount(AccountAccountID, MaximumWithdraw) VALUES (298, 400);
INSERT INTO Deposit(AccountAccountID, DepositDate, Amount) VALUES (298, TO_DATE('15-10-2007','DD-MM-YYYY'),626464);
INSERT INTO Withdraw(CurrentAccountAccountID, WithdrawDate, Amount) VALUES (298, TO_DATE('15-10-2007','DD-MM-YYYY'), 156616.0);
INSERT INTO Account(CostumerCostumerID, BranchBranchID, Amount, BeginDate, EndDate) VALUES (149, 261, 313232.0, TO_DATE('15-10-2007','DD-MM-YYYY'), NULL);
INSERT INTO SavingsAccount(AccountAccountID, InterestRate, DurationYears) VALUES (299, 0.05, 4);
INSERT INTO Transfer(AccountAccountIDFrom, AccountAccountIDTo, TransferDate, Amount) VALUES (298, 299, TO_DATE('15-10-2007','DD-MM-YYYY'), 313232.0);
INSERT INTO Person(GovID,Name, PhoneNumber, Email, Address, Birthday, Nationality) VALUES (1111121277,'Kiowa eco','900010166', 'Kiowa_eco42@sapo.pt', 'Aosta, Italy', TO_DATE('25-9-1999','DD-MM-YYYY'), 'Italy');
INSERT INTO Costumer(PersonGovID) VALUES (1111121277);
INSERT INTO Account(CostumerCostumerID, BranchBranchID, Amount, BeginDate, EndDate) VALUES (150, 183, 185861.75, TO_DATE('15-6-2012','DD-MM-YYYY'), NULL);
INSERT INTO CurrentAccount(AccountAccountID, MaximumWithdraw) VALUES (300, 400);
INSERT INTO Deposit(AccountAccountID, DepositDate, Amount) VALUES (300, TO_DATE('15-6-2012','DD-MM-YYYY'),743447);
INSERT INTO Withdraw(CurrentAccountAccountID, WithdrawDate, Amount) VALUES (300, TO_DATE('15-6-2012','DD-MM-YYYY'), 185861.75);
INSERT INTO Account(CostumerCostumerID, BranchBranchID, Amount, BeginDate, EndDate) VALUES (150, 183, 371723.5, TO_DATE('15-6-2012','DD-MM-YYYY'), NULL);
INSERT INTO SavingsAccount(AccountAccountID, InterestRate, DurationYears) VALUES (301, 0.05, 7);
INSERT INTO Transfer(AccountAccountIDFrom, AccountAccountIDTo, TransferDate, Amount) VALUES (300, 301, TO_DATE('15-6-2012','DD-MM-YYYY'), 371723.5);
INSERT INTO Person(GovID,Name, PhoneNumber, Email, Address, Birthday, Nationality) VALUES (1111121278,'Kip eco','900010167', 'Kip_eco9@sapo.pt', 'Bonn, Germany', TO_DATE('11-1-2007','DD-MM-YYYY'), 'Germany');
INSERT INTO Costumer(PersonGovID) VALUES (1111121278);
INSERT INTO Account(CostumerCostumerID, BranchBranchID, Amount, BeginDate, EndDate) VALUES (151, 650, 164837.25, TO_DATE('16-9-2016','DD-MM-YYYY'), NULL);
INSERT INTO CurrentAccount(AccountAccountID, MaximumWithdraw) VALUES (302, 400);
INSERT INTO Deposit(AccountAccountID, DepositDate, Amount) VALUES (302, TO_DATE('16-9-2016','DD-MM-YYYY'),659349);
INSERT INTO Withdraw(CurrentAccountAccountID, WithdrawDate, Amount) VALUES (302, TO_DATE('16-9-2016','DD-MM-YYYY'), 164837.25);
INSERT INTO Account(CostumerCostumerID, BranchBranchID, Amount, BeginDate, EndDate) VALUES (151, 650, 329674.5, TO_DATE('16-9-2016','DD-MM-YYYY'), NULL);
INSERT INTO SavingsAccount(AccountAccountID, InterestRate, DurationYears) VALUES (303, 0.05, 7);
INSERT INTO Transfer(AccountAccountIDFrom, AccountAccountIDTo, TransferDate, Amount) VALUES (302, 303, TO_DATE('16-9-2016','DD-MM-YYYY'), 329674.5);
INSERT INTO Person(GovID,Name, PhoneNumber, Email, Address, Birthday, Nationality) VALUES (1111121279,'Kira eco','900010168', 'Kira_eco5@sapo.pt', 'Lebach, Germany', TO_DATE('26-7-1964','DD-MM-YYYY'), 'Germany');
INSERT INTO Costumer(PersonGovID) VALUES (1111121279);
INSERT INTO Account(CostumerCostumerID, BranchBranchID, Amount, BeginDate, EndDate) VALUES (152, 724, 225226.25, TO_DATE('21-12-2016','DD-MM-YYYY'), NULL);
INSERT INTO CurrentAccount(AccountAccountID, MaximumWithdraw) VALUES (304, 400);
INSERT INTO Deposit(AccountAccountID, DepositDate, Amount) VALUES (304, TO_DATE('21-12-2016','DD-MM-YYYY'),900905);
INSERT INTO Withdraw(CurrentAccountAccountID, WithdrawDate, Amount) VALUES (304, TO_DATE('21-12-2016','DD-MM-YYYY'), 225226.25);
INSERT INTO Account(CostumerCostumerID, BranchBranchID, Amount, BeginDate, EndDate) VALUES (152, 724, 450452.5, TO_DATE('21-12-2016','DD-MM-YYYY'), NULL);
INSERT INTO SavingsAccount(AccountAccountID, InterestRate, DurationYears) VALUES (305, 0.05, 10);
INSERT INTO Transfer(AccountAccountIDFrom, AccountAccountIDTo, TransferDate, Amount) VALUES (304, 305, TO_DATE('21-12-2016','DD-MM-YYYY'), 450452.5);
INSERT INTO Person(GovID,Name, PhoneNumber, Email, Address, Birthday, Nationality) VALUES (1111121280,'Kiran eco','900010169', 'Kiran_eco76@sapo.pt', 'Friedrichshafen, Germany', TO_DATE('9-9-1964','DD-MM-YYYY'), 'Germany');
INSERT INTO Costumer(PersonGovID) VALUES (1111121280);
INSERT INTO Account(CostumerCostumerID, BranchBranchID, Amount, BeginDate, EndDate) VALUES (153, 914, 91929.0, TO_DATE('19-3-2000','DD-MM-YYYY'), NULL);
INSERT INTO CurrentAccount(AccountAccountID, MaximumWithdraw) VALUES (306, 400);
INSERT INTO Deposit(AccountAccountID, DepositDate, Amount) VALUES (306, TO_DATE('19-3-2000','DD-MM-YYYY'),367716);
INSERT INTO Withdraw(CurrentAccountAccountID, WithdrawDate, Amount) VALUES (306, TO_DATE('19-3-2000','DD-MM-YYYY'), 91929.0);
INSERT INTO Account(CostumerCostumerID, BranchBranchID, Amount, BeginDate, EndDate) VALUES (153, 914, 183858.0, TO_DATE('19-3-2000','DD-MM-YYYY'), NULL);
INSERT INTO SavingsAccount(AccountAccountID, InterestRate, DurationYears) VALUES (307, 0.05, 8);
INSERT INTO Transfer(AccountAccountIDFrom, AccountAccountIDTo, TransferDate, Amount) VALUES (306, 307, TO_DATE('19-3-2000','DD-MM-YYYY'), 183858.0);
INSERT INTO Person(GovID,Name, PhoneNumber, Email, Address, Birthday, Nationality) VALUES (1111121281,'Kirara eco','900010170', 'Kirara_eco38@sapo.pt', 'Mantova, Italy', TO_DATE('14-1-1972','DD-MM-YYYY'), 'Italy');
INSERT INTO Costumer(PersonGovID) VALUES (1111121281);
INSERT INTO Account(CostumerCostumerID, BranchBranchID, Amount, BeginDate, EndDate) VALUES (154, 420, 74085.0, TO_DATE('7-7-2008','DD-MM-YYYY'), NULL);
INSERT INTO CurrentAccount(AccountAccountID, MaximumWithdraw) VALUES (308, 400);
INSERT INTO Deposit(AccountAccountID, DepositDate, Amount) VALUES (308, TO_DATE('7-7-2008','DD-MM-YYYY'),296340);
INSERT INTO Withdraw(CurrentAccountAccountID, WithdrawDate, Amount) VALUES (308, TO_DATE('7-7-2008','DD-MM-YYYY'), 74085.0);
INSERT INTO Account(CostumerCostumerID, BranchBranchID, Amount, BeginDate, EndDate) VALUES (154, 420, 148170.0, TO_DATE('7-7-2008','DD-MM-YYYY'), NULL);
INSERT INTO SavingsAccount(AccountAccountID, InterestRate, DurationYears) VALUES (309, 0.05, 9);
INSERT INTO Transfer(AccountAccountIDFrom, AccountAccountIDTo, TransferDate, Amount) VALUES (308, 309, TO_DATE('7-7-2008','DD-MM-YYYY'), 148170.0);
INSERT INTO Person(GovID,Name, PhoneNumber, Email, Address, Birthday, Nationality) VALUES (1111121282,'Kirby eco','900010171', 'Kirby_eco96@sapo.pt', 'Reutlingen, Germany', TO_DATE('28-8-1962','DD-MM-YYYY'), 'Germany');
INSERT INTO Costumer(PersonGovID) VALUES (1111121282);
INSERT INTO Account(CostumerCostumerID, BranchBranchID, Amount, BeginDate, EndDate) VALUES (155, 951, 15516.25, TO_DATE('18-6-2008','DD-MM-YYYY'), NULL);
INSERT INTO CurrentAccount(AccountAccountID, MaximumWithdraw) VALUES (310, 400);
INSERT INTO Deposit(AccountAccountID, DepositDate, Amount) VALUES (310, TO_DATE('18-6-2008','DD-MM-YYYY'),62065);
INSERT INTO Withdraw(CurrentAccountAccountID, WithdrawDate, Amount) VALUES (310, TO_DATE('18-6-2008','DD-MM-YYYY'), 15516.25);
INSERT INTO Account(CostumerCostumerID, BranchBranchID, Amount, BeginDate, EndDate) VALUES (155, 951, 31032.5, TO_DATE('18-6-2008','DD-MM-YYYY'), NULL);
INSERT INTO SavingsAccount(AccountAccountID, InterestRate, DurationYears) VALUES (311, 0.05, 8);
INSERT INTO Transfer(AccountAccountIDFrom, AccountAccountIDTo, TransferDate, Amount) VALUES (310, 311, TO_DATE('18-6-2008','DD-MM-YYYY'), 31032.5);
INSERT INTO Person(GovID,Name, PhoneNumber, Email, Address, Birthday, Nationality) VALUES (1111121283,'Kirenia eco','900010172', 'Kirenia_eco5@sapo.pt', 'Trento, Italy', TO_DATE('14-4-1955','DD-MM-YYYY'), 'Italy');
INSERT INTO Costumer(PersonGovID) VALUES (1111121283);
INSERT INTO Account(CostumerCostumerID, BranchBranchID, Amount, BeginDate, EndDate) VALUES (156, 708, 186520.75, TO_DATE('19-6-2006','DD-MM-YYYY'), NULL);
INSERT INTO CurrentAccount(AccountAccountID, MaximumWithdraw) VALUES (312, 400);
INSERT INTO Deposit(AccountAccountID, DepositDate, Amount) VALUES (312, TO_DATE('19-6-2006','DD-MM-YYYY'),746083);
INSERT INTO Withdraw(CurrentAccountAccountID, WithdrawDate, Amount) VALUES (312, TO_DATE('19-6-2006','DD-MM-YYYY'), 186520.75);
INSERT INTO Account(CostumerCostumerID, BranchBranchID, Amount, BeginDate, EndDate) VALUES (156, 708, 373041.5, TO_DATE('19-6-2006','DD-MM-YYYY'), NULL);
INSERT INTO SavingsAccount(AccountAccountID, InterestRate, DurationYears) VALUES (313, 0.05, 4);
INSERT INTO Transfer(AccountAccountIDFrom, AccountAccountIDTo, TransferDate, Amount) VALUES (312, 313, TO_DATE('19-6-2006','DD-MM-YYYY'), 373041.5);
INSERT INTO Person(GovID,Name, PhoneNumber, Email, Address, Birthday, Nationality) VALUES (1111121284,'Kiriam eco','900010173', 'Kiriam_eco80@sapo.pt', 'Szeged, Hungary', TO_DATE('21-10-1985','DD-MM-YYYY'), 'Hungary');
INSERT INTO Costumer(PersonGovID) VALUES (1111121284);
INSERT INTO Account(CostumerCostumerID, BranchBranchID, Amount, BeginDate, EndDate) VALUES (157, 886, 112191.5, TO_DATE('9-9-2012','DD-MM-YYYY'), NULL);
INSERT INTO CurrentAccount(AccountAccountID, MaximumWithdraw) VALUES (314, 400);
INSERT INTO Deposit(AccountAccountID, DepositDate, Amount) VALUES (314, TO_DATE('9-9-2012','DD-MM-YYYY'),448766);
INSERT INTO Withdraw(CurrentAccountAccountID, WithdrawDate, Amount) VALUES (314, TO_DATE('9-9-2012','DD-MM-YYYY'), 112191.5);
INSERT INTO Account(CostumerCostumerID, BranchBranchID, Amount, BeginDate, EndDate) VALUES (157, 886, 224383.0, TO_DATE('9-9-2012','DD-MM-YYYY'), NULL);
INSERT INTO SavingsAccount(AccountAccountID, InterestRate, DurationYears) VALUES (315, 0.05, 4);
INSERT INTO Transfer(AccountAccountIDFrom, AccountAccountIDTo, TransferDate, Amount) VALUES (314, 315, TO_DATE('9-9-2012','DD-MM-YYYY'), 224383.0);
INSERT INTO Account(CostumerCostumerID, BranchBranchID, Amount, BeginDate, EndDate) VALUES (157, 886, 992806, TO_DATE('9-9-2012','DD-MM-YYYY'), NULL);
INSERT INTO CurrentAccount(AccountAccountID, MaximumWithdraw) VALUES (316, 400);
INSERT INTO Loan(BranchBranchID, CurrentAccountAccountAccountID, Amount, InterestRate, DateOfCreation, DateOfCompletion) VALUES (886, 316, 992806, 0.07, TO_DATE('9-9-2012','DD-MM-YYYY'), TO_DATE('9-9-2013','DD-MM-YYYY'));
INSERT INTO Payment(LoanLoanID, CurrentAccountAccountID, PaymentDate, Amount) VALUES (2, 316, TO_DATE('9-10-2012','DD-MM-YYYY'), 82734);
INSERT INTO Deposit(AccountAccountID, DepositDate, Amount) VALUES (316, TO_DATE('9-10-2012','DD-MM-YYYY'),82734);
INSERT INTO Payment(LoanLoanID, CurrentAccountAccountID, PaymentDate, Amount) VALUES (2, 316, TO_DATE('9-11-2012','DD-MM-YYYY'), 82734);
INSERT INTO Deposit(AccountAccountID, DepositDate, Amount) VALUES (316, TO_DATE('9-11-2012','DD-MM-YYYY'),82734);
INSERT INTO Payment(LoanLoanID, CurrentAccountAccountID, PaymentDate, Amount) VALUES (2, 316, TO_DATE('9-12-2012','DD-MM-YYYY'), 82734);
INSERT INTO Deposit(AccountAccountID, DepositDate, Amount) VALUES (316, TO_DATE('9-12-2012','DD-MM-YYYY'),82734);
INSERT INTO Payment(LoanLoanID, CurrentAccountAccountID, PaymentDate, Amount) VALUES (2, 316, TO_DATE('9-1-2013','DD-MM-YYYY'), 82734);
INSERT INTO Deposit(AccountAccountID, DepositDate, Amount) VALUES (316, TO_DATE('9-1-2013','DD-MM-YYYY'),82734);
INSERT INTO Payment(LoanLoanID, CurrentAccountAccountID, PaymentDate, Amount) VALUES (2, 316, TO_DATE('9-2-2013','DD-MM-YYYY'), 82734);
INSERT INTO Deposit(AccountAccountID, DepositDate, Amount) VALUES (316, TO_DATE('9-2-2013','DD-MM-YYYY'),82734);
INSERT INTO Payment(LoanLoanID, CurrentAccountAccountID, PaymentDate, Amount) VALUES (2, 316, TO_DATE('9-3-2013','DD-MM-YYYY'), 82734);
INSERT INTO Deposit(AccountAccountID, DepositDate, Amount) VALUES (316, TO_DATE('9-3-2013','DD-MM-YYYY'),82734);
INSERT INTO Payment(LoanLoanID, CurrentAccountAccountID, PaymentDate, Amount) VALUES (2, 316, TO_DATE('9-4-2013','DD-MM-YYYY'), 82734);
INSERT INTO Deposit(AccountAccountID, DepositDate, Amount) VALUES (316, TO_DATE('9-4-2013','DD-MM-YYYY'),82734);
INSERT INTO Payment(LoanLoanID, CurrentAccountAccountID, PaymentDate, Amount) VALUES (2, 316, TO_DATE('9-5-2013','DD-MM-YYYY'), 82734);
INSERT INTO Deposit(AccountAccountID, DepositDate, Amount) VALUES (316, TO_DATE('9-5-2013','DD-MM-YYYY'),82734);
INSERT INTO Payment(LoanLoanID, CurrentAccountAccountID, PaymentDate, Amount) VALUES (2, 316, TO_DATE('9-6-2013','DD-MM-YYYY'), 82734);
INSERT INTO Deposit(AccountAccountID, DepositDate, Amount) VALUES (316, TO_DATE('9-6-2013','DD-MM-YYYY'),82734);
INSERT INTO Payment(LoanLoanID, CurrentAccountAccountID, PaymentDate, Amount) VALUES (2, 316, TO_DATE('9-7-2013','DD-MM-YYYY'), 82734);
INSERT INTO Deposit(AccountAccountID, DepositDate, Amount) VALUES (316, TO_DATE('9-7-2013','DD-MM-YYYY'),82734);
INSERT INTO Payment(LoanLoanID, CurrentAccountAccountID, PaymentDate, Amount) VALUES (2, 316, TO_DATE('9-8-2013','DD-MM-YYYY'), 82734);
INSERT INTO Deposit(AccountAccountID, DepositDate, Amount) VALUES (316, TO_DATE('9-8-2013','DD-MM-YYYY'),82734);
INSERT INTO Payment(LoanLoanID, CurrentAccountAccountID, PaymentDate, Amount) VALUES (2, 316, TO_DATE('9-9-2013','DD-MM-YYYY'), 82734);
INSERT INTO Deposit(AccountAccountID, DepositDate, Amount) VALUES (316, TO_DATE('9-9-2013','DD-MM-YYYY'),82734);
INSERT INTO Person(GovID,Name, PhoneNumber, Email, Address, Birthday, Nationality) VALUES (1111121285,'Kirian eco','900010174', 'Kirian_eco59@sapo.pt', 'Sulzfeld, Germany', TO_DATE('11-7-1959','DD-MM-YYYY'), 'Germany');
INSERT INTO Costumer(PersonGovID) VALUES (1111121285);
INSERT INTO Account(CostumerCostumerID, BranchBranchID, Amount, BeginDate, EndDate) VALUES (158, 366, 125926.75, TO_DATE('8-7-2013','DD-MM-YYYY'), NULL);
INSERT INTO CurrentAccount(AccountAccountID, MaximumWithdraw) VALUES (317, 400);
INSERT INTO Deposit(AccountAccountID, DepositDate, Amount) VALUES (317, TO_DATE('8-7-2013','DD-MM-YYYY'),503707);
INSERT INTO Withdraw(CurrentAccountAccountID, WithdrawDate, Amount) VALUES (317, TO_DATE('8-7-2013','DD-MM-YYYY'), 125926.75);
INSERT INTO Account(CostumerCostumerID, BranchBranchID, Amount, BeginDate, EndDate) VALUES (158, 366, 251853.5, TO_DATE('8-7-2013','DD-MM-YYYY'), NULL);
INSERT INTO SavingsAccount(AccountAccountID, InterestRate, DurationYears) VALUES (318, 0.05, 8);
INSERT INTO Transfer(AccountAccountIDFrom, AccountAccountIDTo, TransferDate, Amount) VALUES (317, 318, TO_DATE('8-7-2013','DD-MM-YYYY'), 251853.5);
INSERT INTO Person(GovID,Name, PhoneNumber, Email, Address, Birthday, Nationality) VALUES (1111121286,'Kiril eco','900010175', 'Kiril_eco24@sapo.pt', 'Bucharest, Romania', TO_DATE('14-6-1984','DD-MM-YYYY'), 'Romania');
INSERT INTO Costumer(PersonGovID) VALUES (1111121286);
INSERT INTO Account(CostumerCostumerID, BranchBranchID, Amount, BeginDate, EndDate) VALUES (159, 814, 165132.25, TO_DATE('15-2-2017','DD-MM-YYYY'), NULL);
INSERT INTO CurrentAccount(AccountAccountID, MaximumWithdraw) VALUES (319, 400);
INSERT INTO Deposit(AccountAccountID, DepositDate, Amount) VALUES (319, TO_DATE('15-2-2017','DD-MM-YYYY'),660529);
INSERT INTO Withdraw(CurrentAccountAccountID, WithdrawDate, Amount) VALUES (319, TO_DATE('15-2-2017','DD-MM-YYYY'), 165132.25);
INSERT INTO Account(CostumerCostumerID, BranchBranchID, Amount, BeginDate, EndDate) VALUES (159, 814, 330264.5, TO_DATE('15-2-2017','DD-MM-YYYY'), NULL);
INSERT INTO SavingsAccount(AccountAccountID, InterestRate, DurationYears) VALUES (320, 0.05, 10);
INSERT INTO Transfer(AccountAccountIDFrom, AccountAccountIDTo, TransferDate, Amount) VALUES (319, 320, TO_DATE('15-2-2017','DD-MM-YYYY'), 330264.5);
INSERT INTO Person(GovID,Name, PhoneNumber, Email, Address, Birthday, Nationality) VALUES (1111121287,'Kirilka eco','900010176', 'Kirilka_eco75@sapo.pt', 'Meppen, Germany', TO_DATE('8-4-2005','DD-MM-YYYY'), 'Germany');
INSERT INTO Costumer(PersonGovID) VALUES (1111121287);
INSERT INTO Account(CostumerCostumerID, BranchBranchID, Amount, BeginDate, EndDate) VALUES (160, 241, 159192.5, TO_DATE('4-3-2011','DD-MM-YYYY'), NULL);
INSERT INTO CurrentAccount(AccountAccountID, MaximumWithdraw) VALUES (321, 400);
INSERT INTO Deposit(AccountAccountID, DepositDate, Amount) VALUES (321, TO_DATE('4-3-2011','DD-MM-YYYY'),636770);
INSERT INTO Withdraw(CurrentAccountAccountID, WithdrawDate, Amount) VALUES (321, TO_DATE('4-3-2011','DD-MM-YYYY'), 159192.5);
INSERT INTO Account(CostumerCostumerID, BranchBranchID, Amount, BeginDate, EndDate) VALUES (160, 241, 318385.0, TO_DATE('4-3-2011','DD-MM-YYYY'), NULL);
INSERT INTO SavingsAccount(AccountAccountID, InterestRate, DurationYears) VALUES (322, 0.05, 5);
INSERT INTO Transfer(AccountAccountIDFrom, AccountAccountIDTo, TransferDate, Amount) VALUES (321, 322, TO_DATE('4-3-2011','DD-MM-YYYY'), 318385.0);
INSERT INTO Person(GovID,Name, PhoneNumber, Email, Address, Birthday, Nationality) VALUES (1111121288,'Kirill eco','900010177', 'Kirill_eco91@sapo.pt', 'Malines, Belgium', TO_DATE('16-4-1977','DD-MM-YYYY'), 'Belgium');
INSERT INTO Costumer(PersonGovID) VALUES (1111121288);
INSERT INTO Account(CostumerCostumerID, BranchBranchID, Amount, BeginDate, EndDate) VALUES (161, 292, 112866.25, TO_DATE('27-7-2007','DD-MM-YYYY'), NULL);
INSERT INTO CurrentAccount(AccountAccountID, MaximumWithdraw) VALUES (323, 400);
INSERT INTO Deposit(AccountAccountID, DepositDate, Amount) VALUES (323, TO_DATE('27-7-2007','DD-MM-YYYY'),451465);
INSERT INTO Withdraw(CurrentAccountAccountID, WithdrawDate, Amount) VALUES (323, TO_DATE('27-7-2007','DD-MM-YYYY'), 112866.25);
INSERT INTO Account(CostumerCostumerID, BranchBranchID, Amount, BeginDate, EndDate) VALUES (161, 292, 225732.5, TO_DATE('27-7-2007','DD-MM-YYYY'), NULL);
INSERT INTO SavingsAccount(AccountAccountID, InterestRate, DurationYears) VALUES (324, 0.05, 7);
INSERT INTO Transfer(AccountAccountIDFrom, AccountAccountIDTo, TransferDate, Amount) VALUES (323, 324, TO_DATE('27-7-2007','DD-MM-YYYY'), 225732.5);
INSERT INTO Person(GovID,Name, PhoneNumber, Email, Address, Birthday, Nationality) VALUES (1111121289,'Kirilov eco','900010178', 'Kirilov_eco19@sapo.pt', 'Valtournenche, Italy', TO_DATE('7-12-1978','DD-MM-YYYY'), 'Italy');
INSERT INTO Costumer(PersonGovID) VALUES (1111121289);
INSERT INTO Account(CostumerCostumerID, BranchBranchID, Amount, BeginDate, EndDate) VALUES (162, 441, 58600.75, TO_DATE('14-8-2007','DD-MM-YYYY'), NULL);
INSERT INTO CurrentAccount(AccountAccountID, MaximumWithdraw) VALUES (325, 400);
INSERT INTO Deposit(AccountAccountID, DepositDate, Amount) VALUES (325, TO_DATE('14-8-2007','DD-MM-YYYY'),234403);
INSERT INTO Withdraw(CurrentAccountAccountID, WithdrawDate, Amount) VALUES (325, TO_DATE('14-8-2007','DD-MM-YYYY'), 58600.75);
INSERT INTO Account(CostumerCostumerID, BranchBranchID, Amount, BeginDate, EndDate) VALUES (162, 441, 117201.5, TO_DATE('14-8-2007','DD-MM-YYYY'), NULL);
INSERT INTO SavingsAccount(AccountAccountID, InterestRate, DurationYears) VALUES (326, 0.05, 5);
INSERT INTO Transfer(AccountAccountIDFrom, AccountAccountIDTo, TransferDate, Amount) VALUES (325, 326, TO_DATE('14-8-2007','DD-MM-YYYY'), 117201.5);
INSERT INTO Person(GovID,Name, PhoneNumber, Email, Address, Birthday, Nationality) VALUES (1111121290,'Kirk eco','900010179', 'Kirk_eco8@sapo.pt', 'Lecco, Italy', TO_DATE('3-8-1966','DD-MM-YYYY'), 'Italy');
INSERT INTO Costumer(PersonGovID) VALUES (1111121290);
INSERT INTO Account(CostumerCostumerID, BranchBranchID, Amount, BeginDate, EndDate) VALUES (163, 1073, 76107.0, TO_DATE('6-2-2017','DD-MM-YYYY'), NULL);
INSERT INTO CurrentAccount(AccountAccountID, MaximumWithdraw) VALUES (327, 400);
INSERT INTO Deposit(AccountAccountID, DepositDate, Amount) VALUES (327, TO_DATE('6-2-2017','DD-MM-YYYY'),304428);
INSERT INTO Withdraw(CurrentAccountAccountID, WithdrawDate, Amount) VALUES (327, TO_DATE('6-2-2017','DD-MM-YYYY'), 76107.0);
INSERT INTO Account(CostumerCostumerID, BranchBranchID, Amount, BeginDate, EndDate) VALUES (163, 1073, 152214.0, TO_DATE('6-2-2017','DD-MM-YYYY'), NULL);
INSERT INTO SavingsAccount(AccountAccountID, InterestRate, DurationYears) VALUES (328, 0.05, 8);
INSERT INTO Transfer(AccountAccountIDFrom, AccountAccountIDTo, TransferDate, Amount) VALUES (327, 328, TO_DATE('6-2-2017','DD-MM-YYYY'), 152214.0);
INSERT INTO Person(GovID,Name, PhoneNumber, Email, Address, Birthday, Nationality) VALUES (1111121291,'Kiro eco','900010180', 'Kiro_eco69@sapo.pt', 'Lokeren, Belgium', TO_DATE('14-3-1967','DD-MM-YYYY'), 'Belgium');
INSERT INTO Costumer(PersonGovID) VALUES (1111121291);
INSERT INTO Account(CostumerCostumerID, BranchBranchID, Amount, BeginDate, EndDate) VALUES (164, 632, 71074.75, TO_DATE('18-4-2016','DD-MM-YYYY'), NULL);
INSERT INTO CurrentAccount(AccountAccountID, MaximumWithdraw) VALUES (329, 400);
INSERT INTO Deposit(AccountAccountID, DepositDate, Amount) VALUES (329, TO_DATE('18-4-2016','DD-MM-YYYY'),284299);
INSERT INTO Withdraw(CurrentAccountAccountID, WithdrawDate, Amount) VALUES (329, TO_DATE('18-4-2016','DD-MM-YYYY'), 71074.75);
INSERT INTO Account(CostumerCostumerID, BranchBranchID, Amount, BeginDate, EndDate) VALUES (164, 632, 142149.5, TO_DATE('18-4-2016','DD-MM-YYYY'), NULL);
INSERT INTO SavingsAccount(AccountAccountID, InterestRate, DurationYears) VALUES (330, 0.05, 9);
INSERT INTO Transfer(AccountAccountIDFrom, AccountAccountIDTo, TransferDate, Amount) VALUES (329, 330, TO_DATE('18-4-2016','DD-MM-YYYY'), 142149.5);
INSERT INTO Person(GovID,Name, PhoneNumber, Email, Address, Birthday, Nationality) VALUES (1111121292,'Kirpal eco','900010181', 'Kirpal_eco38@sapo.pt', 'Monza, Italy', TO_DATE('18-5-1968','DD-MM-YYYY'), 'Italy');
INSERT INTO Costumer(PersonGovID) VALUES (1111121292);
INSERT INTO Account(CostumerCostumerID, BranchBranchID, Amount, BeginDate, EndDate) VALUES (165, 426, 246411.25, TO_DATE('6-8-2000','DD-MM-YYYY'), NULL);
INSERT INTO CurrentAccount(AccountAccountID, MaximumWithdraw) VALUES (331, 400);
INSERT INTO Deposit(AccountAccountID, DepositDate, Amount) VALUES (331, TO_DATE('6-8-2000','DD-MM-YYYY'),985645);
INSERT INTO Withdraw(CurrentAccountAccountID, WithdrawDate, Amount) VALUES (331, TO_DATE('6-8-2000','DD-MM-YYYY'), 246411.25);
INSERT INTO Account(CostumerCostumerID, BranchBranchID, Amount, BeginDate, EndDate) VALUES (165, 426, 492822.5, TO_DATE('6-8-2000','DD-MM-YYYY'), NULL);
INSERT INTO SavingsAccount(AccountAccountID, InterestRate, DurationYears) VALUES (332, 0.05, 10);
INSERT INTO Transfer(AccountAccountIDFrom, AccountAccountIDTo, TransferDate, Amount) VALUES (331, 332, TO_DATE('6-8-2000','DD-MM-YYYY'), 492822.5);
INSERT INTO Person(GovID,Name, PhoneNumber, Email, Address, Birthday, Nationality) VALUES (1111121293,'Kirsa eco','900010182', 'Kirsa_eco49@sapo.pt', 'Lucca, Italy', TO_DATE('26-3-1991','DD-MM-YYYY'), 'Italy');
INSERT INTO Costumer(PersonGovID) VALUES (1111121293);
INSERT INTO Account(CostumerCostumerID, BranchBranchID, Amount, BeginDate, EndDate) VALUES (166, 762, 65919.0, TO_DATE('2-2-2015','DD-MM-YYYY'), NULL);
INSERT INTO CurrentAccount(AccountAccountID, MaximumWithdraw) VALUES (333, 400);
INSERT INTO Deposit(AccountAccountID, DepositDate, Amount) VALUES (333, TO_DATE('2-2-2015','DD-MM-YYYY'),263676);
INSERT INTO Withdraw(CurrentAccountAccountID, WithdrawDate, Amount) VALUES (333, TO_DATE('2-2-2015','DD-MM-YYYY'), 65919.0);
INSERT INTO Account(CostumerCostumerID, BranchBranchID, Amount, BeginDate, EndDate) VALUES (166, 762, 131838.0, TO_DATE('2-2-2015','DD-MM-YYYY'), NULL);
INSERT INTO SavingsAccount(AccountAccountID, InterestRate, DurationYears) VALUES (334, 0.05, 5);
INSERT INTO Transfer(AccountAccountIDFrom, AccountAccountIDTo, TransferDate, Amount) VALUES (333, 334, TO_DATE('2-2-2015','DD-MM-YYYY'), 131838.0);
INSERT INTO Person(GovID,Name, PhoneNumber, Email, Address, Birthday, Nationality) VALUES (1111121294,'Kirsten eco','900010183', 'Kirsten_eco76@sapo.pt', 'Agria, Greece', TO_DATE('8-12-1991','DD-MM-YYYY'), 'Greece');
INSERT INTO Costumer(PersonGovID) VALUES (1111121294);
INSERT INTO Account(CostumerCostumerID, BranchBranchID, Amount, BeginDate, EndDate) VALUES (167, 1029, 109048.5, TO_DATE('6-7-2014','DD-MM-YYYY'), NULL);
INSERT INTO CurrentAccount(AccountAccountID, MaximumWithdraw) VALUES (335, 400);
INSERT INTO Deposit(AccountAccountID, DepositDate, Amount) VALUES (335, TO_DATE('6-7-2014','DD-MM-YYYY'),436194);
INSERT INTO Withdraw(CurrentAccountAccountID, WithdrawDate, Amount) VALUES (335, TO_DATE('6-7-2014','DD-MM-YYYY'), 109048.5);
INSERT INTO Account(CostumerCostumerID, BranchBranchID, Amount, BeginDate, EndDate) VALUES (167, 1029, 218097.0, TO_DATE('6-7-2014','DD-MM-YYYY'), NULL);
INSERT INTO SavingsAccount(AccountAccountID, InterestRate, DurationYears) VALUES (336, 0.05, 5);
INSERT INTO Transfer(AccountAccountIDFrom, AccountAccountIDTo, TransferDate, Amount) VALUES (335, 336, TO_DATE('6-7-2014','DD-MM-YYYY'), 218097.0);
INSERT INTO Person(GovID,Name, PhoneNumber, Email, Address, Birthday, Nationality) VALUES (1111121295,'Kirsti eco','900010184', 'Kirsti_eco21@sapo.pt', 'Diekirch North, Germany', TO_DATE('4-9-1982','DD-MM-YYYY'), 'Germany');
INSERT INTO Costumer(PersonGovID) VALUES (1111121295);
INSERT INTO Account(CostumerCostumerID, BranchBranchID, Amount, BeginDate, EndDate) VALUES (168, 498, 221864.75, TO_DATE('22-6-2008','DD-MM-YYYY'), NULL);
INSERT INTO CurrentAccount(AccountAccountID, MaximumWithdraw) VALUES (337, 400);
INSERT INTO Deposit(AccountAccountID, DepositDate, Amount) VALUES (337, TO_DATE('22-6-2008','DD-MM-YYYY'),887459);
INSERT INTO Withdraw(CurrentAccountAccountID, WithdrawDate, Amount) VALUES (337, TO_DATE('22-6-2008','DD-MM-YYYY'), 221864.75);
INSERT INTO Account(CostumerCostumerID, BranchBranchID, Amount, BeginDate, EndDate) VALUES (168, 498, 443729.5, TO_DATE('22-6-2008','DD-MM-YYYY'), NULL);
INSERT INTO SavingsAccount(AccountAccountID, InterestRate, DurationYears) VALUES (338, 0.05, 6);
INSERT INTO Transfer(AccountAccountIDFrom, AccountAccountIDTo, TransferDate, Amount) VALUES (337, 338, TO_DATE('22-6-2008','DD-MM-YYYY'), 443729.5);
INSERT INTO Person(GovID,Name, PhoneNumber, Email, Address, Birthday, Nationality) VALUES (1111121296,'Kirstie eco','900010185', 'Kirstie_eco40@sapo.pt', 'Trofa, Portugal', TO_DATE('24-12-1979','DD-MM-YYYY'), 'Portugal');
INSERT INTO Costumer(PersonGovID) VALUES (1111121296);
INSERT INTO Account(CostumerCostumerID, BranchBranchID, Amount, BeginDate, EndDate) VALUES (169, 218, 147674.75, TO_DATE('5-9-2011','DD-MM-YYYY'), NULL);
INSERT INTO CurrentAccount(AccountAccountID, MaximumWithdraw) VALUES (339, 400);
INSERT INTO Deposit(AccountAccountID, DepositDate, Amount) VALUES (339, TO_DATE('5-9-2011','DD-MM-YYYY'),590699);
INSERT INTO Withdraw(CurrentAccountAccountID, WithdrawDate, Amount) VALUES (339, TO_DATE('5-9-2011','DD-MM-YYYY'), 147674.75);
INSERT INTO Account(CostumerCostumerID, BranchBranchID, Amount, BeginDate, EndDate) VALUES (169, 218, 295349.5, TO_DATE('5-9-2011','DD-MM-YYYY'), NULL);
INSERT INTO SavingsAccount(AccountAccountID, InterestRate, DurationYears) VALUES (340, 0.05, 8);
INSERT INTO Transfer(AccountAccountIDFrom, AccountAccountIDTo, TransferDate, Amount) VALUES (339, 340, TO_DATE('5-9-2011','DD-MM-YYYY'), 295349.5);
INSERT INTO Person(GovID,Name, PhoneNumber, Email, Address, Birthday, Nationality) VALUES (1111121297,'Kirstin eco','900010186', 'Kirstin_eco89@sapo.pt', 'Clausthal-Zellerfeld, Germany', TO_DATE('24-4-1953','DD-MM-YYYY'), 'Germany');
INSERT INTO Costumer(PersonGovID) VALUES (1111121297);
INSERT INTO Account(CostumerCostumerID, BranchBranchID, Amount, BeginDate, EndDate) VALUES (170, 1037, 202295.5, TO_DATE('27-2-2016','DD-MM-YYYY'), NULL);
INSERT INTO CurrentAccount(AccountAccountID, MaximumWithdraw) VALUES (341, 400);
INSERT INTO Deposit(AccountAccountID, DepositDate, Amount) VALUES (341, TO_DATE('27-2-2016','DD-MM-YYYY'),809182);
INSERT INTO Withdraw(CurrentAccountAccountID, WithdrawDate, Amount) VALUES (341, TO_DATE('27-2-2016','DD-MM-YYYY'), 202295.5);
INSERT INTO Account(CostumerCostumerID, BranchBranchID, Amount, BeginDate, EndDate) VALUES (170, 1037, 404591.0, TO_DATE('27-2-2016','DD-MM-YYYY'), NULL);
INSERT INTO SavingsAccount(AccountAccountID, InterestRate, DurationYears) VALUES (342, 0.05, 7);
INSERT INTO Transfer(AccountAccountIDFrom, AccountAccountIDTo, TransferDate, Amount) VALUES (341, 342, TO_DATE('27-2-2016','DD-MM-YYYY'), 404591.0);
INSERT INTO Person(GovID,Name, PhoneNumber, Email, Address, Birthday, Nationality) VALUES (1111121298,'Kirsty eco','900010187', 'Kirsty_eco28@sapo.pt', 'Maglie, Italy', TO_DATE('27-7-1997','DD-MM-YYYY'), 'Italy');
INSERT INTO Costumer(PersonGovID) VALUES (1111121298);
INSERT INTO Account(CostumerCostumerID, BranchBranchID, Amount, BeginDate, EndDate) VALUES (171, 98, 151598.5, TO_DATE('28-4-2010','DD-MM-YYYY'), NULL);
INSERT INTO CurrentAccount(AccountAccountID, MaximumWithdraw) VALUES (343, 400);
INSERT INTO Deposit(AccountAccountID, DepositDate, Amount) VALUES (343, TO_DATE('28-4-2010','DD-MM-YYYY'),606394);
INSERT INTO Withdraw(CurrentAccountAccountID, WithdrawDate, Amount) VALUES (343, TO_DATE('28-4-2010','DD-MM-YYYY'), 151598.5);
INSERT INTO Account(CostumerCostumerID, BranchBranchID, Amount, BeginDate, EndDate) VALUES (171, 98, 303197.0, TO_DATE('28-4-2010','DD-MM-YYYY'), NULL);
INSERT INTO SavingsAccount(AccountAccountID, InterestRate, DurationYears) VALUES (344, 0.05, 6);
INSERT INTO Transfer(AccountAccountIDFrom, AccountAccountIDTo, TransferDate, Amount) VALUES (343, 344, TO_DATE('28-4-2010','DD-MM-YYYY'), 303197.0);
INSERT INTO Person(GovID,Name, PhoneNumber, Email, Address, Birthday, Nationality) VALUES (1111121299,'Kiryl eco','900010188', 'Kiryl_eco73@sapo.pt', 'Bilbao, Spain', TO_DATE('23-1-1976','DD-MM-YYYY'), 'Spain');
INSERT INTO Costumer(PersonGovID) VALUES (1111121299);
INSERT INTO Account(CostumerCostumerID, BranchBranchID, Amount, BeginDate, EndDate) VALUES (172, 934, 110021.25, TO_DATE('15-7-2010','DD-MM-YYYY'), NULL);
INSERT INTO CurrentAccount(AccountAccountID, MaximumWithdraw) VALUES (345, 400);
INSERT INTO Deposit(AccountAccountID, DepositDate, Amount) VALUES (345, TO_DATE('15-7-2010','DD-MM-YYYY'),440085);
INSERT INTO Withdraw(CurrentAccountAccountID, WithdrawDate, Amount) VALUES (345, TO_DATE('15-7-2010','DD-MM-YYYY'), 110021.25);
INSERT INTO Account(CostumerCostumerID, BranchBranchID, Amount, BeginDate, EndDate) VALUES (172, 934, 220042.5, TO_DATE('15-7-2010','DD-MM-YYYY'), NULL);
INSERT INTO SavingsAccount(AccountAccountID, InterestRate, DurationYears) VALUES (346, 0.05, 5);
INSERT INTO Transfer(AccountAccountIDFrom, AccountAccountIDTo, TransferDate, Amount) VALUES (345, 346, TO_DATE('15-7-2010','DD-MM-YYYY'), 220042.5);
INSERT INTO Person(GovID,Name, PhoneNumber, Email, Address, Birthday, Nationality) VALUES (1111121300,'Kisha eco','900010189', 'Kisha_eco60@sapo.pt', 'Patrai, Greece', TO_DATE('7-12-1991','DD-MM-YYYY'), 'Greece');
INSERT INTO Costumer(PersonGovID) VALUES (1111121300);
INSERT INTO Account(CostumerCostumerID, BranchBranchID, Amount, BeginDate, EndDate) VALUES (173, 775, 143070.5, TO_DATE('10-3-2006','DD-MM-YYYY'), NULL);
INSERT INTO CurrentAccount(AccountAccountID, MaximumWithdraw) VALUES (347, 400);
INSERT INTO Deposit(AccountAccountID, DepositDate, Amount) VALUES (347, TO_DATE('10-3-2006','DD-MM-YYYY'),572282);
INSERT INTO Withdraw(CurrentAccountAccountID, WithdrawDate, Amount) VALUES (347, TO_DATE('10-3-2006','DD-MM-YYYY'), 143070.5);
INSERT INTO Account(CostumerCostumerID, BranchBranchID, Amount, BeginDate, EndDate) VALUES (173, 775, 286141.0, TO_DATE('10-3-2006','DD-MM-YYYY'), NULL);
INSERT INTO SavingsAccount(AccountAccountID, InterestRate, DurationYears) VALUES (348, 0.05, 4);
INSERT INTO Transfer(AccountAccountIDFrom, AccountAccountIDTo, TransferDate, Amount) VALUES (347, 348, TO_DATE('10-3-2006','DD-MM-YYYY'), 286141.0);
INSERT INTO Person(GovID,Name, PhoneNumber, Email, Address, Birthday, Nationality) VALUES (1111121301,'Kishore eco','900010190', 'Kishore_eco9@sapo.pt', 'Kecskemet, Hungary', TO_DATE('12-7-1970','DD-MM-YYYY'), 'Hungary');
INSERT INTO Costumer(PersonGovID) VALUES (1111121301);
INSERT INTO Account(CostumerCostumerID, BranchBranchID, Amount, BeginDate, EndDate) VALUES (174, 641, 126809.75, TO_DATE('12-7-2003','DD-MM-YYYY'), NULL);
INSERT INTO CurrentAccount(AccountAccountID, MaximumWithdraw) VALUES (349, 400);
INSERT INTO Deposit(AccountAccountID, DepositDate, Amount) VALUES (349, TO_DATE('12-7-2003','DD-MM-YYYY'),507239);
INSERT INTO Withdraw(CurrentAccountAccountID, WithdrawDate, Amount) VALUES (349, TO_DATE('12-7-2003','DD-MM-YYYY'), 126809.75);
INSERT INTO Account(CostumerCostumerID, BranchBranchID, Amount, BeginDate, EndDate) VALUES (174, 641, 253619.5, TO_DATE('12-7-2003','DD-MM-YYYY'), NULL);
INSERT INTO SavingsAccount(AccountAccountID, InterestRate, DurationYears) VALUES (350, 0.05, 8);
INSERT INTO Transfer(AccountAccountIDFrom, AccountAccountIDTo, TransferDate, Amount) VALUES (349, 350, TO_DATE('12-7-2003','DD-MM-YYYY'), 253619.5);
INSERT INTO Person(GovID,Name, PhoneNumber, Email, Address, Birthday, Nationality) VALUES (1111121302,'Kishwar eco','900010191', 'Kishwar_eco9@sapo.pt', 'Ciney, Belgium', TO_DATE('19-7-2003','DD-MM-YYYY'), 'Belgium');
INSERT INTO Costumer(PersonGovID) VALUES (1111121302);
INSERT INTO Account(CostumerCostumerID, BranchBranchID, Amount, BeginDate, EndDate) VALUES (175, 244, 184516.5, TO_DATE('15-7-2017','DD-MM-YYYY'), NULL);
INSERT INTO CurrentAccount(AccountAccountID, MaximumWithdraw) VALUES (351, 400);
INSERT INTO Deposit(AccountAccountID, DepositDate, Amount) VALUES (351, TO_DATE('15-7-2017','DD-MM-YYYY'),738066);
INSERT INTO Withdraw(CurrentAccountAccountID, WithdrawDate, Amount) VALUES (351, TO_DATE('15-7-2017','DD-MM-YYYY'), 184516.5);
INSERT INTO Account(CostumerCostumerID, BranchBranchID, Amount, BeginDate, EndDate) VALUES (175, 244, 369033.0, TO_DATE('15-7-2017','DD-MM-YYYY'), NULL);
INSERT INTO SavingsAccount(AccountAccountID, InterestRate, DurationYears) VALUES (352, 0.05, 7);
INSERT INTO Transfer(AccountAccountIDFrom, AccountAccountIDTo, TransferDate, Amount) VALUES (351, 352, TO_DATE('15-7-2017','DD-MM-YYYY'), 369033.0);
INSERT INTO Account(CostumerCostumerID, BranchBranchID, Amount, BeginDate, EndDate) VALUES (175, 244, 811309, TO_DATE('15-7-2017','DD-MM-YYYY'), NULL);
INSERT INTO CurrentAccount(AccountAccountID, MaximumWithdraw) VALUES (353, 400);
INSERT INTO Loan(BranchBranchID, CurrentAccountAccountAccountID, Amount, InterestRate, DateOfCreation, DateOfCompletion) VALUES (244, 353, 811309, 0.07, TO_DATE('15-7-2017','DD-MM-YYYY'), TO_DATE('15-7-2018','DD-MM-YYYY'));
INSERT INTO Payment(LoanLoanID, CurrentAccountAccountID, PaymentDate, Amount) VALUES (3, 353, TO_DATE('15-8-2017','DD-MM-YYYY'), 67610);
INSERT INTO Deposit(AccountAccountID, DepositDate, Amount) VALUES (353, TO_DATE('15-8-2017','DD-MM-YYYY'),67610);
INSERT INTO Payment(LoanLoanID, CurrentAccountAccountID, PaymentDate, Amount) VALUES (3, 353, TO_DATE('15-9-2017','DD-MM-YYYY'), 67610);
INSERT INTO Deposit(AccountAccountID, DepositDate, Amount) VALUES (353, TO_DATE('15-9-2017','DD-MM-YYYY'),67610);
INSERT INTO Payment(LoanLoanID, CurrentAccountAccountID, PaymentDate, Amount) VALUES (3, 353, TO_DATE('15-10-2017','DD-MM-YYYY'), 67610);
INSERT INTO Deposit(AccountAccountID, DepositDate, Amount) VALUES (353, TO_DATE('15-10-2017','DD-MM-YYYY'),67610);
INSERT INTO Payment(LoanLoanID, CurrentAccountAccountID, PaymentDate, Amount) VALUES (3, 353, TO_DATE('15-11-2017','DD-MM-YYYY'), 67610);
INSERT INTO Deposit(AccountAccountID, DepositDate, Amount) VALUES (353, TO_DATE('15-11-2017','DD-MM-YYYY'),67610);
INSERT INTO Payment(LoanLoanID, CurrentAccountAccountID, PaymentDate, Amount) VALUES (3, 353, TO_DATE('15-12-2017','DD-MM-YYYY'), 67610);
INSERT INTO Deposit(AccountAccountID, DepositDate, Amount) VALUES (353, TO_DATE('15-12-2017','DD-MM-YYYY'),67610);
INSERT INTO Payment(LoanLoanID, CurrentAccountAccountID, PaymentDate, Amount) VALUES (3, 353, TO_DATE('15-1-2018','DD-MM-YYYY'), 67610);
INSERT INTO Deposit(AccountAccountID, DepositDate, Amount) VALUES (353, TO_DATE('15-1-2018','DD-MM-YYYY'),67610);
INSERT INTO Payment(LoanLoanID, CurrentAccountAccountID, PaymentDate, Amount) VALUES (3, 353, TO_DATE('15-2-2018','DD-MM-YYYY'), 67610);
INSERT INTO Deposit(AccountAccountID, DepositDate, Amount) VALUES (353, TO_DATE('15-2-2018','DD-MM-YYYY'),67610);
INSERT INTO Payment(LoanLoanID, CurrentAccountAccountID, PaymentDate, Amount) VALUES (3, 353, TO_DATE('15-3-2018','DD-MM-YYYY'), 67610);
INSERT INTO Deposit(AccountAccountID, DepositDate, Amount) VALUES (353, TO_DATE('15-3-2018','DD-MM-YYYY'),67610);
INSERT INTO Payment(LoanLoanID, CurrentAccountAccountID, PaymentDate, Amount) VALUES (3, 353, TO_DATE('15-4-2018','DD-MM-YYYY'), 67610);
INSERT INTO Deposit(AccountAccountID, DepositDate, Amount) VALUES (353, TO_DATE('15-4-2018','DD-MM-YYYY'),67610);
INSERT INTO Payment(LoanLoanID, CurrentAccountAccountID, PaymentDate, Amount) VALUES (3, 353, TO_DATE('15-5-2018','DD-MM-YYYY'), 67610);
INSERT INTO Deposit(AccountAccountID, DepositDate, Amount) VALUES (353, TO_DATE('15-5-2018','DD-MM-YYYY'),67610);
INSERT INTO Payment(LoanLoanID, CurrentAccountAccountID, PaymentDate, Amount) VALUES (3, 353, TO_DATE('15-6-2018','DD-MM-YYYY'), 67610);
INSERT INTO Deposit(AccountAccountID, DepositDate, Amount) VALUES (353, TO_DATE('15-6-2018','DD-MM-YYYY'),67610);
INSERT INTO Payment(LoanLoanID, CurrentAccountAccountID, PaymentDate, Amount) VALUES (3, 353, TO_DATE('15-7-2018','DD-MM-YYYY'), 67610);
INSERT INTO Deposit(AccountAccountID, DepositDate, Amount) VALUES (353, TO_DATE('15-7-2018','DD-MM-YYYY'),67610);
INSERT INTO Person(GovID,Name, PhoneNumber, Email, Address, Birthday, Nationality) VALUES (1111121303,'Kissima eco','900010192', 'Kissima_eco75@sapo.pt', 'Le Cendre, France', TO_DATE('17-9-1988','DD-MM-YYYY'), 'France');
INSERT INTO Costumer(PersonGovID) VALUES (1111121303);
INSERT INTO Account(CostumerCostumerID, BranchBranchID, Amount, BeginDate, EndDate) VALUES (176, 483, 91856.75, TO_DATE('15-11-2003','DD-MM-YYYY'), NULL);
INSERT INTO CurrentAccount(AccountAccountID, MaximumWithdraw) VALUES (354, 400);
INSERT INTO Deposit(AccountAccountID, DepositDate, Amount) VALUES (354, TO_DATE('15-11-2003','DD-MM-YYYY'),367427);
INSERT INTO Withdraw(CurrentAccountAccountID, WithdrawDate, Amount) VALUES (354, TO_DATE('15-11-2003','DD-MM-YYYY'), 91856.75);
INSERT INTO Account(CostumerCostumerID, BranchBranchID, Amount, BeginDate, EndDate) VALUES (176, 483, 183713.5, TO_DATE('15-11-2003','DD-MM-YYYY'), NULL);
INSERT INTO SavingsAccount(AccountAccountID, InterestRate, DurationYears) VALUES (355, 0.05, 5);
INSERT INTO Transfer(AccountAccountIDFrom, AccountAccountIDTo, TransferDate, Amount) VALUES (354, 355, TO_DATE('15-11-2003','DD-MM-YYYY'), 183713.5);
INSERT INTO Person(GovID,Name, PhoneNumber, Email, Address, Birthday, Nationality) VALUES (1111121304,'Kit eco','900010193', 'Kit_eco57@sapo.pt', 'El Prat De Llobregat, Spain', TO_DATE('23-2-1957','DD-MM-YYYY'), 'Spain');
INSERT INTO Costumer(PersonGovID) VALUES (1111121304);
INSERT INTO Account(CostumerCostumerID, BranchBranchID, Amount, BeginDate, EndDate) VALUES (177, 977, 204962.25, TO_DATE('8-10-2000','DD-MM-YYYY'), NULL);
INSERT INTO CurrentAccount(AccountAccountID, MaximumWithdraw) VALUES (356, 400);
INSERT INTO Deposit(AccountAccountID, DepositDate, Amount) VALUES (356, TO_DATE('8-10-2000','DD-MM-YYYY'),819849);
INSERT INTO Withdraw(CurrentAccountAccountID, WithdrawDate, Amount) VALUES (356, TO_DATE('8-10-2000','DD-MM-YYYY'), 204962.25);
INSERT INTO Account(CostumerCostumerID, BranchBranchID, Amount, BeginDate, EndDate) VALUES (177, 977, 409924.5, TO_DATE('8-10-2000','DD-MM-YYYY'), NULL);
INSERT INTO SavingsAccount(AccountAccountID, InterestRate, DurationYears) VALUES (357, 0.05, 8);
INSERT INTO Transfer(AccountAccountIDFrom, AccountAccountIDTo, TransferDate, Amount) VALUES (356, 357, TO_DATE('8-10-2000','DD-MM-YYYY'), 409924.5);
INSERT INTO Person(GovID,Name, PhoneNumber, Email, Address, Birthday, Nationality) VALUES (1111121305,'Kittie eco','900010194', 'Kittie_eco22@sapo.pt', 'Jodoigne, Belgium', TO_DATE('26-8-2007','DD-MM-YYYY'), 'Belgium');
INSERT INTO Costumer(PersonGovID) VALUES (1111121305);
INSERT INTO Account(CostumerCostumerID, BranchBranchID, Amount, BeginDate, EndDate) VALUES (178, 898, 215014.25, TO_DATE('11-9-2011','DD-MM-YYYY'), NULL);
INSERT INTO CurrentAccount(AccountAccountID, MaximumWithdraw) VALUES (358, 400);
INSERT INTO Deposit(AccountAccountID, DepositDate, Amount) VALUES (358, TO_DATE('11-9-2011','DD-MM-YYYY'),860057);
INSERT INTO Withdraw(CurrentAccountAccountID, WithdrawDate, Amount) VALUES (358, TO_DATE('11-9-2011','DD-MM-YYYY'), 215014.25);
INSERT INTO Account(CostumerCostumerID, BranchBranchID, Amount, BeginDate, EndDate) VALUES (178, 898, 430028.5, TO_DATE('11-9-2011','DD-MM-YYYY'), NULL);
INSERT INTO SavingsAccount(AccountAccountID, InterestRate, DurationYears) VALUES (359, 0.05, 9);
INSERT INTO Transfer(AccountAccountIDFrom, AccountAccountIDTo, TransferDate, Amount) VALUES (358, 359, TO_DATE('11-9-2011','DD-MM-YYYY'), 430028.5);
INSERT INTO Person(GovID,Name, PhoneNumber, Email, Address, Birthday, Nationality) VALUES (1111121306,'Kitty eco','900010195', 'Kitty_eco0@sapo.pt', 'Granville, France', TO_DATE('27-11-2008','DD-MM-YYYY'), 'France');
INSERT INTO Costumer(PersonGovID) VALUES (1111121306);
INSERT INTO Account(CostumerCostumerID, BranchBranchID, Amount, BeginDate, EndDate) VALUES (179, 891, 65119.75, TO_DATE('3-6-2017','DD-MM-YYYY'), NULL);
INSERT INTO CurrentAccount(AccountAccountID, MaximumWithdraw) VALUES (360, 400);
INSERT INTO Deposit(AccountAccountID, DepositDate, Amount) VALUES (360, TO_DATE('3-6-2017','DD-MM-YYYY'),260479);
INSERT INTO Withdraw(CurrentAccountAccountID, WithdrawDate, Amount) VALUES (360, TO_DATE('3-6-2017','DD-MM-YYYY'), 65119.75);
INSERT INTO Account(CostumerCostumerID, BranchBranchID, Amount, BeginDate, EndDate) VALUES (179, 891, 130239.5, TO_DATE('3-6-2017','DD-MM-YYYY'), NULL);
INSERT INTO SavingsAccount(AccountAccountID, InterestRate, DurationYears) VALUES (361, 0.05, 7);
INSERT INTO Transfer(AccountAccountIDFrom, AccountAccountIDTo, TransferDate, Amount) VALUES (360, 361, TO_DATE('3-6-2017','DD-MM-YYYY'), 130239.5);
INSERT INTO Person(GovID,Name, PhoneNumber, Email, Address, Birthday, Nationality) VALUES (1111121307,'Kiyoko eco','900010196', 'Kiyoko_eco35@sapo.pt', 'Greve, Italy', TO_DATE('8-1-1957','DD-MM-YYYY'), 'Italy');
INSERT INTO Costumer(PersonGovID) VALUES (1111121307);
INSERT INTO Account(CostumerCostumerID, BranchBranchID, Amount, BeginDate, EndDate) VALUES (180, 567, 168496.5, TO_DATE('28-7-2002','DD-MM-YYYY'), NULL);
INSERT INTO CurrentAccount(AccountAccountID, MaximumWithdraw) VALUES (362, 400);
INSERT INTO Deposit(AccountAccountID, DepositDate, Amount) VALUES (362, TO_DATE('28-7-2002','DD-MM-YYYY'),673986);
INSERT INTO Withdraw(CurrentAccountAccountID, WithdrawDate, Amount) VALUES (362, TO_DATE('28-7-2002','DD-MM-YYYY'), 168496.5);
INSERT INTO Account(CostumerCostumerID, BranchBranchID, Amount, BeginDate, EndDate) VALUES (180, 567, 336993.0, TO_DATE('28-7-2002','DD-MM-YYYY'), NULL);
INSERT INTO SavingsAccount(AccountAccountID, InterestRate, DurationYears) VALUES (363, 0.05, 7);
INSERT INTO Transfer(AccountAccountIDFrom, AccountAccountIDTo, TransferDate, Amount) VALUES (362, 363, TO_DATE('28-7-2002','DD-MM-YYYY'), 336993.0);
INSERT INTO Person(GovID,Name, PhoneNumber, Email, Address, Birthday, Nationality) VALUES (1111121308,'Kizkitza eco','900010197', 'Kizkitza_eco83@sapo.pt', 'Antwerp, Belgium', TO_DATE('28-2-1982','DD-MM-YYYY'), 'Belgium');
INSERT INTO Costumer(PersonGovID) VALUES (1111121308);
INSERT INTO Account(CostumerCostumerID, BranchBranchID, Amount, BeginDate, EndDate) VALUES (181, 343, 115692.5, TO_DATE('20-6-2015','DD-MM-YYYY'), NULL);
INSERT INTO CurrentAccount(AccountAccountID, MaximumWithdraw) VALUES (364, 400);
INSERT INTO Deposit(AccountAccountID, DepositDate, Amount) VALUES (364, TO_DATE('20-6-2015','DD-MM-YYYY'),462770);
INSERT INTO Withdraw(CurrentAccountAccountID, WithdrawDate, Amount) VALUES (364, TO_DATE('20-6-2015','DD-MM-YYYY'), 115692.5);
INSERT INTO Account(CostumerCostumerID, BranchBranchID, Amount, BeginDate, EndDate) VALUES (181, 343, 231385.0, TO_DATE('20-6-2015','DD-MM-YYYY'), NULL);
INSERT INTO SavingsAccount(AccountAccountID, InterestRate, DurationYears) VALUES (365, 0.05, 10);
INSERT INTO Transfer(AccountAccountIDFrom, AccountAccountIDTo, TransferDate, Amount) VALUES (364, 365, TO_DATE('20-6-2015','DD-MM-YYYY'), 231385.0);
INSERT INTO Person(GovID,Name, PhoneNumber, Email, Address, Birthday, Nationality) VALUES (1111121309,'Kizzie eco','900010198', 'Kizzie_eco70@sapo.pt', 'Osimo, Italy', TO_DATE('17-10-1958','DD-MM-YYYY'), 'Italy');
INSERT INTO Costumer(PersonGovID) VALUES (1111121309);
INSERT INTO Account(CostumerCostumerID, BranchBranchID, Amount, BeginDate, EndDate) VALUES (182, 707, 76158.75, TO_DATE('23-8-2015','DD-MM-YYYY'), NULL);
INSERT INTO CurrentAccount(AccountAccountID, MaximumWithdraw) VALUES (366, 400);
INSERT INTO Deposit(AccountAccountID, DepositDate, Amount) VALUES (366, TO_DATE('23-8-2015','DD-MM-YYYY'),304635);
INSERT INTO Withdraw(CurrentAccountAccountID, WithdrawDate, Amount) VALUES (366, TO_DATE('23-8-2015','DD-MM-YYYY'), 76158.75);
INSERT INTO Account(CostumerCostumerID, BranchBranchID, Amount, BeginDate, EndDate) VALUES (182, 707, 152317.5, TO_DATE('23-8-2015','DD-MM-YYYY'), NULL);
INSERT INTO SavingsAccount(AccountAccountID, InterestRate, DurationYears) VALUES (367, 0.05, 9);
INSERT INTO Transfer(AccountAccountIDFrom, AccountAccountIDTo, TransferDate, Amount) VALUES (366, 367, TO_DATE('23-8-2015','DD-MM-YYYY'), 152317.5);
INSERT INTO Person(GovID,Name, PhoneNumber, Email, Address, Birthday, Nationality) VALUES (1111121310,'Kizzy eco','900010199', 'Kizzy_eco26@sapo.pt', 'Livorno, Italy', TO_DATE('1-3-1951','DD-MM-YYYY'), 'Italy');
INSERT INTO Costumer(PersonGovID) VALUES (1111121310);
INSERT INTO Account(CostumerCostumerID, BranchBranchID, Amount, BeginDate, EndDate) VALUES (183, 26, 147933.75, TO_DATE('10-10-2015','DD-MM-YYYY'), NULL);
INSERT INTO CurrentAccount(AccountAccountID, MaximumWithdraw) VALUES (368, 400);
INSERT INTO Deposit(AccountAccountID, DepositDate, Amount) VALUES (368, TO_DATE('10-10-2015','DD-MM-YYYY'),591735);
INSERT INTO Withdraw(CurrentAccountAccountID, WithdrawDate, Amount) VALUES (368, TO_DATE('10-10-2015','DD-MM-YYYY'), 147933.75);
INSERT INTO Account(CostumerCostumerID, BranchBranchID, Amount, BeginDate, EndDate) VALUES (183, 26, 295867.5, TO_DATE('10-10-2015','DD-MM-YYYY'), NULL);
INSERT INTO SavingsAccount(AccountAccountID, InterestRate, DurationYears) VALUES (369, 0.05, 9);
INSERT INTO Transfer(AccountAccountIDFrom, AccountAccountIDTo, TransferDate, Amount) VALUES (368, 369, TO_DATE('10-10-2015','DD-MM-YYYY'), 295867.5);
INSERT INTO Person(GovID,Name, PhoneNumber, Email, Address, Birthday, Nationality) VALUES (1111121311,'Kjell eco','900010200', 'Kjell_eco47@sapo.pt', 'Rheinsberg, Germany', TO_DATE('26-11-1952','DD-MM-YYYY'), 'Germany');
INSERT INTO Costumer(PersonGovID) VALUES (1111121311);
INSERT INTO Account(CostumerCostumerID, BranchBranchID, Amount, BeginDate, EndDate) VALUES (184, 374, 22668.0, TO_DATE('28-1-2008','DD-MM-YYYY'), NULL);
INSERT INTO CurrentAccount(AccountAccountID, MaximumWithdraw) VALUES (370, 400);
INSERT INTO Deposit(AccountAccountID, DepositDate, Amount) VALUES (370, TO_DATE('28-1-2008','DD-MM-YYYY'),90672);
INSERT INTO Withdraw(CurrentAccountAccountID, WithdrawDate, Amount) VALUES (370, TO_DATE('28-1-2008','DD-MM-YYYY'), 22668.0);
INSERT INTO Account(CostumerCostumerID, BranchBranchID, Amount, BeginDate, EndDate) VALUES (184, 374, 45336.0, TO_DATE('28-1-2008','DD-MM-YYYY'), NULL);
INSERT INTO SavingsAccount(AccountAccountID, InterestRate, DurationYears) VALUES (371, 0.05, 8);
INSERT INTO Transfer(AccountAccountIDFrom, AccountAccountIDTo, TransferDate, Amount) VALUES (370, 371, TO_DATE('28-1-2008','DD-MM-YYYY'), 45336.0);
INSERT INTO Person(GovID,Name, PhoneNumber, Email, Address, Birthday, Nationality) VALUES (1111121312,'Klaas eco','900010201', 'Klaas_eco87@sapo.pt', 'Ciudadela, Spain', TO_DATE('8-11-1987','DD-MM-YYYY'), 'Spain');
INSERT INTO Costumer(PersonGovID) VALUES (1111121312);
INSERT INTO Account(CostumerCostumerID, BranchBranchID, Amount, BeginDate, EndDate) VALUES (185, 796, 237686.75, TO_DATE('17-3-2007','DD-MM-YYYY'), NULL);
INSERT INTO CurrentAccount(AccountAccountID, MaximumWithdraw) VALUES (372, 400);
INSERT INTO Deposit(AccountAccountID, DepositDate, Amount) VALUES (372, TO_DATE('17-3-2007','DD-MM-YYYY'),950747);
INSERT INTO Withdraw(CurrentAccountAccountID, WithdrawDate, Amount) VALUES (372, TO_DATE('17-3-2007','DD-MM-YYYY'), 237686.75);
INSERT INTO Account(CostumerCostumerID, BranchBranchID, Amount, BeginDate, EndDate) VALUES (185, 796, 475373.5, TO_DATE('17-3-2007','DD-MM-YYYY'), NULL);
INSERT INTO SavingsAccount(AccountAccountID, InterestRate, DurationYears) VALUES (373, 0.05, 3);
INSERT INTO Transfer(AccountAccountIDFrom, AccountAccountIDTo, TransferDate, Amount) VALUES (372, 373, TO_DATE('17-3-2007','DD-MM-YYYY'), 475373.5);
INSERT INTO Person(GovID,Name, PhoneNumber, Email, Address, Birthday, Nationality) VALUES (1111121313,'Klara eco','900010202', 'Klara_eco100@sapo.pt', 'Horta, Portugal', TO_DATE('15-6-1994','DD-MM-YYYY'), 'Portugal');
INSERT INTO Costumer(PersonGovID) VALUES (1111121313);
INSERT INTO Account(CostumerCostumerID, BranchBranchID, Amount, BeginDate, EndDate) VALUES (186, 1163, 22440.5, TO_DATE('4-12-2004','DD-MM-YYYY'), NULL);
INSERT INTO CurrentAccount(AccountAccountID, MaximumWithdraw) VALUES (374, 400);
INSERT INTO Deposit(AccountAccountID, DepositDate, Amount) VALUES (374, TO_DATE('4-12-2004','DD-MM-YYYY'),89762);
INSERT INTO Withdraw(CurrentAccountAccountID, WithdrawDate, Amount) VALUES (374, TO_DATE('4-12-2004','DD-MM-YYYY'), 22440.5);
INSERT INTO Account(CostumerCostumerID, BranchBranchID, Amount, BeginDate, EndDate) VALUES (186, 1163, 44881.0, TO_DATE('4-12-2004','DD-MM-YYYY'), NULL);
INSERT INTO SavingsAccount(AccountAccountID, InterestRate, DurationYears) VALUES (375, 0.05, 3);
INSERT INTO Transfer(AccountAccountIDFrom, AccountAccountIDTo, TransferDate, Amount) VALUES (374, 375, TO_DATE('4-12-2004','DD-MM-YYYY'), 44881.0);
INSERT INTO Person(GovID,Name, PhoneNumber, Email, Address, Birthday, Nationality) VALUES (1111121314,'Klaudia eco','900010203', 'Klaudia_eco95@sapo.pt', 'Duisburg, Germany', TO_DATE('15-8-1995','DD-MM-YYYY'), 'Germany');
INSERT INTO Costumer(PersonGovID) VALUES (1111121314);
INSERT INTO Account(CostumerCostumerID, BranchBranchID, Amount, BeginDate, EndDate) VALUES (187, 1154, 197062.5, TO_DATE('13-11-2004','DD-MM-YYYY'), NULL);
INSERT INTO CurrentAccount(AccountAccountID, MaximumWithdraw) VALUES (376, 400);
INSERT INTO Deposit(AccountAccountID, DepositDate, Amount) VALUES (376, TO_DATE('13-11-2004','DD-MM-YYYY'),788250);
INSERT INTO Withdraw(CurrentAccountAccountID, WithdrawDate, Amount) VALUES (376, TO_DATE('13-11-2004','DD-MM-YYYY'), 197062.5);
INSERT INTO Account(CostumerCostumerID, BranchBranchID, Amount, BeginDate, EndDate) VALUES (187, 1154, 394125.0, TO_DATE('13-11-2004','DD-MM-YYYY'), NULL);
INSERT INTO SavingsAccount(AccountAccountID, InterestRate, DurationYears) VALUES (377, 0.05, 10);
INSERT INTO Transfer(AccountAccountIDFrom, AccountAccountIDTo, TransferDate, Amount) VALUES (376, 377, TO_DATE('13-11-2004','DD-MM-YYYY'), 394125.0);
INSERT INTO Person(GovID,Name, PhoneNumber, Email, Address, Birthday, Nationality) VALUES (1111121315,'Klaus eco','900010204', 'Klaus_eco23@sapo.pt', 'Sankt Johann im Pongau, Austria', TO_DATE('7-3-2001','DD-MM-YYYY'), 'Austria');
INSERT INTO Costumer(PersonGovID) VALUES (1111121315);
INSERT INTO Account(CostumerCostumerID, BranchBranchID, Amount, BeginDate, EndDate) VALUES (188, 1159, 131810.75, TO_DATE('4-1-2001','DD-MM-YYYY'), NULL);
INSERT INTO CurrentAccount(AccountAccountID, MaximumWithdraw) VALUES (378, 400);
INSERT INTO Deposit(AccountAccountID, DepositDate, Amount) VALUES (378, TO_DATE('4-1-2001','DD-MM-YYYY'),527243);
INSERT INTO Withdraw(CurrentAccountAccountID, WithdrawDate, Amount) VALUES (378, TO_DATE('4-1-2001','DD-MM-YYYY'), 131810.75);
INSERT INTO Account(CostumerCostumerID, BranchBranchID, Amount, BeginDate, EndDate) VALUES (188, 1159, 263621.5, TO_DATE('4-1-2001','DD-MM-YYYY'), NULL);
INSERT INTO SavingsAccount(AccountAccountID, InterestRate, DurationYears) VALUES (379, 0.05, 3);
INSERT INTO Transfer(AccountAccountIDFrom, AccountAccountIDTo, TransferDate, Amount) VALUES (378, 379, TO_DATE('4-1-2001','DD-MM-YYYY'), 263621.5);
INSERT INTO Account(CostumerCostumerID, BranchBranchID, Amount, BeginDate, EndDate) VALUES (188, 1159, 242656, TO_DATE('4-1-2001','DD-MM-YYYY'), NULL);
INSERT INTO CurrentAccount(AccountAccountID, MaximumWithdraw) VALUES (380, 400);
INSERT INTO Loan(BranchBranchID, CurrentAccountAccountAccountID, Amount, InterestRate, DateOfCreation, DateOfCompletion) VALUES (1159, 380, 242656, 0.07, TO_DATE('4-1-2001','DD-MM-YYYY'), TO_DATE('4-1-2002','DD-MM-YYYY'));
INSERT INTO Payment(LoanLoanID, CurrentAccountAccountID, PaymentDate, Amount) VALUES (4, 380, TO_DATE('4-2-2001','DD-MM-YYYY'), 20222);
INSERT INTO Deposit(AccountAccountID, DepositDate, Amount) VALUES (380, TO_DATE('4-2-2001','DD-MM-YYYY'),20222);
INSERT INTO Payment(LoanLoanID, CurrentAccountAccountID, PaymentDate, Amount) VALUES (4, 380, TO_DATE('4-3-2001','DD-MM-YYYY'), 20222);
INSERT INTO Deposit(AccountAccountID, DepositDate, Amount) VALUES (380, TO_DATE('4-3-2001','DD-MM-YYYY'),20222);
INSERT INTO Payment(LoanLoanID, CurrentAccountAccountID, PaymentDate, Amount) VALUES (4, 380, TO_DATE('4-4-2001','DD-MM-YYYY'), 20222);
INSERT INTO Deposit(AccountAccountID, DepositDate, Amount) VALUES (380, TO_DATE('4-4-2001','DD-MM-YYYY'),20222);
INSERT INTO Payment(LoanLoanID, CurrentAccountAccountID, PaymentDate, Amount) VALUES (4, 380, TO_DATE('4-5-2001','DD-MM-YYYY'), 20222);
INSERT INTO Deposit(AccountAccountID, DepositDate, Amount) VALUES (380, TO_DATE('4-5-2001','DD-MM-YYYY'),20222);
INSERT INTO Payment(LoanLoanID, CurrentAccountAccountID, PaymentDate, Amount) VALUES (4, 380, TO_DATE('4-6-2001','DD-MM-YYYY'), 20222);
INSERT INTO Deposit(AccountAccountID, DepositDate, Amount) VALUES (380, TO_DATE('4-6-2001','DD-MM-YYYY'),20222);
INSERT INTO Payment(LoanLoanID, CurrentAccountAccountID, PaymentDate, Amount) VALUES (4, 380, TO_DATE('4-7-2001','DD-MM-YYYY'), 20222);
INSERT INTO Deposit(AccountAccountID, DepositDate, Amount) VALUES (380, TO_DATE('4-7-2001','DD-MM-YYYY'),20222);
INSERT INTO Payment(LoanLoanID, CurrentAccountAccountID, PaymentDate, Amount) VALUES (4, 380, TO_DATE('4-8-2001','DD-MM-YYYY'), 20222);
INSERT INTO Deposit(AccountAccountID, DepositDate, Amount) VALUES (380, TO_DATE('4-8-2001','DD-MM-YYYY'),20222);
INSERT INTO Payment(LoanLoanID, CurrentAccountAccountID, PaymentDate, Amount) VALUES (4, 380, TO_DATE('4-9-2001','DD-MM-YYYY'), 20222);
INSERT INTO Deposit(AccountAccountID, DepositDate, Amount) VALUES (380, TO_DATE('4-9-2001','DD-MM-YYYY'),20222);
INSERT INTO Payment(LoanLoanID, CurrentAccountAccountID, PaymentDate, Amount) VALUES (4, 380, TO_DATE('4-10-2001','DD-MM-YYYY'), 20222);
INSERT INTO Deposit(AccountAccountID, DepositDate, Amount) VALUES (380, TO_DATE('4-10-2001','DD-MM-YYYY'),20222);
INSERT INTO Payment(LoanLoanID, CurrentAccountAccountID, PaymentDate, Amount) VALUES (4, 380, TO_DATE('4-11-2001','DD-MM-YYYY'), 20222);
INSERT INTO Deposit(AccountAccountID, DepositDate, Amount) VALUES (380, TO_DATE('4-11-2001','DD-MM-YYYY'),20222);
INSERT INTO Payment(LoanLoanID, CurrentAccountAccountID, PaymentDate, Amount) VALUES (4, 380, TO_DATE('4-12-2001','DD-MM-YYYY'), 20222);
INSERT INTO Deposit(AccountAccountID, DepositDate, Amount) VALUES (380, TO_DATE('4-12-2001','DD-MM-YYYY'),20222);
INSERT INTO Payment(LoanLoanID, CurrentAccountAccountID, PaymentDate, Amount) VALUES (4, 380, TO_DATE('4-1-2002','DD-MM-YYYY'), 20222);
INSERT INTO Deposit(AccountAccountID, DepositDate, Amount) VALUES (380, TO_DATE('4-1-2002','DD-MM-YYYY'),20222);
INSERT INTO Person(GovID,Name, PhoneNumber, Email, Address, Birthday, Nationality) VALUES (1111121316,'Klavdiya eco','900010205', 'Klavdiya_eco6@sapo.pt', 'Santander, Spain', TO_DATE('21-3-1965','DD-MM-YYYY'), 'Spain');
INSERT INTO Costumer(PersonGovID) VALUES (1111121316);
INSERT INTO Account(CostumerCostumerID, BranchBranchID, Amount, BeginDate, EndDate) VALUES (189, 412, 67800.5, TO_DATE('17-5-2017','DD-MM-YYYY'), NULL);
INSERT INTO CurrentAccount(AccountAccountID, MaximumWithdraw) VALUES (381, 400);
INSERT INTO Deposit(AccountAccountID, DepositDate, Amount) VALUES (381, TO_DATE('17-5-2017','DD-MM-YYYY'),271202);
INSERT INTO Withdraw(CurrentAccountAccountID, WithdrawDate, Amount) VALUES (381, TO_DATE('17-5-2017','DD-MM-YYYY'), 67800.5);
INSERT INTO Account(CostumerCostumerID, BranchBranchID, Amount, BeginDate, EndDate) VALUES (189, 412, 135601.0, TO_DATE('17-5-2017','DD-MM-YYYY'), NULL);
INSERT INTO SavingsAccount(AccountAccountID, InterestRate, DurationYears) VALUES (382, 0.05, 5);
INSERT INTO Transfer(AccountAccountIDFrom, AccountAccountIDTo, TransferDate, Amount) VALUES (381, 382, TO_DATE('17-5-2017','DD-MM-YYYY'), 135601.0);
INSERT INTO Person(GovID,Name, PhoneNumber, Email, Address, Birthday, Nationality) VALUES (1111121317,'Kleber eco','900010206', 'Kleber_eco49@sapo.pt', 'Tamsweg, Austria', TO_DATE('16-4-1960','DD-MM-YYYY'), 'Austria');
INSERT INTO Costumer(PersonGovID) VALUES (1111121317);
INSERT INTO Account(CostumerCostumerID, BranchBranchID, Amount, BeginDate, EndDate) VALUES (190, 814, 131005.25, TO_DATE('14-8-2003','DD-MM-YYYY'), NULL);
INSERT INTO CurrentAccount(AccountAccountID, MaximumWithdraw) VALUES (383, 400);
INSERT INTO Deposit(AccountAccountID, DepositDate, Amount) VALUES (383, TO_DATE('14-8-2003','DD-MM-YYYY'),524021);
INSERT INTO Withdraw(CurrentAccountAccountID, WithdrawDate, Amount) VALUES (383, TO_DATE('14-8-2003','DD-MM-YYYY'), 131005.25);
INSERT INTO Account(CostumerCostumerID, BranchBranchID, Amount, BeginDate, EndDate) VALUES (190, 814, 262010.5, TO_DATE('14-8-2003','DD-MM-YYYY'), NULL);
INSERT INTO SavingsAccount(AccountAccountID, InterestRate, DurationYears) VALUES (384, 0.05, 6);
INSERT INTO Transfer(AccountAccountIDFrom, AccountAccountIDTo, TransferDate, Amount) VALUES (383, 384, TO_DATE('14-8-2003','DD-MM-YYYY'), 262010.5);
INSERT INTO Person(GovID,Name, PhoneNumber, Email, Address, Birthday, Nationality) VALUES (1111121318,'Klever eco','900010207', 'Klever_eco65@sapo.pt', 'Pavia, Italy', TO_DATE('17-5-1984','DD-MM-YYYY'), 'Italy');
INSERT INTO Costumer(PersonGovID) VALUES (1111121318);
INSERT INTO Account(CostumerCostumerID, BranchBranchID, Amount, BeginDate, EndDate) VALUES (191, 1186, 235940.0, TO_DATE('17-2-2002','DD-MM-YYYY'), NULL);
INSERT INTO CurrentAccount(AccountAccountID, MaximumWithdraw) VALUES (385, 400);
INSERT INTO Deposit(AccountAccountID, DepositDate, Amount) VALUES (385, TO_DATE('17-2-2002','DD-MM-YYYY'),943760);
INSERT INTO Withdraw(CurrentAccountAccountID, WithdrawDate, Amount) VALUES (385, TO_DATE('17-2-2002','DD-MM-YYYY'), 235940.0);
INSERT INTO Account(CostumerCostumerID, BranchBranchID, Amount, BeginDate, EndDate) VALUES (191, 1186, 471880.0, TO_DATE('17-2-2002','DD-MM-YYYY'), NULL);
INSERT INTO SavingsAccount(AccountAccountID, InterestRate, DurationYears) VALUES (386, 0.05, 10);
INSERT INTO Transfer(AccountAccountIDFrom, AccountAccountIDTo, TransferDate, Amount) VALUES (385, 386, TO_DATE('17-2-2002','DD-MM-YYYY'), 471880.0);
INSERT INTO Person(GovID,Name, PhoneNumber, Email, Address, Birthday, Nationality) VALUES (1111121319,'Knarik eco','900010208', 'Knarik_eco21@sapo.pt', 'Sombreffe, Belgium', TO_DATE('25-3-1962','DD-MM-YYYY'), 'Belgium');
INSERT INTO Costumer(PersonGovID) VALUES (1111121319);
INSERT INTO Account(CostumerCostumerID, BranchBranchID, Amount, BeginDate, EndDate) VALUES (192, 134, 235683.0, TO_DATE('11-10-2013','DD-MM-YYYY'), NULL);
INSERT INTO CurrentAccount(AccountAccountID, MaximumWithdraw) VALUES (387, 400);
INSERT INTO Deposit(AccountAccountID, DepositDate, Amount) VALUES (387, TO_DATE('11-10-2013','DD-MM-YYYY'),942732);
INSERT INTO Withdraw(CurrentAccountAccountID, WithdrawDate, Amount) VALUES (387, TO_DATE('11-10-2013','DD-MM-YYYY'), 235683.0);
INSERT INTO Account(CostumerCostumerID, BranchBranchID, Amount, BeginDate, EndDate) VALUES (192, 134, 471366.0, TO_DATE('11-10-2013','DD-MM-YYYY'), NULL);
INSERT INTO SavingsAccount(AccountAccountID, InterestRate, DurationYears) VALUES (388, 0.05, 3);
INSERT INTO Transfer(AccountAccountIDFrom, AccountAccountIDTo, TransferDate, Amount) VALUES (387, 388, TO_DATE('11-10-2013','DD-MM-YYYY'), 471366.0);
INSERT INTO Person(GovID,Name, PhoneNumber, Email, Address, Birthday, Nationality) VALUES (1111121320,'Knut eco','900010209', 'Knut_eco42@sapo.pt', 'Montelimar, France', TO_DATE('20-8-1963','DD-MM-YYYY'), 'France');
INSERT INTO Costumer(PersonGovID) VALUES (1111121320);
INSERT INTO Account(CostumerCostumerID, BranchBranchID, Amount, BeginDate, EndDate) VALUES (193, 10, 203418.75, TO_DATE('4-6-2002','DD-MM-YYYY'), NULL);
INSERT INTO CurrentAccount(AccountAccountID, MaximumWithdraw) VALUES (389, 400);
INSERT INTO Deposit(AccountAccountID, DepositDate, Amount) VALUES (389, TO_DATE('4-6-2002','DD-MM-YYYY'),813675);
INSERT INTO Withdraw(CurrentAccountAccountID, WithdrawDate, Amount) VALUES (389, TO_DATE('4-6-2002','DD-MM-YYYY'), 203418.75);
INSERT INTO Account(CostumerCostumerID, BranchBranchID, Amount, BeginDate, EndDate) VALUES (193, 10, 406837.5, TO_DATE('4-6-2002','DD-MM-YYYY'), NULL);
INSERT INTO SavingsAccount(AccountAccountID, InterestRate, DurationYears) VALUES (390, 0.05, 4);
INSERT INTO Transfer(AccountAccountIDFrom, AccountAccountIDTo, TransferDate, Amount) VALUES (389, 390, TO_DATE('4-6-2002','DD-MM-YYYY'), 406837.5);
INSERT INTO Person(GovID,Name, PhoneNumber, Email, Address, Birthday, Nationality) VALUES (1111121321,'Koba eco','900010210', 'Koba_eco28@sapo.pt', 'Abano Terme, Italy', TO_DATE('18-4-1999','DD-MM-YYYY'), 'Italy');
INSERT INTO Costumer(PersonGovID) VALUES (1111121321);
INSERT INTO Account(CostumerCostumerID, BranchBranchID, Amount, BeginDate, EndDate) VALUES (194, 528, 225255.5, TO_DATE('27-2-2008','DD-MM-YYYY'), NULL);
INSERT INTO CurrentAccount(AccountAccountID, MaximumWithdraw) VALUES (391, 400);
INSERT INTO Deposit(AccountAccountID, DepositDate, Amount) VALUES (391, TO_DATE('27-2-2008','DD-MM-YYYY'),901022);
INSERT INTO Withdraw(CurrentAccountAccountID, WithdrawDate, Amount) VALUES (391, TO_DATE('27-2-2008','DD-MM-YYYY'), 225255.5);
INSERT INTO Account(CostumerCostumerID, BranchBranchID, Amount, BeginDate, EndDate) VALUES (194, 528, 450511.0, TO_DATE('27-2-2008','DD-MM-YYYY'), NULL);
INSERT INTO SavingsAccount(AccountAccountID, InterestRate, DurationYears) VALUES (392, 0.05, 3);
INSERT INTO Transfer(AccountAccountIDFrom, AccountAccountIDTo, TransferDate, Amount) VALUES (391, 392, TO_DATE('27-2-2008','DD-MM-YYYY'), 450511.0);
INSERT INTO Person(GovID,Name, PhoneNumber, Email, Address, Birthday, Nationality) VALUES (1111121322,'Koen eco','900010211', 'Koen_eco49@sapo.pt', 'Cranzahl, Germany', TO_DATE('23-9-1974','DD-MM-YYYY'), 'Germany');
INSERT INTO Costumer(PersonGovID) VALUES (1111121322);
INSERT INTO Account(CostumerCostumerID, BranchBranchID, Amount, BeginDate, EndDate) VALUES (195, 310, 21299.25, TO_DATE('24-5-2007','DD-MM-YYYY'), NULL);
INSERT INTO CurrentAccount(AccountAccountID, MaximumWithdraw) VALUES (393, 400);
INSERT INTO Deposit(AccountAccountID, DepositDate, Amount) VALUES (393, TO_DATE('24-5-2007','DD-MM-YYYY'),85197);
INSERT INTO Withdraw(CurrentAccountAccountID, WithdrawDate, Amount) VALUES (393, TO_DATE('24-5-2007','DD-MM-YYYY'), 21299.25);
INSERT INTO Account(CostumerCostumerID, BranchBranchID, Amount, BeginDate, EndDate) VALUES (195, 310, 42598.5, TO_DATE('24-5-2007','DD-MM-YYYY'), NULL);
INSERT INTO SavingsAccount(AccountAccountID, InterestRate, DurationYears) VALUES (394, 0.05, 6);
INSERT INTO Transfer(AccountAccountIDFrom, AccountAccountIDTo, TransferDate, Amount) VALUES (393, 394, TO_DATE('24-5-2007','DD-MM-YYYY'), 42598.5);
INSERT INTO Person(GovID,Name, PhoneNumber, Email, Address, Birthday, Nationality) VALUES (1111121323,'Kofi eco','900010212', 'Kofi_eco47@sapo.pt', 'Alttting, Germany', TO_DATE('5-12-1987','DD-MM-YYYY'), 'Germany');
INSERT INTO Costumer(PersonGovID) VALUES (1111121323);
INSERT INTO Account(CostumerCostumerID, BranchBranchID, Amount, BeginDate, EndDate) VALUES (196, 702, 83251.0, TO_DATE('6-11-2014','DD-MM-YYYY'), NULL);
INSERT INTO CurrentAccount(AccountAccountID, MaximumWithdraw) VALUES (395, 400);
INSERT INTO Deposit(AccountAccountID, DepositDate, Amount) VALUES (395, TO_DATE('6-11-2014','DD-MM-YYYY'),333004);
INSERT INTO Withdraw(CurrentAccountAccountID, WithdrawDate, Amount) VALUES (395, TO_DATE('6-11-2014','DD-MM-YYYY'), 83251.0);
INSERT INTO Account(CostumerCostumerID, BranchBranchID, Amount, BeginDate, EndDate) VALUES (196, 702, 166502.0, TO_DATE('6-11-2014','DD-MM-YYYY'), NULL);
INSERT INTO SavingsAccount(AccountAccountID, InterestRate, DurationYears) VALUES (396, 0.05, 6);
INSERT INTO Transfer(AccountAccountIDFrom, AccountAccountIDTo, TransferDate, Amount) VALUES (395, 396, TO_DATE('6-11-2014','DD-MM-YYYY'), 166502.0);
INSERT INTO Person(GovID,Name, PhoneNumber, Email, Address, Birthday, Nationality) VALUES (1111121324,'Koichi eco','900010213', 'Koichi_eco98@sapo.pt', 'Asti, Italy', TO_DATE('6-7-1956','DD-MM-YYYY'), 'Italy');
INSERT INTO Costumer(PersonGovID) VALUES (1111121324);
INSERT INTO Account(CostumerCostumerID, BranchBranchID, Amount, BeginDate, EndDate) VALUES (197, 128, 118944.0, TO_DATE('11-11-2003','DD-MM-YYYY'), NULL);
INSERT INTO CurrentAccount(AccountAccountID, MaximumWithdraw) VALUES (397, 400);
INSERT INTO Deposit(AccountAccountID, DepositDate, Amount) VALUES (397, TO_DATE('11-11-2003','DD-MM-YYYY'),475776);
INSERT INTO Withdraw(CurrentAccountAccountID, WithdrawDate, Amount) VALUES (397, TO_DATE('11-11-2003','DD-MM-YYYY'), 118944.0);
INSERT INTO Account(CostumerCostumerID, BranchBranchID, Amount, BeginDate, EndDate) VALUES (197, 128, 237888.0, TO_DATE('11-11-2003','DD-MM-YYYY'), NULL);
INSERT INTO SavingsAccount(AccountAccountID, InterestRate, DurationYears) VALUES (398, 0.05, 7);
INSERT INTO Transfer(AccountAccountIDFrom, AccountAccountIDTo, TransferDate, Amount) VALUES (397, 398, TO_DATE('11-11-2003','DD-MM-YYYY'), 237888.0);
INSERT INTO Person(GovID,Name, PhoneNumber, Email, Address, Birthday, Nationality) VALUES (1111121325,'Koji eco','900010214', 'Koji_eco82@sapo.pt', 'Sentmenat, Spain', TO_DATE('15-8-2007','DD-MM-YYYY'), 'Spain');
INSERT INTO Costumer(PersonGovID) VALUES (1111121325);
INSERT INTO Account(CostumerCostumerID, BranchBranchID, Amount, BeginDate, EndDate) VALUES (198, 307, 146642.25, TO_DATE('13-5-2004','DD-MM-YYYY'), NULL);
INSERT INTO CurrentAccount(AccountAccountID, MaximumWithdraw) VALUES (399, 400);
INSERT INTO Deposit(AccountAccountID, DepositDate, Amount) VALUES (399, TO_DATE('13-5-2004','DD-MM-YYYY'),586569);
INSERT INTO Withdraw(CurrentAccountAccountID, WithdrawDate, Amount) VALUES (399, TO_DATE('13-5-2004','DD-MM-YYYY'), 146642.25);
INSERT INTO Account(CostumerCostumerID, BranchBranchID, Amount, BeginDate, EndDate) VALUES (198, 307, 293284.5, TO_DATE('13-5-2004','DD-MM-YYYY'), NULL);
INSERT INTO SavingsAccount(AccountAccountID, InterestRate, DurationYears) VALUES (400, 0.05, 9);
INSERT INTO Transfer(AccountAccountIDFrom, AccountAccountIDTo, TransferDate, Amount) VALUES (399, 400, TO_DATE('13-5-2004','DD-MM-YYYY'), 293284.5);
INSERT INTO Person(GovID,Name, PhoneNumber, Email, Address, Birthday, Nationality) VALUES (1111121326,'Koldo eco','900010215', 'Koldo_eco9@sapo.pt', 'Pinerolo, Italy', TO_DATE('27-6-1957','DD-MM-YYYY'), 'Italy');
INSERT INTO Costumer(PersonGovID) VALUES (1111121326);
INSERT INTO Account(CostumerCostumerID, BranchBranchID, Amount, BeginDate, EndDate) VALUES (199, 1200, 164359.25, TO_DATE('28-9-2006','DD-MM-YYYY'), NULL);
INSERT INTO CurrentAccount(AccountAccountID, MaximumWithdraw) VALUES (401, 400);
INSERT INTO Deposit(AccountAccountID, DepositDate, Amount) VALUES (401, TO_DATE('28-9-2006','DD-MM-YYYY'),657437);
INSERT INTO Withdraw(CurrentAccountAccountID, WithdrawDate, Amount) VALUES (401, TO_DATE('28-9-2006','DD-MM-YYYY'), 164359.25);
INSERT INTO Account(CostumerCostumerID, BranchBranchID, Amount, BeginDate, EndDate) VALUES (199, 1200, 328718.5, TO_DATE('28-9-2006','DD-MM-YYYY'), NULL);
INSERT INTO SavingsAccount(AccountAccountID, InterestRate, DurationYears) VALUES (402, 0.05, 4);
INSERT INTO Transfer(AccountAccountIDFrom, AccountAccountIDTo, TransferDate, Amount) VALUES (401, 402, TO_DATE('28-9-2006','DD-MM-YYYY'), 328718.5);
INSERT INTO Person(GovID,Name, PhoneNumber, Email, Address, Birthday, Nationality) VALUES (1111121327,'Koldobika eco','900010216', 'Koldobika_eco22@sapo.pt', 'Ingolstadt, Germany', TO_DATE('4-2-1961','DD-MM-YYYY'), 'Germany');
INSERT INTO Costumer(PersonGovID) VALUES (1111121327);
INSERT INTO Account(CostumerCostumerID, BranchBranchID, Amount, BeginDate, EndDate) VALUES (200, 468, 152058.25, TO_DATE('7-1-2015','DD-MM-YYYY'), NULL);
INSERT INTO CurrentAccount(AccountAccountID, MaximumWithdraw) VALUES (403, 400);
INSERT INTO Deposit(AccountAccountID, DepositDate, Amount) VALUES (403, TO_DATE('7-1-2015','DD-MM-YYYY'),608233);
INSERT INTO Withdraw(CurrentAccountAccountID, WithdrawDate, Amount) VALUES (403, TO_DATE('7-1-2015','DD-MM-YYYY'), 152058.25);
INSERT INTO Account(CostumerCostumerID, BranchBranchID, Amount, BeginDate, EndDate) VALUES (200, 468, 304116.5, TO_DATE('7-1-2015','DD-MM-YYYY'), NULL);
INSERT INTO SavingsAccount(AccountAccountID, InterestRate, DurationYears) VALUES (404, 0.05, 10);
INSERT INTO Transfer(AccountAccountIDFrom, AccountAccountIDTo, TransferDate, Amount) VALUES (403, 404, TO_DATE('7-1-2015','DD-MM-YYYY'), 304116.5);
INSERT INTO Person(GovID,Name, PhoneNumber, Email, Address, Birthday, Nationality) VALUES (1111121328,'Koldobike eco','900010217', 'Koldobike_eco4@sapo.pt', 'Kamen, Germany', TO_DATE('11-5-1973','DD-MM-YYYY'), 'Germany');
INSERT INTO Costumer(PersonGovID) VALUES (1111121328);
INSERT INTO Account(CostumerCostumerID, BranchBranchID, Amount, BeginDate, EndDate) VALUES (201, 74, 245714.0, TO_DATE('5-4-2007','DD-MM-YYYY'), NULL);
INSERT INTO CurrentAccount(AccountAccountID, MaximumWithdraw) VALUES (405, 400);
INSERT INTO Deposit(AccountAccountID, DepositDate, Amount) VALUES (405, TO_DATE('5-4-2007','DD-MM-YYYY'),982856);
INSERT INTO Withdraw(CurrentAccountAccountID, WithdrawDate, Amount) VALUES (405, TO_DATE('5-4-2007','DD-MM-YYYY'), 245714.0);
INSERT INTO Account(CostumerCostumerID, BranchBranchID, Amount, BeginDate, EndDate) VALUES (201, 74, 491428.0, TO_DATE('5-4-2007','DD-MM-YYYY'), NULL);
INSERT INTO SavingsAccount(AccountAccountID, InterestRate, DurationYears) VALUES (406, 0.05, 4);
INSERT INTO Transfer(AccountAccountIDFrom, AccountAccountIDTo, TransferDate, Amount) VALUES (405, 406, TO_DATE('5-4-2007','DD-MM-YYYY'), 491428.0);
INSERT INTO Person(GovID,Name, PhoneNumber, Email, Address, Birthday, Nationality) VALUES (1111121329,'Koly eco','900010218', 'Koly_eco39@sapo.pt', 'Friolzheim, Germany', TO_DATE('26-6-1993','DD-MM-YYYY'), 'Germany');
INSERT INTO Costumer(PersonGovID) VALUES (1111121329);
INSERT INTO Account(CostumerCostumerID, BranchBranchID, Amount, BeginDate, EndDate) VALUES (202, 754, 142246.0, TO_DATE('18-6-2008','DD-MM-YYYY'), NULL);
INSERT INTO CurrentAccount(AccountAccountID, MaximumWithdraw) VALUES (407, 400);
INSERT INTO Deposit(AccountAccountID, DepositDate, Amount) VALUES (407, TO_DATE('18-6-2008','DD-MM-YYYY'),568984);
INSERT INTO Withdraw(CurrentAccountAccountID, WithdrawDate, Amount) VALUES (407, TO_DATE('18-6-2008','DD-MM-YYYY'), 142246.0);
INSERT INTO Account(CostumerCostumerID, BranchBranchID, Amount, BeginDate, EndDate) VALUES (202, 754, 284492.0, TO_DATE('18-6-2008','DD-MM-YYYY'), NULL);
INSERT INTO SavingsAccount(AccountAccountID, InterestRate, DurationYears) VALUES (408, 0.05, 9);
INSERT INTO Transfer(AccountAccountIDFrom, AccountAccountIDTo, TransferDate, Amount) VALUES (407, 408, TO_DATE('18-6-2008','DD-MM-YYYY'), 284492.0);
INSERT INTO Person(GovID,Name, PhoneNumber, Email, Address, Birthday, Nationality) VALUES (1111121330,'Kolyo eco','900010219', 'Kolyo_eco75@sapo.pt', 'Lampertheim, Germany', TO_DATE('20-7-1988','DD-MM-YYYY'), 'Germany');
INSERT INTO Costumer(PersonGovID) VALUES (1111121330);
INSERT INTO Account(CostumerCostumerID, BranchBranchID, Amount, BeginDate, EndDate) VALUES (203, 85, 116350.5, TO_DATE('15-1-2000','DD-MM-YYYY'), NULL);
INSERT INTO CurrentAccount(AccountAccountID, MaximumWithdraw) VALUES (409, 400);
INSERT INTO Deposit(AccountAccountID, DepositDate, Amount) VALUES (409, TO_DATE('15-1-2000','DD-MM-YYYY'),465402);
INSERT INTO Withdraw(CurrentAccountAccountID, WithdrawDate, Amount) VALUES (409, TO_DATE('15-1-2000','DD-MM-YYYY'), 116350.5);
INSERT INTO Account(CostumerCostumerID, BranchBranchID, Amount, BeginDate, EndDate) VALUES (203, 85, 232701.0, TO_DATE('15-1-2000','DD-MM-YYYY'), NULL);
INSERT INTO SavingsAccount(AccountAccountID, InterestRate, DurationYears) VALUES (410, 0.05, 7);
INSERT INTO Transfer(AccountAccountIDFrom, AccountAccountIDTo, TransferDate, Amount) VALUES (409, 410, TO_DATE('15-1-2000','DD-MM-YYYY'), 232701.0);
INSERT INTO Person(GovID,Name, PhoneNumber, Email, Address, Birthday, Nationality) VALUES (1111121331,'Komal eco','900010220', 'Komal_eco74@sapo.pt', 'Olbernhau, Germany', TO_DATE('12-11-1962','DD-MM-YYYY'), 'Germany');
INSERT INTO Costumer(PersonGovID) VALUES (1111121331);
INSERT INTO Account(CostumerCostumerID, BranchBranchID, Amount, BeginDate, EndDate) VALUES (204, 985, 149168.5, TO_DATE('7-7-2012','DD-MM-YYYY'), NULL);
INSERT INTO CurrentAccount(AccountAccountID, MaximumWithdraw) VALUES (411, 400);
INSERT INTO Deposit(AccountAccountID, DepositDate, Amount) VALUES (411, TO_DATE('7-7-2012','DD-MM-YYYY'),596674);
INSERT INTO Withdraw(CurrentAccountAccountID, WithdrawDate, Amount) VALUES (411, TO_DATE('7-7-2012','DD-MM-YYYY'), 149168.5);
INSERT INTO Account(CostumerCostumerID, BranchBranchID, Amount, BeginDate, EndDate) VALUES (204, 985, 298337.0, TO_DATE('7-7-2012','DD-MM-YYYY'), NULL);
INSERT INTO SavingsAccount(AccountAccountID, InterestRate, DurationYears) VALUES (412, 0.05, 8);
INSERT INTO Transfer(AccountAccountIDFrom, AccountAccountIDTo, TransferDate, Amount) VALUES (411, 412, TO_DATE('7-7-2012','DD-MM-YYYY'), 298337.0);
INSERT INTO Person(GovID,Name, PhoneNumber, Email, Address, Birthday, Nationality) VALUES (1111121332,'Konate eco','900010221', 'Konate_eco56@sapo.pt', 'Ottignies, Belgium', TO_DATE('11-10-1988','DD-MM-YYYY'), 'Belgium');
INSERT INTO Costumer(PersonGovID) VALUES (1111121332);
INSERT INTO Account(CostumerCostumerID, BranchBranchID, Amount, BeginDate, EndDate) VALUES (205, 736, 75007.75, TO_DATE('1-3-2012','DD-MM-YYYY'), NULL);
INSERT INTO CurrentAccount(AccountAccountID, MaximumWithdraw) VALUES (413, 400);
INSERT INTO Deposit(AccountAccountID, DepositDate, Amount) VALUES (413, TO_DATE('1-3-2012','DD-MM-YYYY'),300031);
INSERT INTO Withdraw(CurrentAccountAccountID, WithdrawDate, Amount) VALUES (413, TO_DATE('1-3-2012','DD-MM-YYYY'), 75007.75);
INSERT INTO Account(CostumerCostumerID, BranchBranchID, Amount, BeginDate, EndDate) VALUES (205, 736, 150015.5, TO_DATE('1-3-2012','DD-MM-YYYY'), NULL);
INSERT INTO SavingsAccount(AccountAccountID, InterestRate, DurationYears) VALUES (414, 0.05, 10);
INSERT INTO Transfer(AccountAccountIDFrom, AccountAccountIDTo, TransferDate, Amount) VALUES (413, 414, TO_DATE('1-3-2012','DD-MM-YYYY'), 150015.5);
INSERT INTO Person(GovID,Name, PhoneNumber, Email, Address, Birthday, Nationality) VALUES (1111121333,'Kone eco','900010222', 'Kone_eco87@sapo.pt', 'Reet, Belgium', TO_DATE('11-12-1993','DD-MM-YYYY'), 'Belgium');
INSERT INTO Costumer(PersonGovID) VALUES (1111121333);
INSERT INTO Account(CostumerCostumerID, BranchBranchID, Amount, BeginDate, EndDate) VALUES (206, 1108, 134950.25, TO_DATE('1-6-2010','DD-MM-YYYY'), NULL);
INSERT INTO CurrentAccount(AccountAccountID, MaximumWithdraw) VALUES (415, 400);
INSERT INTO Deposit(AccountAccountID, DepositDate, Amount) VALUES (415, TO_DATE('1-6-2010','DD-MM-YYYY'),539801);
INSERT INTO Withdraw(CurrentAccountAccountID, WithdrawDate, Amount) VALUES (415, TO_DATE('1-6-2010','DD-MM-YYYY'), 134950.25);
INSERT INTO Account(CostumerCostumerID, BranchBranchID, Amount, BeginDate, EndDate) VALUES (206, 1108, 269900.5, TO_DATE('1-6-2010','DD-MM-YYYY'), NULL);
INSERT INTO SavingsAccount(AccountAccountID, InterestRate, DurationYears) VALUES (416, 0.05, 3);
INSERT INTO Transfer(AccountAccountIDFrom, AccountAccountIDTo, TransferDate, Amount) VALUES (415, 416, TO_DATE('1-6-2010','DD-MM-YYYY'), 269900.5);
INSERT INTO Person(GovID,Name, PhoneNumber, Email, Address, Birthday, Nationality) VALUES (1111121334,'Konimba eco','900010223', 'Konimba_eco47@sapo.pt', 'Marl, Germany', TO_DATE('1-10-1973','DD-MM-YYYY'), 'Germany');
INSERT INTO Costumer(PersonGovID) VALUES (1111121334);
INSERT INTO Account(CostumerCostumerID, BranchBranchID, Amount, BeginDate, EndDate) VALUES (207, 1246, 38090.75, TO_DATE('4-10-2014','DD-MM-YYYY'), NULL);
INSERT INTO CurrentAccount(AccountAccountID, MaximumWithdraw) VALUES (417, 400);
INSERT INTO Deposit(AccountAccountID, DepositDate, Amount) VALUES (417, TO_DATE('4-10-2014','DD-MM-YYYY'),152363);
INSERT INTO Withdraw(CurrentAccountAccountID, WithdrawDate, Amount) VALUES (417, TO_DATE('4-10-2014','DD-MM-YYYY'), 38090.75);
INSERT INTO Account(CostumerCostumerID, BranchBranchID, Amount, BeginDate, EndDate) VALUES (207, 1246, 76181.5, TO_DATE('4-10-2014','DD-MM-YYYY'), NULL);
INSERT INTO SavingsAccount(AccountAccountID, InterestRate, DurationYears) VALUES (418, 0.05, 9);
INSERT INTO Transfer(AccountAccountIDFrom, AccountAccountIDTo, TransferDate, Amount) VALUES (417, 418, TO_DATE('4-10-2014','DD-MM-YYYY'), 76181.5);
INSERT INTO Person(GovID,Name, PhoneNumber, Email, Address, Birthday, Nationality) VALUES (1111121335,'Konrad eco','900010224', 'Konrad_eco45@sapo.pt', 'Murcia, Spain', TO_DATE('7-2-2003','DD-MM-YYYY'), 'Spain');
INSERT INTO Costumer(PersonGovID) VALUES (1111121335);
INSERT INTO Account(CostumerCostumerID, BranchBranchID, Amount, BeginDate, EndDate) VALUES (208, 716, 155167.0, TO_DATE('11-5-2016','DD-MM-YYYY'), NULL);
INSERT INTO CurrentAccount(AccountAccountID, MaximumWithdraw) VALUES (419, 400);
INSERT INTO Deposit(AccountAccountID, DepositDate, Amount) VALUES (419, TO_DATE('11-5-2016','DD-MM-YYYY'),620668);
INSERT INTO Withdraw(CurrentAccountAccountID, WithdrawDate, Amount) VALUES (419, TO_DATE('11-5-2016','DD-MM-YYYY'), 155167.0);
INSERT INTO Account(CostumerCostumerID, BranchBranchID, Amount, BeginDate, EndDate) VALUES (208, 716, 310334.0, TO_DATE('11-5-2016','DD-MM-YYYY'), NULL);
INSERT INTO SavingsAccount(AccountAccountID, InterestRate, DurationYears) VALUES (420, 0.05, 9);
INSERT INTO Transfer(AccountAccountIDFrom, AccountAccountIDTo, TransferDate, Amount) VALUES (419, 420, TO_DATE('11-5-2016','DD-MM-YYYY'), 310334.0);
INSERT INTO Person(GovID,Name, PhoneNumber, Email, Address, Birthday, Nationality) VALUES (1111121336,'Konstantin eco','900010225', 'Konstantin_eco85@sapo.pt', 'Gdask, Poland', TO_DATE('12-2-2007','DD-MM-YYYY'), 'Poland');
INSERT INTO Costumer(PersonGovID) VALUES (1111121336);
INSERT INTO Account(CostumerCostumerID, BranchBranchID, Amount, BeginDate, EndDate) VALUES (209, 531, 13401.25, TO_DATE('12-7-2012','DD-MM-YYYY'), NULL);
INSERT INTO CurrentAccount(AccountAccountID, MaximumWithdraw) VALUES (421, 400);
INSERT INTO Deposit(AccountAccountID, DepositDate, Amount) VALUES (421, TO_DATE('12-7-2012','DD-MM-YYYY'),53605);
INSERT INTO Withdraw(CurrentAccountAccountID, WithdrawDate, Amount) VALUES (421, TO_DATE('12-7-2012','DD-MM-YYYY'), 13401.25);
INSERT INTO Account(CostumerCostumerID, BranchBranchID, Amount, BeginDate, EndDate) VALUES (209, 531, 26802.5, TO_DATE('12-7-2012','DD-MM-YYYY'), NULL);
INSERT INTO SavingsAccount(AccountAccountID, InterestRate, DurationYears) VALUES (422, 0.05, 7);
INSERT INTO Transfer(AccountAccountIDFrom, AccountAccountIDTo, TransferDate, Amount) VALUES (421, 422, TO_DATE('12-7-2012','DD-MM-YYYY'), 26802.5);
INSERT INTO Person(GovID,Name, PhoneNumber, Email, Address, Birthday, Nationality) VALUES (1111121337,'Konstantina eco','900010226', 'Konstantina_eco0@sapo.pt', 'Rypin, Poland', TO_DATE('23-1-1950','DD-MM-YYYY'), 'Poland');
INSERT INTO Costumer(PersonGovID) VALUES (1111121337);
INSERT INTO Account(CostumerCostumerID, BranchBranchID, Amount, BeginDate, EndDate) VALUES (210, 646, 69054.25, TO_DATE('6-7-2000','DD-MM-YYYY'), NULL);
INSERT INTO CurrentAccount(AccountAccountID, MaximumWithdraw) VALUES (423, 400);
INSERT INTO Deposit(AccountAccountID, DepositDate, Amount) VALUES (423, TO_DATE('6-7-2000','DD-MM-YYYY'),276217);
INSERT INTO Withdraw(CurrentAccountAccountID, WithdrawDate, Amount) VALUES (423, TO_DATE('6-7-2000','DD-MM-YYYY'), 69054.25);
INSERT INTO Account(CostumerCostumerID, BranchBranchID, Amount, BeginDate, EndDate) VALUES (210, 646, 138108.5, TO_DATE('6-7-2000','DD-MM-YYYY'), NULL);
INSERT INTO SavingsAccount(AccountAccountID, InterestRate, DurationYears) VALUES (424, 0.05, 3);
INSERT INTO Transfer(AccountAccountIDFrom, AccountAccountIDTo, TransferDate, Amount) VALUES (423, 424, TO_DATE('6-7-2000','DD-MM-YYYY'), 138108.5);
INSERT INTO Person(GovID,Name, PhoneNumber, Email, Address, Birthday, Nationality) VALUES (1111121338,'Konstantine eco','900010227', 'Konstantine_eco31@sapo.pt', 'Bad Sachsa, Germany', TO_DATE('12-3-2000','DD-MM-YYYY'), 'Germany');
INSERT INTO Costumer(PersonGovID) VALUES (1111121338);
INSERT INTO Account(CostumerCostumerID, BranchBranchID, Amount, BeginDate, EndDate) VALUES (211, 1241, 62505.25, TO_DATE('3-12-2013','DD-MM-YYYY'), NULL);
INSERT INTO CurrentAccount(AccountAccountID, MaximumWithdraw) VALUES (425, 400);
INSERT INTO Deposit(AccountAccountID, DepositDate, Amount) VALUES (425, TO_DATE('3-12-2013','DD-MM-YYYY'),250021);
INSERT INTO Withdraw(CurrentAccountAccountID, WithdrawDate, Amount) VALUES (425, TO_DATE('3-12-2013','DD-MM-YYYY'), 62505.25);
INSERT INTO Account(CostumerCostumerID, BranchBranchID, Amount, BeginDate, EndDate) VALUES (211, 1241, 125010.5, TO_DATE('3-12-2013','DD-MM-YYYY'), NULL);
INSERT INTO SavingsAccount(AccountAccountID, InterestRate, DurationYears) VALUES (426, 0.05, 7);
INSERT INTO Transfer(AccountAccountIDFrom, AccountAccountIDTo, TransferDate, Amount) VALUES (425, 426, TO_DATE('3-12-2013','DD-MM-YYYY'), 125010.5);
INSERT INTO Person(GovID,Name, PhoneNumber, Email, Address, Birthday, Nationality) VALUES (1111121339,'Konstantinos eco','900010228', 'Konstantinos_eco79@sapo.pt', 'Saint-Gaudens, France', TO_DATE('5-9-1995','DD-MM-YYYY'), 'France');
INSERT INTO Costumer(PersonGovID) VALUES (1111121339);
INSERT INTO Account(CostumerCostumerID, BranchBranchID, Amount, BeginDate, EndDate) VALUES (212, 737, 133023.0, TO_DATE('5-2-2007','DD-MM-YYYY'), NULL);
INSERT INTO CurrentAccount(AccountAccountID, MaximumWithdraw) VALUES (427, 400);
INSERT INTO Deposit(AccountAccountID, DepositDate, Amount) VALUES (427, TO_DATE('5-2-2007','DD-MM-YYYY'),532092);
INSERT INTO Withdraw(CurrentAccountAccountID, WithdrawDate, Amount) VALUES (427, TO_DATE('5-2-2007','DD-MM-YYYY'), 133023.0);
INSERT INTO Account(CostumerCostumerID, BranchBranchID, Amount, BeginDate, EndDate) VALUES (212, 737, 266046.0, TO_DATE('5-2-2007','DD-MM-YYYY'), NULL);
INSERT INTO SavingsAccount(AccountAccountID, InterestRate, DurationYears) VALUES (428, 0.05, 10);
INSERT INTO Transfer(AccountAccountIDFrom, AccountAccountIDTo, TransferDate, Amount) VALUES (427, 428, TO_DATE('5-2-2007','DD-MM-YYYY'), 266046.0);
INSERT INTO Person(GovID,Name, PhoneNumber, Email, Address, Birthday, Nationality) VALUES (1111121340,'Kontxi eco','900010229', 'Kontxi_eco50@sapo.pt', 'Oldenburg, Germany', TO_DATE('1-5-1953','DD-MM-YYYY'), 'Germany');
INSERT INTO Costumer(PersonGovID) VALUES (1111121340);
INSERT INTO Account(CostumerCostumerID, BranchBranchID, Amount, BeginDate, EndDate) VALUES (213, 1241, 188933.75, TO_DATE('1-1-2003','DD-MM-YYYY'), NULL);
INSERT INTO CurrentAccount(AccountAccountID, MaximumWithdraw) VALUES (429, 400);
INSERT INTO Deposit(AccountAccountID, DepositDate, Amount) VALUES (429, TO_DATE('1-1-2003','DD-MM-YYYY'),755735);
INSERT INTO Withdraw(CurrentAccountAccountID, WithdrawDate, Amount) VALUES (429, TO_DATE('1-1-2003','DD-MM-YYYY'), 188933.75);
INSERT INTO Account(CostumerCostumerID, BranchBranchID, Amount, BeginDate, EndDate) VALUES (213, 1241, 377867.5, TO_DATE('1-1-2003','DD-MM-YYYY'), NULL);
INSERT INTO SavingsAccount(AccountAccountID, InterestRate, DurationYears) VALUES (430, 0.05, 4);
INSERT INTO Transfer(AccountAccountIDFrom, AccountAccountIDTo, TransferDate, Amount) VALUES (429, 430, TO_DATE('1-1-2003','DD-MM-YYYY'), 377867.5);
INSERT INTO Person(GovID,Name, PhoneNumber, Email, Address, Birthday, Nationality) VALUES (1111121341,'Kora eco','900010230', 'Kora_eco8@sapo.pt', 'Gent, Belgium', TO_DATE('14-10-1999','DD-MM-YYYY'), 'Belgium');
INSERT INTO Costumer(PersonGovID) VALUES (1111121341);
INSERT INTO Account(CostumerCostumerID, BranchBranchID, Amount, BeginDate, EndDate) VALUES (214, 65, 243881.75, TO_DATE('15-7-2011','DD-MM-YYYY'), NULL);
INSERT INTO CurrentAccount(AccountAccountID, MaximumWithdraw) VALUES (431, 400);
INSERT INTO Deposit(AccountAccountID, DepositDate, Amount) VALUES (431, TO_DATE('15-7-2011','DD-MM-YYYY'),975527);
INSERT INTO Withdraw(CurrentAccountAccountID, WithdrawDate, Amount) VALUES (431, TO_DATE('15-7-2011','DD-MM-YYYY'), 243881.75);
INSERT INTO Account(CostumerCostumerID, BranchBranchID, Amount, BeginDate, EndDate) VALUES (214, 65, 487763.5, TO_DATE('15-7-2011','DD-MM-YYYY'), NULL);
INSERT INTO SavingsAccount(AccountAccountID, InterestRate, DurationYears) VALUES (432, 0.05, 5);
INSERT INTO Transfer(AccountAccountIDFrom, AccountAccountIDTo, TransferDate, Amount) VALUES (431, 432, TO_DATE('15-7-2011','DD-MM-YYYY'), 487763.5);
INSERT INTO Person(GovID,Name, PhoneNumber, Email, Address, Birthday, Nationality) VALUES (1111121342,'Koraima eco','900010231', 'Koraima_eco91@sapo.pt', 'Jerez de la Frontera, Spain', TO_DATE('23-5-2007','DD-MM-YYYY'), 'Spain');
INSERT INTO Costumer(PersonGovID) VALUES (1111121342);
INSERT INTO Account(CostumerCostumerID, BranchBranchID, Amount, BeginDate, EndDate) VALUES (215, 227, 27069.5, TO_DATE('15-11-2009','DD-MM-YYYY'), NULL);
INSERT INTO CurrentAccount(AccountAccountID, MaximumWithdraw) VALUES (433, 400);
INSERT INTO Deposit(AccountAccountID, DepositDate, Amount) VALUES (433, TO_DATE('15-11-2009','DD-MM-YYYY'),108278);
INSERT INTO Withdraw(CurrentAccountAccountID, WithdrawDate, Amount) VALUES (433, TO_DATE('15-11-2009','DD-MM-YYYY'), 27069.5);
INSERT INTO Account(CostumerCostumerID, BranchBranchID, Amount, BeginDate, EndDate) VALUES (215, 227, 54139.0, TO_DATE('15-11-2009','DD-MM-YYYY'), NULL);
INSERT INTO SavingsAccount(AccountAccountID, InterestRate, DurationYears) VALUES (434, 0.05, 3);
INSERT INTO Transfer(AccountAccountIDFrom, AccountAccountIDTo, TransferDate, Amount) VALUES (433, 434, TO_DATE('15-11-2009','DD-MM-YYYY'), 54139.0);
INSERT INTO Person(GovID,Name, PhoneNumber, Email, Address, Birthday, Nationality) VALUES (1111121343,'Korey eco','900010232', 'Korey_eco61@sapo.pt', 'Verviers, Belgium', TO_DATE('27-9-1998','DD-MM-YYYY'), 'Belgium');
INSERT INTO Costumer(PersonGovID) VALUES (1111121343);
INSERT INTO Account(CostumerCostumerID, BranchBranchID, Amount, BeginDate, EndDate) VALUES (216, 914, 124453.5, TO_DATE('21-7-2003','DD-MM-YYYY'), NULL);
INSERT INTO CurrentAccount(AccountAccountID, MaximumWithdraw) VALUES (435, 400);
INSERT INTO Deposit(AccountAccountID, DepositDate, Amount) VALUES (435, TO_DATE('21-7-2003','DD-MM-YYYY'),497814);
INSERT INTO Withdraw(CurrentAccountAccountID, WithdrawDate, Amount) VALUES (435, TO_DATE('21-7-2003','DD-MM-YYYY'), 124453.5);
INSERT INTO Account(CostumerCostumerID, BranchBranchID, Amount, BeginDate, EndDate) VALUES (216, 914, 248907.0, TO_DATE('21-7-2003','DD-MM-YYYY'), NULL);
INSERT INTO SavingsAccount(AccountAccountID, InterestRate, DurationYears) VALUES (436, 0.05, 8);
INSERT INTO Transfer(AccountAccountIDFrom, AccountAccountIDTo, TransferDate, Amount) VALUES (435, 436, TO_DATE('21-7-2003','DD-MM-YYYY'), 248907.0);
INSERT INTO Person(GovID,Name, PhoneNumber, Email, Address, Birthday, Nationality) VALUES (1111121344,'Kori eco','900010233', 'Kori_eco97@sapo.pt', 'Plovdiv, Bulgaria', TO_DATE('19-7-1968','DD-MM-YYYY'), 'Bulgaria');
INSERT INTO Costumer(PersonGovID) VALUES (1111121344);
INSERT INTO Account(CostumerCostumerID, BranchBranchID, Amount, BeginDate, EndDate) VALUES (217, 964, 171473.0, TO_DATE('10-9-2006','DD-MM-YYYY'), NULL);
INSERT INTO CurrentAccount(AccountAccountID, MaximumWithdraw) VALUES (437, 400);
INSERT INTO Deposit(AccountAccountID, DepositDate, Amount) VALUES (437, TO_DATE('10-9-2006','DD-MM-YYYY'),685892);
INSERT INTO Withdraw(CurrentAccountAccountID, WithdrawDate, Amount) VALUES (437, TO_DATE('10-9-2006','DD-MM-YYYY'), 171473.0);
INSERT INTO Account(CostumerCostumerID, BranchBranchID, Amount, BeginDate, EndDate) VALUES (217, 964, 342946.0, TO_DATE('10-9-2006','DD-MM-YYYY'), NULL);
INSERT INTO SavingsAccount(AccountAccountID, InterestRate, DurationYears) VALUES (438, 0.05, 4);
INSERT INTO Transfer(AccountAccountIDFrom, AccountAccountIDTo, TransferDate, Amount) VALUES (437, 438, TO_DATE('10-9-2006','DD-MM-YYYY'), 342946.0);
INSERT INTO Person(GovID,Name, PhoneNumber, Email, Address, Birthday, Nationality) VALUES (1111121345,'Korka eco','900010234', 'Korka_eco69@sapo.pt', 'Jena, Germany', TO_DATE('22-11-1959','DD-MM-YYYY'), 'Germany');
INSERT INTO Costumer(PersonGovID) VALUES (1111121345);
INSERT INTO Account(CostumerCostumerID, BranchBranchID, Amount, BeginDate, EndDate) VALUES (218, 908, 177910.75, TO_DATE('6-6-2009','DD-MM-YYYY'), NULL);
INSERT INTO CurrentAccount(AccountAccountID, MaximumWithdraw) VALUES (439, 400);
INSERT INTO Deposit(AccountAccountID, DepositDate, Amount) VALUES (439, TO_DATE('6-6-2009','DD-MM-YYYY'),711643);
INSERT INTO Withdraw(CurrentAccountAccountID, WithdrawDate, Amount) VALUES (439, TO_DATE('6-6-2009','DD-MM-YYYY'), 177910.75);
INSERT INTO Account(CostumerCostumerID, BranchBranchID, Amount, BeginDate, EndDate) VALUES (218, 908, 355821.5, TO_DATE('6-6-2009','DD-MM-YYYY'), NULL);
INSERT INTO SavingsAccount(AccountAccountID, InterestRate, DurationYears) VALUES (440, 0.05, 9);
INSERT INTO Transfer(AccountAccountIDFrom, AccountAccountIDTo, TransferDate, Amount) VALUES (439, 440, TO_DATE('6-6-2009','DD-MM-YYYY'), 355821.5);
INSERT INTO Person(GovID,Name, PhoneNumber, Email, Address, Birthday, Nationality) VALUES (1111121346,'Kornelia eco','900010235', 'Kornelia_eco17@sapo.pt', 'Kos, Greece', TO_DATE('11-6-1988','DD-MM-YYYY'), 'Greece');
INSERT INTO Costumer(PersonGovID) VALUES (1111121346);
INSERT INTO Account(CostumerCostumerID, BranchBranchID, Amount, BeginDate, EndDate) VALUES (219, 321, 126715.25, TO_DATE('21-10-2016','DD-MM-YYYY'), NULL);
INSERT INTO CurrentAccount(AccountAccountID, MaximumWithdraw) VALUES (441, 400);
INSERT INTO Deposit(AccountAccountID, DepositDate, Amount) VALUES (441, TO_DATE('21-10-2016','DD-MM-YYYY'),506861);
INSERT INTO Withdraw(CurrentAccountAccountID, WithdrawDate, Amount) VALUES (441, TO_DATE('21-10-2016','DD-MM-YYYY'), 126715.25);
INSERT INTO Account(CostumerCostumerID, BranchBranchID, Amount, BeginDate, EndDate) VALUES (219, 321, 253430.5, TO_DATE('21-10-2016','DD-MM-YYYY'), NULL);
INSERT INTO SavingsAccount(AccountAccountID, InterestRate, DurationYears) VALUES (442, 0.05, 5);
INSERT INTO Transfer(AccountAccountIDFrom, AccountAccountIDTo, TransferDate, Amount) VALUES (441, 442, TO_DATE('21-10-2016','DD-MM-YYYY'), 253430.5);
INSERT INTO Person(GovID,Name, PhoneNumber, Email, Address, Birthday, Nationality) VALUES (1111121347,'Korneliya eco','900010236', 'Korneliya_eco40@sapo.pt', 'Borgholzhausen, Germany', TO_DATE('23-3-1991','DD-MM-YYYY'), 'Germany');
INSERT INTO Costumer(PersonGovID) VALUES (1111121347);
INSERT INTO Account(CostumerCostumerID, BranchBranchID, Amount, BeginDate, EndDate) VALUES (220, 47, 148153.5, TO_DATE('18-3-2008','DD-MM-YYYY'), NULL);
INSERT INTO CurrentAccount(AccountAccountID, MaximumWithdraw) VALUES (443, 400);
INSERT INTO Deposit(AccountAccountID, DepositDate, Amount) VALUES (443, TO_DATE('18-3-2008','DD-MM-YYYY'),592614);
INSERT INTO Withdraw(CurrentAccountAccountID, WithdrawDate, Amount) VALUES (443, TO_DATE('18-3-2008','DD-MM-YYYY'), 148153.5);
INSERT INTO Account(CostumerCostumerID, BranchBranchID, Amount, BeginDate, EndDate) VALUES (220, 47, 296307.0, TO_DATE('18-3-2008','DD-MM-YYYY'), NULL);
INSERT INTO SavingsAccount(AccountAccountID, InterestRate, DurationYears) VALUES (444, 0.05, 9);
INSERT INTO Transfer(AccountAccountIDFrom, AccountAccountIDTo, TransferDate, Amount) VALUES (443, 444, TO_DATE('18-3-2008','DD-MM-YYYY'), 296307.0);
INSERT INTO Person(GovID,Name, PhoneNumber, Email, Address, Birthday, Nationality) VALUES (1111121348,'Koro eco','900010237', 'Koro_eco8@sapo.pt', 'Cremona, Italy', TO_DATE('15-12-1994','DD-MM-YYYY'), 'Italy');
INSERT INTO Costumer(PersonGovID) VALUES (1111121348);
INSERT INTO Account(CostumerCostumerID, BranchBranchID, Amount, BeginDate, EndDate) VALUES (221, 474, 159616.25, TO_DATE('7-9-2007','DD-MM-YYYY'), NULL);
INSERT INTO CurrentAccount(AccountAccountID, MaximumWithdraw) VALUES (445, 400);
INSERT INTO Deposit(AccountAccountID, DepositDate, Amount) VALUES (445, TO_DATE('7-9-2007','DD-MM-YYYY'),638465);
INSERT INTO Withdraw(CurrentAccountAccountID, WithdrawDate, Amount) VALUES (445, TO_DATE('7-9-2007','DD-MM-YYYY'), 159616.25);
INSERT INTO Account(CostumerCostumerID, BranchBranchID, Amount, BeginDate, EndDate) VALUES (221, 474, 319232.5, TO_DATE('7-9-2007','DD-MM-YYYY'), NULL);
INSERT INTO SavingsAccount(AccountAccountID, InterestRate, DurationYears) VALUES (446, 0.05, 6);
INSERT INTO Transfer(AccountAccountIDFrom, AccountAccountIDTo, TransferDate, Amount) VALUES (445, 446, TO_DATE('7-9-2007','DD-MM-YYYY'), 319232.5);
INSERT INTO Person(GovID,Name, PhoneNumber, Email, Address, Birthday, Nationality) VALUES (1111121349,'Kortney eco','900010238', 'Kortney_eco38@sapo.pt', 'Vilvoorde, Belgium', TO_DATE('22-12-1996','DD-MM-YYYY'), 'Belgium');
INSERT INTO Costumer(PersonGovID) VALUES (1111121349);
INSERT INTO Account(CostumerCostumerID, BranchBranchID, Amount, BeginDate, EndDate) VALUES (222, 640, 185376.0, TO_DATE('2-8-2018','DD-MM-YYYY'), NULL);
INSERT INTO CurrentAccount(AccountAccountID, MaximumWithdraw) VALUES (447, 400);
INSERT INTO Deposit(AccountAccountID, DepositDate, Amount) VALUES (447, TO_DATE('2-8-2018','DD-MM-YYYY'),741504);
INSERT INTO Withdraw(CurrentAccountAccountID, WithdrawDate, Amount) VALUES (447, TO_DATE('2-8-2018','DD-MM-YYYY'), 185376.0);
INSERT INTO Account(CostumerCostumerID, BranchBranchID, Amount, BeginDate, EndDate) VALUES (222, 640, 370752.0, TO_DATE('2-8-2018','DD-MM-YYYY'), NULL);
INSERT INTO SavingsAccount(AccountAccountID, InterestRate, DurationYears) VALUES (448, 0.05, 8);
INSERT INTO Transfer(AccountAccountIDFrom, AccountAccountIDTo, TransferDate, Amount) VALUES (447, 448, TO_DATE('2-8-2018','DD-MM-YYYY'), 370752.0);
INSERT INTO Person(GovID,Name, PhoneNumber, Email, Address, Birthday, Nationality) VALUES (1111121350,'Koruko eco','900010239', 'Koruko_eco57@sapo.pt', 'Pirmasens, Germany', TO_DATE('4-10-1995','DD-MM-YYYY'), 'Germany');
INSERT INTO Costumer(PersonGovID) VALUES (1111121350);
INSERT INTO Account(CostumerCostumerID, BranchBranchID, Amount, BeginDate, EndDate) VALUES (223, 888, 95456.0, TO_DATE('10-5-2005','DD-MM-YYYY'), NULL);
INSERT INTO CurrentAccount(AccountAccountID, MaximumWithdraw) VALUES (449, 400);
INSERT INTO Deposit(AccountAccountID, DepositDate, Amount) VALUES (449, TO_DATE('10-5-2005','DD-MM-YYYY'),381824);
INSERT INTO Withdraw(CurrentAccountAccountID, WithdrawDate, Amount) VALUES (449, TO_DATE('10-5-2005','DD-MM-YYYY'), 95456.0);
INSERT INTO Account(CostumerCostumerID, BranchBranchID, Amount, BeginDate, EndDate) VALUES (223, 888, 190912.0, TO_DATE('10-5-2005','DD-MM-YYYY'), NULL);
INSERT INTO SavingsAccount(AccountAccountID, InterestRate, DurationYears) VALUES (450, 0.05, 6);
INSERT INTO Transfer(AccountAccountIDFrom, AccountAccountIDTo, TransferDate, Amount) VALUES (449, 450, TO_DATE('10-5-2005','DD-MM-YYYY'), 190912.0);
INSERT INTO Person(GovID,Name, PhoneNumber, Email, Address, Birthday, Nationality) VALUES (1111121351,'Kory eco','900010240', 'Kory_eco75@sapo.pt', 'San Secondo Parmense, Italy', TO_DATE('27-8-1966','DD-MM-YYYY'), 'Italy');
INSERT INTO Costumer(PersonGovID) VALUES (1111121351);
INSERT INTO Account(CostumerCostumerID, BranchBranchID, Amount, BeginDate, EndDate) VALUES (224, 90, 82100.75, TO_DATE('26-3-2013','DD-MM-YYYY'), NULL);
INSERT INTO CurrentAccount(AccountAccountID, MaximumWithdraw) VALUES (451, 400);
INSERT INTO Deposit(AccountAccountID, DepositDate, Amount) VALUES (451, TO_DATE('26-3-2013','DD-MM-YYYY'),328403);
INSERT INTO Withdraw(CurrentAccountAccountID, WithdrawDate, Amount) VALUES (451, TO_DATE('26-3-2013','DD-MM-YYYY'), 82100.75);
INSERT INTO Account(CostumerCostumerID, BranchBranchID, Amount, BeginDate, EndDate) VALUES (224, 90, 164201.5, TO_DATE('26-3-2013','DD-MM-YYYY'), NULL);
INSERT INTO SavingsAccount(AccountAccountID, InterestRate, DurationYears) VALUES (452, 0.05, 6);
INSERT INTO Transfer(AccountAccountIDFrom, AccountAccountIDTo, TransferDate, Amount) VALUES (451, 452, TO_DATE('26-3-2013','DD-MM-YYYY'), 164201.5);
INSERT INTO Person(GovID,Name, PhoneNumber, Email, Address, Birthday, Nationality) VALUES (1111121352,'Kosta eco','900010241', 'Kosta_eco24@sapo.pt', 'Ribera, Italy', TO_DATE('4-10-1955','DD-MM-YYYY'), 'Italy');
INSERT INTO Costumer(PersonGovID) VALUES (1111121352);
INSERT INTO Account(CostumerCostumerID, BranchBranchID, Amount, BeginDate, EndDate) VALUES (225, 1191, 96237.75, TO_DATE('17-12-2012','DD-MM-YYYY'), NULL);
INSERT INTO CurrentAccount(AccountAccountID, MaximumWithdraw) VALUES (453, 400);
INSERT INTO Deposit(AccountAccountID, DepositDate, Amount) VALUES (453, TO_DATE('17-12-2012','DD-MM-YYYY'),384951);
INSERT INTO Withdraw(CurrentAccountAccountID, WithdrawDate, Amount) VALUES (453, TO_DATE('17-12-2012','DD-MM-YYYY'), 96237.75);
INSERT INTO Account(CostumerCostumerID, BranchBranchID, Amount, BeginDate, EndDate) VALUES (225, 1191, 192475.5, TO_DATE('17-12-2012','DD-MM-YYYY'), NULL);
INSERT INTO SavingsAccount(AccountAccountID, InterestRate, DurationYears) VALUES (454, 0.05, 7);
INSERT INTO Transfer(AccountAccountIDFrom, AccountAccountIDTo, TransferDate, Amount) VALUES (453, 454, TO_DATE('17-12-2012','DD-MM-YYYY'), 192475.5);
INSERT INTO Person(GovID,Name, PhoneNumber, Email, Address, Birthday, Nationality) VALUES (1111121353,'Kostadin eco','900010242', 'Kostadin_eco79@sapo.pt', 'Ericeira, Portugal', TO_DATE('5-3-1964','DD-MM-YYYY'), 'Portugal');
INSERT INTO Costumer(PersonGovID) VALUES (1111121353);
INSERT INTO Account(CostumerCostumerID, BranchBranchID, Amount, BeginDate, EndDate) VALUES (226, 1048, 192724.5, TO_DATE('21-11-2018','DD-MM-YYYY'), NULL);
INSERT INTO CurrentAccount(AccountAccountID, MaximumWithdraw) VALUES (455, 400);
INSERT INTO Deposit(AccountAccountID, DepositDate, Amount) VALUES (455, TO_DATE('21-11-2018','DD-MM-YYYY'),770898);
INSERT INTO Withdraw(CurrentAccountAccountID, WithdrawDate, Amount) VALUES (455, TO_DATE('21-11-2018','DD-MM-YYYY'), 192724.5);
INSERT INTO Account(CostumerCostumerID, BranchBranchID, Amount, BeginDate, EndDate) VALUES (226, 1048, 385449.0, TO_DATE('21-11-2018','DD-MM-YYYY'), NULL);
INSERT INTO SavingsAccount(AccountAccountID, InterestRate, DurationYears) VALUES (456, 0.05, 8);
INSERT INTO Transfer(AccountAccountIDFrom, AccountAccountIDTo, TransferDate, Amount) VALUES (455, 456, TO_DATE('21-11-2018','DD-MM-YYYY'), 385449.0);
INSERT INTO Person(GovID,Name, PhoneNumber, Email, Address, Birthday, Nationality) VALUES (1111121354,'Kostadinka eco','900010243', 'Kostadinka_eco72@sapo.pt', 'Vistabella del Maestrazgo, Spain', TO_DATE('22-10-1972','DD-MM-YYYY'), 'Spain');
INSERT INTO Costumer(PersonGovID) VALUES (1111121354);
INSERT INTO Account(CostumerCostumerID, BranchBranchID, Amount, BeginDate, EndDate) VALUES (227, 940, 95005.5, TO_DATE('7-2-2008','DD-MM-YYYY'), NULL);
INSERT INTO CurrentAccount(AccountAccountID, MaximumWithdraw) VALUES (457, 400);
INSERT INTO Deposit(AccountAccountID, DepositDate, Amount) VALUES (457, TO_DATE('7-2-2008','DD-MM-YYYY'),380022);
INSERT INTO Withdraw(CurrentAccountAccountID, WithdrawDate, Amount) VALUES (457, TO_DATE('7-2-2008','DD-MM-YYYY'), 95005.5);
INSERT INTO Account(CostumerCostumerID, BranchBranchID, Amount, BeginDate, EndDate) VALUES (227, 940, 190011.0, TO_DATE('7-2-2008','DD-MM-YYYY'), NULL);
INSERT INTO SavingsAccount(AccountAccountID, InterestRate, DurationYears) VALUES (458, 0.05, 4);
INSERT INTO Transfer(AccountAccountIDFrom, AccountAccountIDTo, TransferDate, Amount) VALUES (457, 458, TO_DATE('7-2-2008','DD-MM-YYYY'), 190011.0);
INSERT INTO Person(GovID,Name, PhoneNumber, Email, Address, Birthday, Nationality) VALUES (1111121355,'Kostadinov eco','900010244', 'Kostadinov_eco11@sapo.pt', 'Borgomanero, Italy', TO_DATE('11-10-1959','DD-MM-YYYY'), 'Italy');
INSERT INTO Costumer(PersonGovID) VALUES (1111121355);
INSERT INTO Account(CostumerCostumerID, BranchBranchID, Amount, BeginDate, EndDate) VALUES (228, 91, 224056.75, TO_DATE('23-1-2008','DD-MM-YYYY'), NULL);
INSERT INTO CurrentAccount(AccountAccountID, MaximumWithdraw) VALUES (459, 400);
INSERT INTO Deposit(AccountAccountID, DepositDate, Amount) VALUES (459, TO_DATE('23-1-2008','DD-MM-YYYY'),896227);
INSERT INTO Withdraw(CurrentAccountAccountID, WithdrawDate, Amount) VALUES (459, TO_DATE('23-1-2008','DD-MM-YYYY'), 224056.75);
INSERT INTO Account(CostumerCostumerID, BranchBranchID, Amount, BeginDate, EndDate) VALUES (228, 91, 448113.5, TO_DATE('23-1-2008','DD-MM-YYYY'), NULL);
INSERT INTO SavingsAccount(AccountAccountID, InterestRate, DurationYears) VALUES (460, 0.05, 4);
INSERT INTO Transfer(AccountAccountIDFrom, AccountAccountIDTo, TransferDate, Amount) VALUES (459, 460, TO_DATE('23-1-2008','DD-MM-YYYY'), 448113.5);
INSERT INTO Person(GovID,Name, PhoneNumber, Email, Address, Birthday, Nationality) VALUES (1111121356,'Kostas eco','900010245', 'Kostas_eco7@sapo.pt', 'Frameries, Belgium', TO_DATE('10-8-1995','DD-MM-YYYY'), 'Belgium');
INSERT INTO Costumer(PersonGovID) VALUES (1111121356);
INSERT INTO Account(CostumerCostumerID, BranchBranchID, Amount, BeginDate, EndDate) VALUES (229, 934, 156144.0, TO_DATE('1-9-2006','DD-MM-YYYY'), NULL);
INSERT INTO CurrentAccount(AccountAccountID, MaximumWithdraw) VALUES (461, 400);
INSERT INTO Deposit(AccountAccountID, DepositDate, Amount) VALUES (461, TO_DATE('1-9-2006','DD-MM-YYYY'),624576);
INSERT INTO Withdraw(CurrentAccountAccountID, WithdrawDate, Amount) VALUES (461, TO_DATE('1-9-2006','DD-MM-YYYY'), 156144.0);
INSERT INTO Account(CostumerCostumerID, BranchBranchID, Amount, BeginDate, EndDate) VALUES (229, 934, 312288.0, TO_DATE('1-9-2006','DD-MM-YYYY'), NULL);
INSERT INTO SavingsAccount(AccountAccountID, InterestRate, DurationYears) VALUES (462, 0.05, 3);
INSERT INTO Transfer(AccountAccountIDFrom, AccountAccountIDTo, TransferDate, Amount) VALUES (461, 462, TO_DATE('1-9-2006','DD-MM-YYYY'), 312288.0);
INSERT INTO Person(GovID,Name, PhoneNumber, Email, Address, Birthday, Nationality) VALUES (1111121357,'Kostiantyn eco','900010246', 'Kostiantyn_eco89@sapo.pt', 'Parsberg, Germany', TO_DATE('17-4-1986','DD-MM-YYYY'), 'Germany');
INSERT INTO Costumer(PersonGovID) VALUES (1111121357);
INSERT INTO Account(CostumerCostumerID, BranchBranchID, Amount, BeginDate, EndDate) VALUES (230, 32, 180996.0, TO_DATE('5-8-2017','DD-MM-YYYY'), NULL);
INSERT INTO CurrentAccount(AccountAccountID, MaximumWithdraw) VALUES (463, 400);
INSERT INTO Deposit(AccountAccountID, DepositDate, Amount) VALUES (463, TO_DATE('5-8-2017','DD-MM-YYYY'),723984);
INSERT INTO Withdraw(CurrentAccountAccountID, WithdrawDate, Amount) VALUES (463, TO_DATE('5-8-2017','DD-MM-YYYY'), 180996.0);
INSERT INTO Account(CostumerCostumerID, BranchBranchID, Amount, BeginDate, EndDate) VALUES (230, 32, 361992.0, TO_DATE('5-8-2017','DD-MM-YYYY'), NULL);
INSERT INTO SavingsAccount(AccountAccountID, InterestRate, DurationYears) VALUES (464, 0.05, 3);
INSERT INTO Transfer(AccountAccountIDFrom, AccountAccountIDTo, TransferDate, Amount) VALUES (463, 464, TO_DATE('5-8-2017','DD-MM-YYYY'), 361992.0);
INSERT INTO Person(GovID,Name, PhoneNumber, Email, Address, Birthday, Nationality) VALUES (1111121358,'Kostyantyn eco','900010247', 'Kostyantyn_eco62@sapo.pt', 'Bad Neustadt, Germany', TO_DATE('12-11-1968','DD-MM-YYYY'), 'Germany');
INSERT INTO Costumer(PersonGovID) VALUES (1111121358);
INSERT INTO Account(CostumerCostumerID, BranchBranchID, Amount, BeginDate, EndDate) VALUES (231, 574, 22227.75, TO_DATE('27-11-2000','DD-MM-YYYY'), NULL);
INSERT INTO CurrentAccount(AccountAccountID, MaximumWithdraw) VALUES (465, 400);
INSERT INTO Deposit(AccountAccountID, DepositDate, Amount) VALUES (465, TO_DATE('27-11-2000','DD-MM-YYYY'),88911);
INSERT INTO Withdraw(CurrentAccountAccountID, WithdrawDate, Amount) VALUES (465, TO_DATE('27-11-2000','DD-MM-YYYY'), 22227.75);
INSERT INTO Account(CostumerCostumerID, BranchBranchID, Amount, BeginDate, EndDate) VALUES (231, 574, 44455.5, TO_DATE('27-11-2000','DD-MM-YYYY'), NULL);
INSERT INTO SavingsAccount(AccountAccountID, InterestRate, DurationYears) VALUES (466, 0.05, 7);
INSERT INTO Transfer(AccountAccountIDFrom, AccountAccountIDTo, TransferDate, Amount) VALUES (465, 466, TO_DATE('27-11-2000','DD-MM-YYYY'), 44455.5);
INSERT INTO Person(GovID,Name, PhoneNumber, Email, Address, Birthday, Nationality) VALUES (1111121359,'Kouider eco','900010248', 'Kouider_eco85@sapo.pt', 'Saint-Julien-en-Genevois, France', TO_DATE('7-8-1997','DD-MM-YYYY'), 'France');
INSERT INTO Costumer(PersonGovID) VALUES (1111121359);
INSERT INTO Account(CostumerCostumerID, BranchBranchID, Amount, BeginDate, EndDate) VALUES (232, 522, 49642.25, TO_DATE('26-2-2015','DD-MM-YYYY'), NULL);
INSERT INTO CurrentAccount(AccountAccountID, MaximumWithdraw) VALUES (467, 400);
INSERT INTO Deposit(AccountAccountID, DepositDate, Amount) VALUES (467, TO_DATE('26-2-2015','DD-MM-YYYY'),198569);
INSERT INTO Withdraw(CurrentAccountAccountID, WithdrawDate, Amount) VALUES (467, TO_DATE('26-2-2015','DD-MM-YYYY'), 49642.25);
INSERT INTO Account(CostumerCostumerID, BranchBranchID, Amount, BeginDate, EndDate) VALUES (232, 522, 99284.5, TO_DATE('26-2-2015','DD-MM-YYYY'), NULL);
INSERT INTO SavingsAccount(AccountAccountID, InterestRate, DurationYears) VALUES (468, 0.05, 6);
INSERT INTO Transfer(AccountAccountIDFrom, AccountAccountIDTo, TransferDate, Amount) VALUES (467, 468, TO_DATE('26-2-2015','DD-MM-YYYY'), 99284.5);
INSERT INTO Person(GovID,Name, PhoneNumber, Email, Address, Birthday, Nationality) VALUES (1111121360,'Kourtney eco','900010249', 'Kourtney_eco88@sapo.pt', 'Mestetten, Germany', TO_DATE('7-9-1984','DD-MM-YYYY'), 'Germany');
INSERT INTO Costumer(PersonGovID) VALUES (1111121360);
INSERT INTO Account(CostumerCostumerID, BranchBranchID, Amount, BeginDate, EndDate) VALUES (233, 907, 157149.75, TO_DATE('10-9-2004','DD-MM-YYYY'), NULL);
INSERT INTO CurrentAccount(AccountAccountID, MaximumWithdraw) VALUES (469, 400);
INSERT INTO Deposit(AccountAccountID, DepositDate, Amount) VALUES (469, TO_DATE('10-9-2004','DD-MM-YYYY'),628599);
INSERT INTO Withdraw(CurrentAccountAccountID, WithdrawDate, Amount) VALUES (469, TO_DATE('10-9-2004','DD-MM-YYYY'), 157149.75);
INSERT INTO Account(CostumerCostumerID, BranchBranchID, Amount, BeginDate, EndDate) VALUES (233, 907, 314299.5, TO_DATE('10-9-2004','DD-MM-YYYY'), NULL);
INSERT INTO SavingsAccount(AccountAccountID, InterestRate, DurationYears) VALUES (470, 0.05, 5);
INSERT INTO Transfer(AccountAccountIDFrom, AccountAccountIDTo, TransferDate, Amount) VALUES (469, 470, TO_DATE('10-9-2004','DD-MM-YYYY'), 314299.5);
INSERT INTO Person(GovID,Name, PhoneNumber, Email, Address, Birthday, Nationality) VALUES (1111121361,'Kousar eco','900010250', 'Kousar_eco66@sapo.pt', 'Navplion, Greece', TO_DATE('9-11-1973','DD-MM-YYYY'), 'Greece');
INSERT INTO Costumer(PersonGovID) VALUES (1111121361);
INSERT INTO Account(CostumerCostumerID, BranchBranchID, Amount, BeginDate, EndDate) VALUES (234, 1090, 223476.0, TO_DATE('20-1-2006','DD-MM-YYYY'), NULL);
INSERT INTO CurrentAccount(AccountAccountID, MaximumWithdraw) VALUES (471, 400);
INSERT INTO Deposit(AccountAccountID, DepositDate, Amount) VALUES (471, TO_DATE('20-1-2006','DD-MM-YYYY'),893904);
INSERT INTO Withdraw(CurrentAccountAccountID, WithdrawDate, Amount) VALUES (471, TO_DATE('20-1-2006','DD-MM-YYYY'), 223476.0);
INSERT INTO Account(CostumerCostumerID, BranchBranchID, Amount, BeginDate, EndDate) VALUES (234, 1090, 446952.0, TO_DATE('20-1-2006','DD-MM-YYYY'), NULL);
INSERT INTO SavingsAccount(AccountAccountID, InterestRate, DurationYears) VALUES (472, 0.05, 6);
INSERT INTO Transfer(AccountAccountIDFrom, AccountAccountIDTo, TransferDate, Amount) VALUES (471, 472, TO_DATE('20-1-2006','DD-MM-YYYY'), 446952.0);
INSERT INTO Person(GovID,Name, PhoneNumber, Email, Address, Birthday, Nationality) VALUES (1111121362,'Kraig eco','900010251', 'Kraig_eco67@sapo.pt', 'Halanzy, Belgium', TO_DATE('13-3-1987','DD-MM-YYYY'), 'Belgium');
INSERT INTO Costumer(PersonGovID) VALUES (1111121362);
INSERT INTO Account(CostumerCostumerID, BranchBranchID, Amount, BeginDate, EndDate) VALUES (235, 425, 166293.5, TO_DATE('22-5-2011','DD-MM-YYYY'), NULL);
INSERT INTO CurrentAccount(AccountAccountID, MaximumWithdraw) VALUES (473, 400);
INSERT INTO Deposit(AccountAccountID, DepositDate, Amount) VALUES (473, TO_DATE('22-5-2011','DD-MM-YYYY'),665174);
INSERT INTO Withdraw(CurrentAccountAccountID, WithdrawDate, Amount) VALUES (473, TO_DATE('22-5-2011','DD-MM-YYYY'), 166293.5);
INSERT INTO Account(CostumerCostumerID, BranchBranchID, Amount, BeginDate, EndDate) VALUES (235, 425, 332587.0, TO_DATE('22-5-2011','DD-MM-YYYY'), NULL);
INSERT INTO SavingsAccount(AccountAccountID, InterestRate, DurationYears) VALUES (474, 0.05, 3);
INSERT INTO Transfer(AccountAccountIDFrom, AccountAccountIDTo, TransferDate, Amount) VALUES (473, 474, TO_DATE('22-5-2011','DD-MM-YYYY'), 332587.0);
INSERT INTO Person(GovID,Name, PhoneNumber, Email, Address, Birthday, Nationality) VALUES (1111121363,'Krasen eco','900010252', 'Krasen_eco32@sapo.pt', 'Omegna, Italy', TO_DATE('2-2-1959','DD-MM-YYYY'), 'Italy');
INSERT INTO Costumer(PersonGovID) VALUES (1111121363);
INSERT INTO Account(CostumerCostumerID, BranchBranchID, Amount, BeginDate, EndDate) VALUES (236, 755, 50133.5, TO_DATE('14-6-2006','DD-MM-YYYY'), NULL);
INSERT INTO CurrentAccount(AccountAccountID, MaximumWithdraw) VALUES (475, 400);
INSERT INTO Deposit(AccountAccountID, DepositDate, Amount) VALUES (475, TO_DATE('14-6-2006','DD-MM-YYYY'),200534);
INSERT INTO Withdraw(CurrentAccountAccountID, WithdrawDate, Amount) VALUES (475, TO_DATE('14-6-2006','DD-MM-YYYY'), 50133.5);
INSERT INTO Account(CostumerCostumerID, BranchBranchID, Amount, BeginDate, EndDate) VALUES (236, 755, 100267.0, TO_DATE('14-6-2006','DD-MM-YYYY'), NULL);
INSERT INTO SavingsAccount(AccountAccountID, InterestRate, DurationYears) VALUES (476, 0.05, 9);
INSERT INTO Transfer(AccountAccountIDFrom, AccountAccountIDTo, TransferDate, Amount) VALUES (475, 476, TO_DATE('14-6-2006','DD-MM-YYYY'), 100267.0);
INSERT INTO Person(GovID,Name, PhoneNumber, Email, Address, Birthday, Nationality) VALUES (1111121364,'Krasimir eco','900010253', 'Krasimir_eco74@sapo.pt', 'Hillye, Hungary', TO_DATE('18-9-1976','DD-MM-YYYY'), 'Hungary');
INSERT INTO Costumer(PersonGovID) VALUES (1111121364);
INSERT INTO Account(CostumerCostumerID, BranchBranchID, Amount, BeginDate, EndDate) VALUES (237, 1046, 108145.5, TO_DATE('27-5-2004','DD-MM-YYYY'), NULL);
INSERT INTO CurrentAccount(AccountAccountID, MaximumWithdraw) VALUES (477, 400);
INSERT INTO Deposit(AccountAccountID, DepositDate, Amount) VALUES (477, TO_DATE('27-5-2004','DD-MM-YYYY'),432582);
INSERT INTO Withdraw(CurrentAccountAccountID, WithdrawDate, Amount) VALUES (477, TO_DATE('27-5-2004','DD-MM-YYYY'), 108145.5);
INSERT INTO Account(CostumerCostumerID, BranchBranchID, Amount, BeginDate, EndDate) VALUES (237, 1046, 216291.0, TO_DATE('27-5-2004','DD-MM-YYYY'), NULL);
INSERT INTO SavingsAccount(AccountAccountID, InterestRate, DurationYears) VALUES (478, 0.05, 4);
INSERT INTO Transfer(AccountAccountIDFrom, AccountAccountIDTo, TransferDate, Amount) VALUES (477, 478, TO_DATE('27-5-2004','DD-MM-YYYY'), 216291.0);
INSERT INTO Person(GovID,Name, PhoneNumber, Email, Address, Birthday, Nationality) VALUES (1111121365,'Krasimira eco','900010254', 'Krasimira_eco99@sapo.pt', 'Budoia, Italy', TO_DATE('3-10-1962','DD-MM-YYYY'), 'Italy');
INSERT INTO Costumer(PersonGovID) VALUES (1111121365);
INSERT INTO Account(CostumerCostumerID, BranchBranchID, Amount, BeginDate, EndDate) VALUES (238, 1186, 186903.5, TO_DATE('25-6-2008','DD-MM-YYYY'), NULL);
INSERT INTO CurrentAccount(AccountAccountID, MaximumWithdraw) VALUES (479, 400);
INSERT INTO Deposit(AccountAccountID, DepositDate, Amount) VALUES (479, TO_DATE('25-6-2008','DD-MM-YYYY'),747614);
INSERT INTO Withdraw(CurrentAccountAccountID, WithdrawDate, Amount) VALUES (479, TO_DATE('25-6-2008','DD-MM-YYYY'), 186903.5);
INSERT INTO Account(CostumerCostumerID, BranchBranchID, Amount, BeginDate, EndDate) VALUES (238, 1186, 373807.0, TO_DATE('25-6-2008','DD-MM-YYYY'), NULL);
INSERT INTO SavingsAccount(AccountAccountID, InterestRate, DurationYears) VALUES (480, 0.05, 6);
INSERT INTO Transfer(AccountAccountIDFrom, AccountAccountIDTo, TransferDate, Amount) VALUES (479, 480, TO_DATE('25-6-2008','DD-MM-YYYY'), 373807.0);
INSERT INTO Person(GovID,Name, PhoneNumber, Email, Address, Birthday, Nationality) VALUES (1111121366,'Krassimir eco','900010255', 'Krassimir_eco24@sapo.pt', 'Ludinghausen, Germany', TO_DATE('9-12-2005','DD-MM-YYYY'), 'Germany');
INSERT INTO Costumer(PersonGovID) VALUES (1111121366);
INSERT INTO Account(CostumerCostumerID, BranchBranchID, Amount, BeginDate, EndDate) VALUES (239, 582, 36178.0, TO_DATE('18-7-2004','DD-MM-YYYY'), NULL);
INSERT INTO CurrentAccount(AccountAccountID, MaximumWithdraw) VALUES (481, 400);
INSERT INTO Deposit(AccountAccountID, DepositDate, Amount) VALUES (481, TO_DATE('18-7-2004','DD-MM-YYYY'),144712);
INSERT INTO Withdraw(CurrentAccountAccountID, WithdrawDate, Amount) VALUES (481, TO_DATE('18-7-2004','DD-MM-YYYY'), 36178.0);
INSERT INTO Account(CostumerCostumerID, BranchBranchID, Amount, BeginDate, EndDate) VALUES (239, 582, 72356.0, TO_DATE('18-7-2004','DD-MM-YYYY'), NULL);
INSERT INTO SavingsAccount(AccountAccountID, InterestRate, DurationYears) VALUES (482, 0.05, 9);
INSERT INTO Transfer(AccountAccountIDFrom, AccountAccountIDTo, TransferDate, Amount) VALUES (481, 482, TO_DATE('18-7-2004','DD-MM-YYYY'), 72356.0);
INSERT INTO Person(GovID,Name, PhoneNumber, Email, Address, Birthday, Nationality) VALUES (1111121367,'Krassimira eco','900010256', 'Krassimira_eco92@sapo.pt', 'Avellino, Italy', TO_DATE('12-12-1991','DD-MM-YYYY'), 'Italy');
INSERT INTO Costumer(PersonGovID) VALUES (1111121367);
INSERT INTO Account(CostumerCostumerID, BranchBranchID, Amount, BeginDate, EndDate) VALUES (240, 711, 177004.5, TO_DATE('21-4-2005','DD-MM-YYYY'), NULL);
INSERT INTO CurrentAccount(AccountAccountID, MaximumWithdraw) VALUES (483, 400);
INSERT INTO Deposit(AccountAccountID, DepositDate, Amount) VALUES (483, TO_DATE('21-4-2005','DD-MM-YYYY'),708018);
INSERT INTO Withdraw(CurrentAccountAccountID, WithdrawDate, Amount) VALUES (483, TO_DATE('21-4-2005','DD-MM-YYYY'), 177004.5);
INSERT INTO Account(CostumerCostumerID, BranchBranchID, Amount, BeginDate, EndDate) VALUES (240, 711, 354009.0, TO_DATE('21-4-2005','DD-MM-YYYY'), NULL);
INSERT INTO SavingsAccount(AccountAccountID, InterestRate, DurationYears) VALUES (484, 0.05, 9);
INSERT INTO Transfer(AccountAccountIDFrom, AccountAccountIDTo, TransferDate, Amount) VALUES (483, 484, TO_DATE('21-4-2005','DD-MM-YYYY'), 354009.0);
INSERT INTO Person(GovID,Name, PhoneNumber, Email, Address, Birthday, Nationality) VALUES (1111121368,'Krassimire eco','900010257', 'Krassimire_eco51@sapo.pt', 'Gulcz, Poland', TO_DATE('25-12-1971','DD-MM-YYYY'), 'Poland');
INSERT INTO Costumer(PersonGovID) VALUES (1111121368);
INSERT INTO Account(CostumerCostumerID, BranchBranchID, Amount, BeginDate, EndDate) VALUES (241, 345, 43666.5, TO_DATE('8-1-2000','DD-MM-YYYY'), NULL);
INSERT INTO CurrentAccount(AccountAccountID, MaximumWithdraw) VALUES (485, 400);
INSERT INTO Deposit(AccountAccountID, DepositDate, Amount) VALUES (485, TO_DATE('8-1-2000','DD-MM-YYYY'),174666);
INSERT INTO Withdraw(CurrentAccountAccountID, WithdrawDate, Amount) VALUES (485, TO_DATE('8-1-2000','DD-MM-YYYY'), 43666.5);
INSERT INTO Account(CostumerCostumerID, BranchBranchID, Amount, BeginDate, EndDate) VALUES (241, 345, 87333.0, TO_DATE('8-1-2000','DD-MM-YYYY'), NULL);
INSERT INTO SavingsAccount(AccountAccountID, InterestRate, DurationYears) VALUES (486, 0.05, 6);
INSERT INTO Transfer(AccountAccountIDFrom, AccountAccountIDTo, TransferDate, Amount) VALUES (485, 486, TO_DATE('8-1-2000','DD-MM-YYYY'), 87333.0);
INSERT INTO Person(GovID,Name, PhoneNumber, Email, Address, Birthday, Nationality) VALUES (1111121369,'Krastina eco','900010258', 'Krastina_eco53@sapo.pt', 'Rudesheim, Germany', TO_DATE('9-3-1989','DD-MM-YYYY'), 'Germany');
INSERT INTO Costumer(PersonGovID) VALUES (1111121369);
INSERT INTO Account(CostumerCostumerID, BranchBranchID, Amount, BeginDate, EndDate) VALUES (242, 964, 172485.25, TO_DATE('16-9-2018','DD-MM-YYYY'), NULL);
INSERT INTO CurrentAccount(AccountAccountID, MaximumWithdraw) VALUES (487, 400);
INSERT INTO Deposit(AccountAccountID, DepositDate, Amount) VALUES (487, TO_DATE('16-9-2018','DD-MM-YYYY'),689941);
INSERT INTO Withdraw(CurrentAccountAccountID, WithdrawDate, Amount) VALUES (487, TO_DATE('16-9-2018','DD-MM-YYYY'), 172485.25);
INSERT INTO Account(CostumerCostumerID, BranchBranchID, Amount, BeginDate, EndDate) VALUES (242, 964, 344970.5, TO_DATE('16-9-2018','DD-MM-YYYY'), NULL);
INSERT INTO SavingsAccount(AccountAccountID, InterestRate, DurationYears) VALUES (488, 0.05, 6);
INSERT INTO Transfer(AccountAccountIDFrom, AccountAccountIDTo, TransferDate, Amount) VALUES (487, 488, TO_DATE('16-9-2018','DD-MM-YYYY'), 344970.5);
INSERT INTO Person(GovID,Name, PhoneNumber, Email, Address, Birthday, Nationality) VALUES (1111121370,'Kremena eco','900010259', 'Kremena_eco71@sapo.pt', 'Rimini, Italy', TO_DATE('23-2-1954','DD-MM-YYYY'), 'Italy');
INSERT INTO Costumer(PersonGovID) VALUES (1111121370);
INSERT INTO Account(CostumerCostumerID, BranchBranchID, Amount, BeginDate, EndDate) VALUES (243, 1035, 137538.25, TO_DATE('10-12-2005','DD-MM-YYYY'), NULL);
INSERT INTO CurrentAccount(AccountAccountID, MaximumWithdraw) VALUES (489, 400);
INSERT INTO Deposit(AccountAccountID, DepositDate, Amount) VALUES (489, TO_DATE('10-12-2005','DD-MM-YYYY'),550153);
INSERT INTO Withdraw(CurrentAccountAccountID, WithdrawDate, Amount) VALUES (489, TO_DATE('10-12-2005','DD-MM-YYYY'), 137538.25);
INSERT INTO Account(CostumerCostumerID, BranchBranchID, Amount, BeginDate, EndDate) VALUES (243, 1035, 275076.5, TO_DATE('10-12-2005','DD-MM-YYYY'), NULL);
INSERT INTO SavingsAccount(AccountAccountID, InterestRate, DurationYears) VALUES (490, 0.05, 8);
INSERT INTO Transfer(AccountAccountIDFrom, AccountAccountIDTo, TransferDate, Amount) VALUES (489, 490, TO_DATE('10-12-2005','DD-MM-YYYY'), 275076.5);
INSERT INTO Person(GovID,Name, PhoneNumber, Email, Address, Birthday, Nationality) VALUES (1111121371,'Kris eco','900010260', 'Kris_eco35@sapo.pt', 'Szombathely, Hungary', TO_DATE('5-8-1999','DD-MM-YYYY'), 'Hungary');
INSERT INTO Costumer(PersonGovID) VALUES (1111121371);
INSERT INTO Account(CostumerCostumerID, BranchBranchID, Amount, BeginDate, EndDate) VALUES (244, 390, 183228.25, TO_DATE('21-3-2001','DD-MM-YYYY'), NULL);
INSERT INTO CurrentAccount(AccountAccountID, MaximumWithdraw) VALUES (491, 400);
INSERT INTO Deposit(AccountAccountID, DepositDate, Amount) VALUES (491, TO_DATE('21-3-2001','DD-MM-YYYY'),732913);
INSERT INTO Withdraw(CurrentAccountAccountID, WithdrawDate, Amount) VALUES (491, TO_DATE('21-3-2001','DD-MM-YYYY'), 183228.25);
INSERT INTO Account(CostumerCostumerID, BranchBranchID, Amount, BeginDate, EndDate) VALUES (244, 390, 366456.5, TO_DATE('21-3-2001','DD-MM-YYYY'), NULL);
INSERT INTO SavingsAccount(AccountAccountID, InterestRate, DurationYears) VALUES (492, 0.05, 8);
INSERT INTO Transfer(AccountAccountIDFrom, AccountAccountIDTo, TransferDate, Amount) VALUES (491, 492, TO_DATE('21-3-2001','DD-MM-YYYY'), 366456.5);
INSERT INTO Person(GovID,Name, PhoneNumber, Email, Address, Birthday, Nationality) VALUES (1111121372,'Krish eco','900010261', 'Krish_eco37@sapo.pt', 'Tres Cantos, Spain', TO_DATE('19-1-1991','DD-MM-YYYY'), 'Spain');
INSERT INTO Costumer(PersonGovID) VALUES (1111121372);
INSERT INTO Account(CostumerCostumerID, BranchBranchID, Amount, BeginDate, EndDate) VALUES (245, 507, 112451.5, TO_DATE('26-8-2017','DD-MM-YYYY'), NULL);
INSERT INTO CurrentAccount(AccountAccountID, MaximumWithdraw) VALUES (493, 400);
INSERT INTO Deposit(AccountAccountID, DepositDate, Amount) VALUES (493, TO_DATE('26-8-2017','DD-MM-YYYY'),449806);
INSERT INTO Withdraw(CurrentAccountAccountID, WithdrawDate, Amount) VALUES (493, TO_DATE('26-8-2017','DD-MM-YYYY'), 112451.5);
INSERT INTO Account(CostumerCostumerID, BranchBranchID, Amount, BeginDate, EndDate) VALUES (245, 507, 224903.0, TO_DATE('26-8-2017','DD-MM-YYYY'), NULL);
INSERT INTO SavingsAccount(AccountAccountID, InterestRate, DurationYears) VALUES (494, 0.05, 5);
INSERT INTO Transfer(AccountAccountIDFrom, AccountAccountIDTo, TransferDate, Amount) VALUES (493, 494, TO_DATE('26-8-2017','DD-MM-YYYY'), 224903.0);
INSERT INTO Person(GovID,Name, PhoneNumber, Email, Address, Birthday, Nationality) VALUES (1111121373,'Krishan eco','900010262', 'Krishan_eco44@sapo.pt', 'Aveiro, Portugal', TO_DATE('1-7-1993','DD-MM-YYYY'), 'Portugal');
INSERT INTO Costumer(PersonGovID) VALUES (1111121373);
INSERT INTO Account(CostumerCostumerID, BranchBranchID, Amount, BeginDate, EndDate) VALUES (246, 909, 222442.25, TO_DATE('13-12-2015','DD-MM-YYYY'), NULL);
INSERT INTO CurrentAccount(AccountAccountID, MaximumWithdraw) VALUES (495, 400);
INSERT INTO Deposit(AccountAccountID, DepositDate, Amount) VALUES (495, TO_DATE('13-12-2015','DD-MM-YYYY'),889769);
INSERT INTO Withdraw(CurrentAccountAccountID, WithdrawDate, Amount) VALUES (495, TO_DATE('13-12-2015','DD-MM-YYYY'), 222442.25);
INSERT INTO Account(CostumerCostumerID, BranchBranchID, Amount, BeginDate, EndDate) VALUES (246, 909, 444884.5, TO_DATE('13-12-2015','DD-MM-YYYY'), NULL);
INSERT INTO SavingsAccount(AccountAccountID, InterestRate, DurationYears) VALUES (496, 0.05, 6);
INSERT INTO Transfer(AccountAccountIDFrom, AccountAccountIDTo, TransferDate, Amount) VALUES (495, 496, TO_DATE('13-12-2015','DD-MM-YYYY'), 444884.5);
INSERT INTO Person(GovID,Name, PhoneNumber, Email, Address, Birthday, Nationality) VALUES (1111121374,'Krishna eco','900010263', 'Krishna_eco59@sapo.pt', 'Castelfranco Veneto, Italy', TO_DATE('11-8-1972','DD-MM-YYYY'), 'Italy');
INSERT INTO Costumer(PersonGovID) VALUES (1111121374);
INSERT INTO Account(CostumerCostumerID, BranchBranchID, Amount, BeginDate, EndDate) VALUES (247, 586, 185585.5, TO_DATE('7-1-2004','DD-MM-YYYY'), NULL);
INSERT INTO CurrentAccount(AccountAccountID, MaximumWithdraw) VALUES (497, 400);
INSERT INTO Deposit(AccountAccountID, DepositDate, Amount) VALUES (497, TO_DATE('7-1-2004','DD-MM-YYYY'),742342);
INSERT INTO Withdraw(CurrentAccountAccountID, WithdrawDate, Amount) VALUES (497, TO_DATE('7-1-2004','DD-MM-YYYY'), 185585.5);
INSERT INTO Account(CostumerCostumerID, BranchBranchID, Amount, BeginDate, EndDate) VALUES (247, 586, 371171.0, TO_DATE('7-1-2004','DD-MM-YYYY'), NULL);
INSERT INTO SavingsAccount(AccountAccountID, InterestRate, DurationYears) VALUES (498, 0.05, 8);
INSERT INTO Transfer(AccountAccountIDFrom, AccountAccountIDTo, TransferDate, Amount) VALUES (497, 498, TO_DATE('7-1-2004','DD-MM-YYYY'), 371171.0);
INSERT INTO Person(GovID,Name, PhoneNumber, Email, Address, Birthday, Nationality) VALUES (1111121375,'Krissy eco','900010264', 'Krissy_eco56@sapo.pt', 'Guidonia, Italy', TO_DATE('5-2-1994','DD-MM-YYYY'), 'Italy');
INSERT INTO Costumer(PersonGovID) VALUES (1111121375);
INSERT INTO Account(CostumerCostumerID, BranchBranchID, Amount, BeginDate, EndDate) VALUES (248, 854, 59004.25, TO_DATE('10-7-2009','DD-MM-YYYY'), NULL);
INSERT INTO CurrentAccount(AccountAccountID, MaximumWithdraw) VALUES (499, 400);
INSERT INTO Deposit(AccountAccountID, DepositDate, Amount) VALUES (499, TO_DATE('10-7-2009','DD-MM-YYYY'),236017);
INSERT INTO Withdraw(CurrentAccountAccountID, WithdrawDate, Amount) VALUES (499, TO_DATE('10-7-2009','DD-MM-YYYY'), 59004.25);
INSERT INTO Account(CostumerCostumerID, BranchBranchID, Amount, BeginDate, EndDate) VALUES (248, 854, 118008.5, TO_DATE('10-7-2009','DD-MM-YYYY'), NULL);
INSERT INTO SavingsAccount(AccountAccountID, InterestRate, DurationYears) VALUES (500, 0.05, 10);
INSERT INTO Transfer(AccountAccountIDFrom, AccountAccountIDTo, TransferDate, Amount) VALUES (499, 500, TO_DATE('10-7-2009','DD-MM-YYYY'), 118008.5);
INSERT INTO Person(GovID,Name, PhoneNumber, Email, Address, Birthday, Nationality) VALUES (1111121376,'Krista eco','900010265', 'Krista_eco10@sapo.pt', 'Frstenberg, Germany', TO_DATE('3-7-1998','DD-MM-YYYY'), 'Germany');
INSERT INTO Costumer(PersonGovID) VALUES (1111121376);
INSERT INTO Account(CostumerCostumerID, BranchBranchID, Amount, BeginDate, EndDate) VALUES (249, 643, 78517.0, TO_DATE('11-1-2007','DD-MM-YYYY'), NULL);
INSERT INTO CurrentAccount(AccountAccountID, MaximumWithdraw) VALUES (501, 400);
INSERT INTO Deposit(AccountAccountID, DepositDate, Amount) VALUES (501, TO_DATE('11-1-2007','DD-MM-YYYY'),314068);
INSERT INTO Withdraw(CurrentAccountAccountID, WithdrawDate, Amount) VALUES (501, TO_DATE('11-1-2007','DD-MM-YYYY'), 78517.0);
INSERT INTO Account(CostumerCostumerID, BranchBranchID, Amount, BeginDate, EndDate) VALUES (249, 643, 157034.0, TO_DATE('11-1-2007','DD-MM-YYYY'), NULL);
INSERT INTO SavingsAccount(AccountAccountID, InterestRate, DurationYears) VALUES (502, 0.05, 4);
INSERT INTO Transfer(AccountAccountIDFrom, AccountAccountIDTo, TransferDate, Amount) VALUES (501, 502, TO_DATE('11-1-2007','DD-MM-YYYY'), 157034.0);
INSERT INTO Person(GovID,Name, PhoneNumber, Email, Address, Birthday, Nationality) VALUES (1111121377,'Kristal eco','900010266', 'Kristal_eco61@sapo.pt', 'Lilienfeld, Austria', TO_DATE('20-1-1968','DD-MM-YYYY'), 'Austria');
INSERT INTO Costumer(PersonGovID) VALUES (1111121377);
INSERT INTO Account(CostumerCostumerID, BranchBranchID, Amount, BeginDate, EndDate) VALUES (250, 670, 229420.5, TO_DATE('19-7-2007','DD-MM-YYYY'), NULL);
INSERT INTO CurrentAccount(AccountAccountID, MaximumWithdraw) VALUES (503, 400);
INSERT INTO Deposit(AccountAccountID, DepositDate, Amount) VALUES (503, TO_DATE('19-7-2007','DD-MM-YYYY'),917682);
INSERT INTO Withdraw(CurrentAccountAccountID, WithdrawDate, Amount) VALUES (503, TO_DATE('19-7-2007','DD-MM-YYYY'), 229420.5);
INSERT INTO Account(CostumerCostumerID, BranchBranchID, Amount, BeginDate, EndDate) VALUES (250, 670, 458841.0, TO_DATE('19-7-2007','DD-MM-YYYY'), NULL);
INSERT INTO SavingsAccount(AccountAccountID, InterestRate, DurationYears) VALUES (504, 0.05, 7);
INSERT INTO Transfer(AccountAccountIDFrom, AccountAccountIDTo, TransferDate, Amount) VALUES (503, 504, TO_DATE('19-7-2007','DD-MM-YYYY'), 458841.0);
INSERT INTO Person(GovID,Name, PhoneNumber, Email, Address, Birthday, Nationality) VALUES (1111121378,'Kristan eco','900010267', 'Kristan_eco0@sapo.pt', 'Civitavecchia, Italy', TO_DATE('4-9-1961','DD-MM-YYYY'), 'Italy');
INSERT INTO Costumer(PersonGovID) VALUES (1111121378);
INSERT INTO Account(CostumerCostumerID, BranchBranchID, Amount, BeginDate, EndDate) VALUES (251, 502, 158409.25, TO_DATE('26-7-2015','DD-MM-YYYY'), NULL);
INSERT INTO CurrentAccount(AccountAccountID, MaximumWithdraw) VALUES (505, 400);
INSERT INTO Deposit(AccountAccountID, DepositDate, Amount) VALUES (505, TO_DATE('26-7-2015','DD-MM-YYYY'),633637);
INSERT INTO Withdraw(CurrentAccountAccountID, WithdrawDate, Amount) VALUES (505, TO_DATE('26-7-2015','DD-MM-YYYY'), 158409.25);
INSERT INTO Account(CostumerCostumerID, BranchBranchID, Amount, BeginDate, EndDate) VALUES (251, 502, 316818.5, TO_DATE('26-7-2015','DD-MM-YYYY'), NULL);
INSERT INTO SavingsAccount(AccountAccountID, InterestRate, DurationYears) VALUES (506, 0.05, 10);
INSERT INTO Transfer(AccountAccountIDFrom, AccountAccountIDTo, TransferDate, Amount) VALUES (505, 506, TO_DATE('26-7-2015','DD-MM-YYYY'), 316818.5);
INSERT INTO Person(GovID,Name, PhoneNumber, Email, Address, Birthday, Nationality) VALUES (1111121379,'Kristeen eco','900010268', 'Kristeen_eco20@sapo.pt', 'Kusel, Germany', TO_DATE('12-3-1993','DD-MM-YYYY'), 'Germany');
INSERT INTO Costumer(PersonGovID) VALUES (1111121379);
INSERT INTO Account(CostumerCostumerID, BranchBranchID, Amount, BeginDate, EndDate) VALUES (252, 299, 229524.75, TO_DATE('23-5-2002','DD-MM-YYYY'), NULL);
INSERT INTO CurrentAccount(AccountAccountID, MaximumWithdraw) VALUES (507, 400);
INSERT INTO Deposit(AccountAccountID, DepositDate, Amount) VALUES (507, TO_DATE('23-5-2002','DD-MM-YYYY'),918099);
INSERT INTO Withdraw(CurrentAccountAccountID, WithdrawDate, Amount) VALUES (507, TO_DATE('23-5-2002','DD-MM-YYYY'), 229524.75);
INSERT INTO Account(CostumerCostumerID, BranchBranchID, Amount, BeginDate, EndDate) VALUES (252, 299, 459049.5, TO_DATE('23-5-2002','DD-MM-YYYY'), NULL);
INSERT INTO SavingsAccount(AccountAccountID, InterestRate, DurationYears) VALUES (508, 0.05, 9);
INSERT INTO Transfer(AccountAccountIDFrom, AccountAccountIDTo, TransferDate, Amount) VALUES (507, 508, TO_DATE('23-5-2002','DD-MM-YYYY'), 459049.5);
INSERT INTO Person(GovID,Name, PhoneNumber, Email, Address, Birthday, Nationality) VALUES (1111121380,'Kristel eco','900010269', 'Kristel_eco69@sapo.pt', 'Cologno Monzese, Italy', TO_DATE('7-4-1963','DD-MM-YYYY'), 'Italy');
INSERT INTO Costumer(PersonGovID) VALUES (1111121380);
INSERT INTO Account(CostumerCostumerID, BranchBranchID, Amount, BeginDate, EndDate) VALUES (253, 1125, 83400.0, TO_DATE('22-8-2014','DD-MM-YYYY'), NULL);
INSERT INTO CurrentAccount(AccountAccountID, MaximumWithdraw) VALUES (509, 400);
INSERT INTO Deposit(AccountAccountID, DepositDate, Amount) VALUES (509, TO_DATE('22-8-2014','DD-MM-YYYY'),333600);
INSERT INTO Withdraw(CurrentAccountAccountID, WithdrawDate, Amount) VALUES (509, TO_DATE('22-8-2014','DD-MM-YYYY'), 83400.0);
INSERT INTO Account(CostumerCostumerID, BranchBranchID, Amount, BeginDate, EndDate) VALUES (253, 1125, 166800.0, TO_DATE('22-8-2014','DD-MM-YYYY'), NULL);
INSERT INTO SavingsAccount(AccountAccountID, InterestRate, DurationYears) VALUES (510, 0.05, 6);
INSERT INTO Transfer(AccountAccountIDFrom, AccountAccountIDTo, TransferDate, Amount) VALUES (509, 510, TO_DATE('22-8-2014','DD-MM-YYYY'), 166800.0);
INSERT INTO Person(GovID,Name, PhoneNumber, Email, Address, Birthday, Nationality) VALUES (1111121381,'Kristen eco','900010270', 'Kristen_eco95@sapo.pt', 'Esslingen, Germany', TO_DATE('11-12-1986','DD-MM-YYYY'), 'Germany');
INSERT INTO Costumer(PersonGovID) VALUES (1111121381);
INSERT INTO Account(CostumerCostumerID, BranchBranchID, Amount, BeginDate, EndDate) VALUES (254, 671, 93250.0, TO_DATE('1-3-2010','DD-MM-YYYY'), NULL);
INSERT INTO CurrentAccount(AccountAccountID, MaximumWithdraw) VALUES (511, 400);
INSERT INTO Deposit(AccountAccountID, DepositDate, Amount) VALUES (511, TO_DATE('1-3-2010','DD-MM-YYYY'),373000);
INSERT INTO Withdraw(CurrentAccountAccountID, WithdrawDate, Amount) VALUES (511, TO_DATE('1-3-2010','DD-MM-YYYY'), 93250.0);
INSERT INTO Account(CostumerCostumerID, BranchBranchID, Amount, BeginDate, EndDate) VALUES (254, 671, 186500.0, TO_DATE('1-3-2010','DD-MM-YYYY'), NULL);
INSERT INTO SavingsAccount(AccountAccountID, InterestRate, DurationYears) VALUES (512, 0.05, 5);
INSERT INTO Transfer(AccountAccountIDFrom, AccountAccountIDTo, TransferDate, Amount) VALUES (511, 512, TO_DATE('1-3-2010','DD-MM-YYYY'), 186500.0);
INSERT INTO Person(GovID,Name, PhoneNumber, Email, Address, Birthday, Nationality) VALUES (1111121382,'Kristi eco','900010271', 'Kristi_eco98@sapo.pt', 'Wertheim, Germany', TO_DATE('15-1-1954','DD-MM-YYYY'), 'Germany');
INSERT INTO Costumer(PersonGovID) VALUES (1111121382);
INSERT INTO Account(CostumerCostumerID, BranchBranchID, Amount, BeginDate, EndDate) VALUES (255, 1006, 82347.0, TO_DATE('15-12-2014','DD-MM-YYYY'), NULL);
INSERT INTO CurrentAccount(AccountAccountID, MaximumWithdraw) VALUES (513, 400);
INSERT INTO Deposit(AccountAccountID, DepositDate, Amount) VALUES (513, TO_DATE('15-12-2014','DD-MM-YYYY'),329388);
INSERT INTO Withdraw(CurrentAccountAccountID, WithdrawDate, Amount) VALUES (513, TO_DATE('15-12-2014','DD-MM-YYYY'), 82347.0);
INSERT INTO Account(CostumerCostumerID, BranchBranchID, Amount, BeginDate, EndDate) VALUES (255, 1006, 164694.0, TO_DATE('15-12-2014','DD-MM-YYYY'), NULL);
INSERT INTO SavingsAccount(AccountAccountID, InterestRate, DurationYears) VALUES (514, 0.05, 5);
INSERT INTO Transfer(AccountAccountIDFrom, AccountAccountIDTo, TransferDate, Amount) VALUES (513, 514, TO_DATE('15-12-2014','DD-MM-YYYY'), 164694.0);
INSERT INTO Person(GovID,Name, PhoneNumber, Email, Address, Birthday, Nationality) VALUES (1111121383,'Kristian eco','900010272', 'Kristian_eco80@sapo.pt', 'Samos, Greece', TO_DATE('14-2-1986','DD-MM-YYYY'), 'Greece');
INSERT INTO Costumer(PersonGovID) VALUES (1111121383);
INSERT INTO Account(CostumerCostumerID, BranchBranchID, Amount, BeginDate, EndDate) VALUES (256, 916, 141773.0, TO_DATE('18-12-2004','DD-MM-YYYY'), NULL);
INSERT INTO CurrentAccount(AccountAccountID, MaximumWithdraw) VALUES (515, 400);
INSERT INTO Deposit(AccountAccountID, DepositDate, Amount) VALUES (515, TO_DATE('18-12-2004','DD-MM-YYYY'),567092);
INSERT INTO Withdraw(CurrentAccountAccountID, WithdrawDate, Amount) VALUES (515, TO_DATE('18-12-2004','DD-MM-YYYY'), 141773.0);
INSERT INTO Account(CostumerCostumerID, BranchBranchID, Amount, BeginDate, EndDate) VALUES (256, 916, 283546.0, TO_DATE('18-12-2004','DD-MM-YYYY'), NULL);
INSERT INTO SavingsAccount(AccountAccountID, InterestRate, DurationYears) VALUES (516, 0.05, 9);
INSERT INTO Transfer(AccountAccountIDFrom, AccountAccountIDTo, TransferDate, Amount) VALUES (515, 516, TO_DATE('18-12-2004','DD-MM-YYYY'), 283546.0);
INSERT INTO Person(GovID,Name, PhoneNumber, Email, Address, Birthday, Nationality) VALUES (1111121384,'Kristiana eco','900010273', 'Kristiana_eco31@sapo.pt', 'Avellino, Italy', TO_DATE('24-5-1979','DD-MM-YYYY'), 'Italy');
INSERT INTO Costumer(PersonGovID) VALUES (1111121384);
INSERT INTO Account(CostumerCostumerID, BranchBranchID, Amount, BeginDate, EndDate) VALUES (257, 1066, 163290.5, TO_DATE('28-5-2006','DD-MM-YYYY'), NULL);
INSERT INTO CurrentAccount(AccountAccountID, MaximumWithdraw) VALUES (517, 400);
INSERT INTO Deposit(AccountAccountID, DepositDate, Amount) VALUES (517, TO_DATE('28-5-2006','DD-MM-YYYY'),653162);
INSERT INTO Withdraw(CurrentAccountAccountID, WithdrawDate, Amount) VALUES (517, TO_DATE('28-5-2006','DD-MM-YYYY'), 163290.5);
INSERT INTO Account(CostumerCostumerID, BranchBranchID, Amount, BeginDate, EndDate) VALUES (257, 1066, 326581.0, TO_DATE('28-5-2006','DD-MM-YYYY'), NULL);
INSERT INTO SavingsAccount(AccountAccountID, InterestRate, DurationYears) VALUES (518, 0.05, 8);
INSERT INTO Transfer(AccountAccountIDFrom, AccountAccountIDTo, TransferDate, Amount) VALUES (517, 518, TO_DATE('28-5-2006','DD-MM-YYYY'), 326581.0);
INSERT INTO Person(GovID,Name, PhoneNumber, Email, Address, Birthday, Nationality) VALUES (1111121385,'Kristie eco','900010274', 'Kristie_eco92@sapo.pt', 'Martigues, France', TO_DATE('7-2-1963','DD-MM-YYYY'), 'France');
INSERT INTO Costumer(PersonGovID) VALUES (1111121385);
INSERT INTO Account(CostumerCostumerID, BranchBranchID, Amount, BeginDate, EndDate) VALUES (258, 489, 114022.5, TO_DATE('12-12-2005','DD-MM-YYYY'), NULL);
INSERT INTO CurrentAccount(AccountAccountID, MaximumWithdraw) VALUES (519, 400);
INSERT INTO Deposit(AccountAccountID, DepositDate, Amount) VALUES (519, TO_DATE('12-12-2005','DD-MM-YYYY'),456090);
INSERT INTO Withdraw(CurrentAccountAccountID, WithdrawDate, Amount) VALUES (519, TO_DATE('12-12-2005','DD-MM-YYYY'), 114022.5);
INSERT INTO Account(CostumerCostumerID, BranchBranchID, Amount, BeginDate, EndDate) VALUES (258, 489, 228045.0, TO_DATE('12-12-2005','DD-MM-YYYY'), NULL);
INSERT INTO SavingsAccount(AccountAccountID, InterestRate, DurationYears) VALUES (520, 0.05, 10);
INSERT INTO Transfer(AccountAccountIDFrom, AccountAccountIDTo, TransferDate, Amount) VALUES (519, 520, TO_DATE('12-12-2005','DD-MM-YYYY'), 228045.0);
INSERT INTO Person(GovID,Name, PhoneNumber, Email, Address, Birthday, Nationality) VALUES (1111121386,'Kristin eco','900010275', 'Kristin_eco67@sapo.pt', 'Tavira, Portugal', TO_DATE('26-9-1991','DD-MM-YYYY'), 'Portugal');
INSERT INTO Costumer(PersonGovID) VALUES (1111121386);
INSERT INTO Account(CostumerCostumerID, BranchBranchID, Amount, BeginDate, EndDate) VALUES (259, 918, 58570.75, TO_DATE('11-1-2011','DD-MM-YYYY'), NULL);
INSERT INTO CurrentAccount(AccountAccountID, MaximumWithdraw) VALUES (521, 400);
INSERT INTO Deposit(AccountAccountID, DepositDate, Amount) VALUES (521, TO_DATE('11-1-2011','DD-MM-YYYY'),234283);
INSERT INTO Withdraw(CurrentAccountAccountID, WithdrawDate, Amount) VALUES (521, TO_DATE('11-1-2011','DD-MM-YYYY'), 58570.75);
INSERT INTO Account(CostumerCostumerID, BranchBranchID, Amount, BeginDate, EndDate) VALUES (259, 918, 117141.5, TO_DATE('11-1-2011','DD-MM-YYYY'), NULL);
INSERT INTO SavingsAccount(AccountAccountID, InterestRate, DurationYears) VALUES (522, 0.05, 10);
INSERT INTO Transfer(AccountAccountIDFrom, AccountAccountIDTo, TransferDate, Amount) VALUES (521, 522, TO_DATE('11-1-2011','DD-MM-YYYY'), 117141.5);
INSERT INTO Person(GovID,Name, PhoneNumber, Email, Address, Birthday, Nationality) VALUES (1111121387,'Kristina eco','900010276', 'Kristina_eco74@sapo.pt', 'Annecy, France', TO_DATE('1-7-1970','DD-MM-YYYY'), 'France');
INSERT INTO Costumer(PersonGovID) VALUES (1111121387);
INSERT INTO Account(CostumerCostumerID, BranchBranchID, Amount, BeginDate, EndDate) VALUES (260, 606, 188270.0, TO_DATE('13-12-2006','DD-MM-YYYY'), NULL);
INSERT INTO CurrentAccount(AccountAccountID, MaximumWithdraw) VALUES (523, 400);
INSERT INTO Deposit(AccountAccountID, DepositDate, Amount) VALUES (523, TO_DATE('13-12-2006','DD-MM-YYYY'),753080);
INSERT INTO Withdraw(CurrentAccountAccountID, WithdrawDate, Amount) VALUES (523, TO_DATE('13-12-2006','DD-MM-YYYY'), 188270.0);
INSERT INTO Account(CostumerCostumerID, BranchBranchID, Amount, BeginDate, EndDate) VALUES (260, 606, 376540.0, TO_DATE('13-12-2006','DD-MM-YYYY'), NULL);
INSERT INTO SavingsAccount(AccountAccountID, InterestRate, DurationYears) VALUES (524, 0.05, 5);
INSERT INTO Transfer(AccountAccountIDFrom, AccountAccountIDTo, TransferDate, Amount) VALUES (523, 524, TO_DATE('13-12-2006','DD-MM-YYYY'), 376540.0);
INSERT INTO Person(GovID,Name, PhoneNumber, Email, Address, Birthday, Nationality) VALUES (1111121388,'Kristine eco','900010277', 'Kristine_eco45@sapo.pt', 'Leiria, Portugal', TO_DATE('2-2-1997','DD-MM-YYYY'), 'Portugal');
INSERT INTO Costumer(PersonGovID) VALUES (1111121388);
INSERT INTO Account(CostumerCostumerID, BranchBranchID, Amount, BeginDate, EndDate) VALUES (261, 917, 119496.5, TO_DATE('17-4-2001','DD-MM-YYYY'), NULL);
INSERT INTO CurrentAccount(AccountAccountID, MaximumWithdraw) VALUES (525, 400);
INSERT INTO Deposit(AccountAccountID, DepositDate, Amount) VALUES (525, TO_DATE('17-4-2001','DD-MM-YYYY'),477986);
INSERT INTO Withdraw(CurrentAccountAccountID, WithdrawDate, Amount) VALUES (525, TO_DATE('17-4-2001','DD-MM-YYYY'), 119496.5);
INSERT INTO Account(CostumerCostumerID, BranchBranchID, Amount, BeginDate, EndDate) VALUES (261, 917, 238993.0, TO_DATE('17-4-2001','DD-MM-YYYY'), NULL);
INSERT INTO SavingsAccount(AccountAccountID, InterestRate, DurationYears) VALUES (526, 0.05, 7);
INSERT INTO Transfer(AccountAccountIDFrom, AccountAccountIDTo, TransferDate, Amount) VALUES (525, 526, TO_DATE('17-4-2001','DD-MM-YYYY'), 238993.0);
INSERT INTO Person(GovID,Name, PhoneNumber, Email, Address, Birthday, Nationality) VALUES (1111121389,'Kristiyan eco','900010278', 'Kristiyan_eco37@sapo.pt', 'Katowice, Poland', TO_DATE('15-6-1985','DD-MM-YYYY'), 'Poland');
INSERT INTO Costumer(PersonGovID) VALUES (1111121389);
INSERT INTO Account(CostumerCostumerID, BranchBranchID, Amount, BeginDate, EndDate) VALUES (262, 82, 31855.5, TO_DATE('16-9-2001','DD-MM-YYYY'), NULL);
INSERT INTO CurrentAccount(AccountAccountID, MaximumWithdraw) VALUES (527, 400);
INSERT INTO Deposit(AccountAccountID, DepositDate, Amount) VALUES (527, TO_DATE('16-9-2001','DD-MM-YYYY'),127422);
INSERT INTO Withdraw(CurrentAccountAccountID, WithdrawDate, Amount) VALUES (527, TO_DATE('16-9-2001','DD-MM-YYYY'), 31855.5);
INSERT INTO Account(CostumerCostumerID, BranchBranchID, Amount, BeginDate, EndDate) VALUES (262, 82, 63711.0, TO_DATE('16-9-2001','DD-MM-YYYY'), NULL);
INSERT INTO SavingsAccount(AccountAccountID, InterestRate, DurationYears) VALUES (528, 0.05, 9);
INSERT INTO Transfer(AccountAccountIDFrom, AccountAccountIDTo, TransferDate, Amount) VALUES (527, 528, TO_DATE('16-9-2001','DD-MM-YYYY'), 63711.0);
INSERT INTO Person(GovID,Name, PhoneNumber, Email, Address, Birthday, Nationality) VALUES (1111121390,'Kristle eco','900010279', 'Kristle_eco14@sapo.pt', 'Koridhallos, Greece', TO_DATE('23-1-1974','DD-MM-YYYY'), 'Greece');
INSERT INTO Costumer(PersonGovID) VALUES (1111121390);
INSERT INTO Account(CostumerCostumerID, BranchBranchID, Amount, BeginDate, EndDate) VALUES (263, 395, 97185.25, TO_DATE('6-3-2018','DD-MM-YYYY'), NULL);
INSERT INTO CurrentAccount(AccountAccountID, MaximumWithdraw) VALUES (529, 400);
INSERT INTO Deposit(AccountAccountID, DepositDate, Amount) VALUES (529, TO_DATE('6-3-2018','DD-MM-YYYY'),388741);
INSERT INTO Withdraw(CurrentAccountAccountID, WithdrawDate, Amount) VALUES (529, TO_DATE('6-3-2018','DD-MM-YYYY'), 97185.25);
INSERT INTO Account(CostumerCostumerID, BranchBranchID, Amount, BeginDate, EndDate) VALUES (263, 395, 194370.5, TO_DATE('6-3-2018','DD-MM-YYYY'), NULL);
INSERT INTO SavingsAccount(AccountAccountID, InterestRate, DurationYears) VALUES (530, 0.05, 9);
INSERT INTO Transfer(AccountAccountIDFrom, AccountAccountIDTo, TransferDate, Amount) VALUES (529, 530, TO_DATE('6-3-2018','DD-MM-YYYY'), 194370.5);
INSERT INTO Person(GovID,Name, PhoneNumber, Email, Address, Birthday, Nationality) VALUES (1111121391,'Kristof eco','900010280', 'Kristof_eco69@sapo.pt', 'Waiblingen, Germany', TO_DATE('11-11-1995','DD-MM-YYYY'), 'Germany');
INSERT INTO Costumer(PersonGovID) VALUES (1111121391);
INSERT INTO Account(CostumerCostumerID, BranchBranchID, Amount, BeginDate, EndDate) VALUES (264, 959, 68750.5, TO_DATE('8-11-2001','DD-MM-YYYY'), NULL);
INSERT INTO CurrentAccount(AccountAccountID, MaximumWithdraw) VALUES (531, 400);
INSERT INTO Deposit(AccountAccountID, DepositDate, Amount) VALUES (531, TO_DATE('8-11-2001','DD-MM-YYYY'),275002);
INSERT INTO Withdraw(CurrentAccountAccountID, WithdrawDate, Amount) VALUES (531, TO_DATE('8-11-2001','DD-MM-YYYY'), 68750.5);
INSERT INTO Account(CostumerCostumerID, BranchBranchID, Amount, BeginDate, EndDate) VALUES (264, 959, 137501.0, TO_DATE('8-11-2001','DD-MM-YYYY'), NULL);
INSERT INTO SavingsAccount(AccountAccountID, InterestRate, DurationYears) VALUES (532, 0.05, 10);
INSERT INTO Transfer(AccountAccountIDFrom, AccountAccountIDTo, TransferDate, Amount) VALUES (531, 532, TO_DATE('8-11-2001','DD-MM-YYYY'), 137501.0);
INSERT INTO Person(GovID,Name, PhoneNumber, Email, Address, Birthday, Nationality) VALUES (1111121392,'Kristofer eco','900010281', 'Kristofer_eco83@sapo.pt', 'Myconos, Greece', TO_DATE('7-6-2005','DD-MM-YYYY'), 'Greece');
INSERT INTO Costumer(PersonGovID) VALUES (1111121392);
INSERT INTO Account(CostumerCostumerID, BranchBranchID, Amount, BeginDate, EndDate) VALUES (265, 97, 155954.5, TO_DATE('27-10-2007','DD-MM-YYYY'), NULL);
INSERT INTO CurrentAccount(AccountAccountID, MaximumWithdraw) VALUES (533, 400);
INSERT INTO Deposit(AccountAccountID, DepositDate, Amount) VALUES (533, TO_DATE('27-10-2007','DD-MM-YYYY'),623818);
INSERT INTO Withdraw(CurrentAccountAccountID, WithdrawDate, Amount) VALUES (533, TO_DATE('27-10-2007','DD-MM-YYYY'), 155954.5);
INSERT INTO Account(CostumerCostumerID, BranchBranchID, Amount, BeginDate, EndDate) VALUES (265, 97, 311909.0, TO_DATE('27-10-2007','DD-MM-YYYY'), NULL);
INSERT INTO SavingsAccount(AccountAccountID, InterestRate, DurationYears) VALUES (534, 0.05, 7);
INSERT INTO Transfer(AccountAccountIDFrom, AccountAccountIDTo, TransferDate, Amount) VALUES (533, 534, TO_DATE('27-10-2007','DD-MM-YYYY'), 311909.0);
INSERT INTO Person(GovID,Name, PhoneNumber, Email, Address, Birthday, Nationality) VALUES (1111121393,'Kristoffer eco','900010282', 'Kristoffer_eco50@sapo.pt', 'Lissone, Italy', TO_DATE('12-7-1971','DD-MM-YYYY'), 'Italy');
INSERT INTO Costumer(PersonGovID) VALUES (1111121393);
INSERT INTO Account(CostumerCostumerID, BranchBranchID, Amount, BeginDate, EndDate) VALUES (266, 213, 75228.5, TO_DATE('16-5-2014','DD-MM-YYYY'), NULL);
INSERT INTO CurrentAccount(AccountAccountID, MaximumWithdraw) VALUES (535, 400);
INSERT INTO Deposit(AccountAccountID, DepositDate, Amount) VALUES (535, TO_DATE('16-5-2014','DD-MM-YYYY'),300914);
INSERT INTO Withdraw(CurrentAccountAccountID, WithdrawDate, Amount) VALUES (535, TO_DATE('16-5-2014','DD-MM-YYYY'), 75228.5);
INSERT INTO Account(CostumerCostumerID, BranchBranchID, Amount, BeginDate, EndDate) VALUES (266, 213, 150457.0, TO_DATE('16-5-2014','DD-MM-YYYY'), NULL);
INSERT INTO SavingsAccount(AccountAccountID, InterestRate, DurationYears) VALUES (536, 0.05, 8);
INSERT INTO Transfer(AccountAccountIDFrom, AccountAccountIDTo, TransferDate, Amount) VALUES (535, 536, TO_DATE('16-5-2014','DD-MM-YYYY'), 150457.0);
INSERT INTO Person(GovID,Name, PhoneNumber, Email, Address, Birthday, Nationality) VALUES (1111121394,'Kristopher eco','900010283', 'Kristopher_eco39@sapo.pt', 'Frosinone, Italy', TO_DATE('23-3-1950','DD-MM-YYYY'), 'Italy');
INSERT INTO Costumer(PersonGovID) VALUES (1111121394);
INSERT INTO Account(CostumerCostumerID, BranchBranchID, Amount, BeginDate, EndDate) VALUES (267, 361, 164061.75, TO_DATE('26-4-2013','DD-MM-YYYY'), NULL);
INSERT INTO CurrentAccount(AccountAccountID, MaximumWithdraw) VALUES (537, 400);
INSERT INTO Deposit(AccountAccountID, DepositDate, Amount) VALUES (537, TO_DATE('26-4-2013','DD-MM-YYYY'),656247);
INSERT INTO Withdraw(CurrentAccountAccountID, WithdrawDate, Amount) VALUES (537, TO_DATE('26-4-2013','DD-MM-YYYY'), 164061.75);
INSERT INTO Account(CostumerCostumerID, BranchBranchID, Amount, BeginDate, EndDate) VALUES (267, 361, 328123.5, TO_DATE('26-4-2013','DD-MM-YYYY'), NULL);
INSERT INTO SavingsAccount(AccountAccountID, InterestRate, DurationYears) VALUES (538, 0.05, 5);
INSERT INTO Transfer(AccountAccountIDFrom, AccountAccountIDTo, TransferDate, Amount) VALUES (537, 538, TO_DATE('26-4-2013','DD-MM-YYYY'), 328123.5);
INSERT INTO Person(GovID,Name, PhoneNumber, Email, Address, Birthday, Nationality) VALUES (1111121395,'Kristy eco','900010284', 'Kristy_eco27@sapo.pt', 'La Seu dUrgell, Spain', TO_DATE('24-2-2008','DD-MM-YYYY'), 'Spain');
INSERT INTO Costumer(PersonGovID) VALUES (1111121395);
INSERT INTO Account(CostumerCostumerID, BranchBranchID, Amount, BeginDate, EndDate) VALUES (268, 28, 177383.0, TO_DATE('18-2-2012','DD-MM-YYYY'), NULL);
INSERT INTO CurrentAccount(AccountAccountID, MaximumWithdraw) VALUES (539, 400);
INSERT INTO Deposit(AccountAccountID, DepositDate, Amount) VALUES (539, TO_DATE('18-2-2012','DD-MM-YYYY'),709532);
INSERT INTO Withdraw(CurrentAccountAccountID, WithdrawDate, Amount) VALUES (539, TO_DATE('18-2-2012','DD-MM-YYYY'), 177383.0);
INSERT INTO Account(CostumerCostumerID, BranchBranchID, Amount, BeginDate, EndDate) VALUES (268, 28, 354766.0, TO_DATE('18-2-2012','DD-MM-YYYY'), NULL);
INSERT INTO SavingsAccount(AccountAccountID, InterestRate, DurationYears) VALUES (540, 0.05, 8);
INSERT INTO Transfer(AccountAccountIDFrom, AccountAccountIDTo, TransferDate, Amount) VALUES (539, 540, TO_DATE('18-2-2012','DD-MM-YYYY'), 354766.0);
INSERT INTO Person(GovID,Name, PhoneNumber, Email, Address, Birthday, Nationality) VALUES (1111121396,'Kristyn eco','900010285', 'Kristyn_eco49@sapo.pt', 'Silistra, Bulgaria', TO_DATE('27-9-1977','DD-MM-YYYY'), 'Bulgaria');
INSERT INTO Costumer(PersonGovID) VALUES (1111121396);
INSERT INTO Account(CostumerCostumerID, BranchBranchID, Amount, BeginDate, EndDate) VALUES (269, 244, 96947.75, TO_DATE('28-5-2009','DD-MM-YYYY'), NULL);
INSERT INTO CurrentAccount(AccountAccountID, MaximumWithdraw) VALUES (541, 400);
INSERT INTO Deposit(AccountAccountID, DepositDate, Amount) VALUES (541, TO_DATE('28-5-2009','DD-MM-YYYY'),387791);
INSERT INTO Withdraw(CurrentAccountAccountID, WithdrawDate, Amount) VALUES (541, TO_DATE('28-5-2009','DD-MM-YYYY'), 96947.75);
INSERT INTO Account(CostumerCostumerID, BranchBranchID, Amount, BeginDate, EndDate) VALUES (269, 244, 193895.5, TO_DATE('28-5-2009','DD-MM-YYYY'), NULL);
INSERT INTO SavingsAccount(AccountAccountID, InterestRate, DurationYears) VALUES (542, 0.05, 4);
INSERT INTO Transfer(AccountAccountIDFrom, AccountAccountIDTo, TransferDate, Amount) VALUES (541, 542, TO_DATE('28-5-2009','DD-MM-YYYY'), 193895.5);
INSERT INTO Person(GovID,Name, PhoneNumber, Email, Address, Birthday, Nationality) VALUES (1111121397,'Kristyna eco','900010286', 'Kristyna_eco6@sapo.pt', 'Abrantes, Portugal', TO_DATE('25-1-1988','DD-MM-YYYY'), 'Portugal');
INSERT INTO Costumer(PersonGovID) VALUES (1111121397);
INSERT INTO Account(CostumerCostumerID, BranchBranchID, Amount, BeginDate, EndDate) VALUES (270, 752, 21411.0, TO_DATE('13-12-2008','DD-MM-YYYY'), NULL);
INSERT INTO CurrentAccount(AccountAccountID, MaximumWithdraw) VALUES (543, 400);
INSERT INTO Deposit(AccountAccountID, DepositDate, Amount) VALUES (543, TO_DATE('13-12-2008','DD-MM-YYYY'),85644);
INSERT INTO Withdraw(CurrentAccountAccountID, WithdrawDate, Amount) VALUES (543, TO_DATE('13-12-2008','DD-MM-YYYY'), 21411.0);
INSERT INTO Account(CostumerCostumerID, BranchBranchID, Amount, BeginDate, EndDate) VALUES (270, 752, 42822.0, TO_DATE('13-12-2008','DD-MM-YYYY'), NULL);
INSERT INTO SavingsAccount(AccountAccountID, InterestRate, DurationYears) VALUES (544, 0.05, 10);
INSERT INTO Transfer(AccountAccountIDFrom, AccountAccountIDTo, TransferDate, Amount) VALUES (543, 544, TO_DATE('13-12-2008','DD-MM-YYYY'), 42822.0);
INSERT INTO Person(GovID,Name, PhoneNumber, Email, Address, Birthday, Nationality) VALUES (1111121398,'Krisztian eco','900010287', 'Krisztian_eco11@sapo.pt', 'Rovigo, Italy', TO_DATE('25-5-1994','DD-MM-YYYY'), 'Italy');
INSERT INTO Costumer(PersonGovID) VALUES (1111121398);
INSERT INTO Account(CostumerCostumerID, BranchBranchID, Amount, BeginDate, EndDate) VALUES (271, 954, 34530.25, TO_DATE('26-3-2006','DD-MM-YYYY'), NULL);
INSERT INTO CurrentAccount(AccountAccountID, MaximumWithdraw) VALUES (545, 400);
INSERT INTO Deposit(AccountAccountID, DepositDate, Amount) VALUES (545, TO_DATE('26-3-2006','DD-MM-YYYY'),138121);
INSERT INTO Withdraw(CurrentAccountAccountID, WithdrawDate, Amount) VALUES (545, TO_DATE('26-3-2006','DD-MM-YYYY'), 34530.25);
INSERT INTO Account(CostumerCostumerID, BranchBranchID, Amount, BeginDate, EndDate) VALUES (271, 954, 69060.5, TO_DATE('26-3-2006','DD-MM-YYYY'), NULL);
INSERT INTO SavingsAccount(AccountAccountID, InterestRate, DurationYears) VALUES (546, 0.05, 4);
INSERT INTO Transfer(AccountAccountIDFrom, AccountAccountIDTo, TransferDate, Amount) VALUES (545, 546, TO_DATE('26-3-2006','DD-MM-YYYY'), 69060.5);
INSERT INTO Person(GovID,Name, PhoneNumber, Email, Address, Birthday, Nationality) VALUES (1111121399,'Krisztina eco','900010288', 'Krisztina_eco67@sapo.pt', 'Steiu, Romania', TO_DATE('13-12-1977','DD-MM-YYYY'), 'Romania');
INSERT INTO Costumer(PersonGovID) VALUES (1111121399);
INSERT INTO Account(CostumerCostumerID, BranchBranchID, Amount, BeginDate, EndDate) VALUES (272, 277, 35114.25, TO_DATE('20-5-2005','DD-MM-YYYY'), NULL);
INSERT INTO CurrentAccount(AccountAccountID, MaximumWithdraw) VALUES (547, 400);
INSERT INTO Deposit(AccountAccountID, DepositDate, Amount) VALUES (547, TO_DATE('20-5-2005','DD-MM-YYYY'),140457);
INSERT INTO Withdraw(CurrentAccountAccountID, WithdrawDate, Amount) VALUES (547, TO_DATE('20-5-2005','DD-MM-YYYY'), 35114.25);
INSERT INTO Account(CostumerCostumerID, BranchBranchID, Amount, BeginDate, EndDate) VALUES (272, 277, 70228.5, TO_DATE('20-5-2005','DD-MM-YYYY'), NULL);
INSERT INTO SavingsAccount(AccountAccountID, InterestRate, DurationYears) VALUES (548, 0.05, 3);
INSERT INTO Transfer(AccountAccountIDFrom, AccountAccountIDTo, TransferDate, Amount) VALUES (547, 548, TO_DATE('20-5-2005','DD-MM-YYYY'), 70228.5);
INSERT INTO Person(GovID,Name, PhoneNumber, Email, Address, Birthday, Nationality) VALUES (1111121400,'Krum eco','900010289', 'Krum_eco10@sapo.pt', 'Leinfelden-Echterdingen, Germany', TO_DATE('10-2-1976','DD-MM-YYYY'), 'Germany');
INSERT INTO Costumer(PersonGovID) VALUES (1111121400);
INSERT INTO Account(CostumerCostumerID, BranchBranchID, Amount, BeginDate, EndDate) VALUES (273, 46, 82568.5, TO_DATE('3-7-2000','DD-MM-YYYY'), NULL);
INSERT INTO CurrentAccount(AccountAccountID, MaximumWithdraw) VALUES (549, 400);
INSERT INTO Deposit(AccountAccountID, DepositDate, Amount) VALUES (549, TO_DATE('3-7-2000','DD-MM-YYYY'),330274);
INSERT INTO Withdraw(CurrentAccountAccountID, WithdrawDate, Amount) VALUES (549, TO_DATE('3-7-2000','DD-MM-YYYY'), 82568.5);
INSERT INTO Account(CostumerCostumerID, BranchBranchID, Amount, BeginDate, EndDate) VALUES (273, 46, 165137.0, TO_DATE('3-7-2000','DD-MM-YYYY'), NULL);
INSERT INTO SavingsAccount(AccountAccountID, InterestRate, DurationYears) VALUES (550, 0.05, 8);
INSERT INTO Transfer(AccountAccountIDFrom, AccountAccountIDTo, TransferDate, Amount) VALUES (549, 550, TO_DATE('3-7-2000','DD-MM-YYYY'), 165137.0);
INSERT INTO Person(GovID,Name, PhoneNumber, Email, Address, Birthday, Nationality) VALUES (1111121401,'Krysta eco','900010290', 'Krysta_eco23@sapo.pt', 'Frosinone, Italy', TO_DATE('2-8-1985','DD-MM-YYYY'), 'Italy');
INSERT INTO Costumer(PersonGovID) VALUES (1111121401);
INSERT INTO Account(CostumerCostumerID, BranchBranchID, Amount, BeginDate, EndDate) VALUES (274, 163, 154741.5, TO_DATE('21-11-2000','DD-MM-YYYY'), NULL);
INSERT INTO CurrentAccount(AccountAccountID, MaximumWithdraw) VALUES (551, 400);
INSERT INTO Deposit(AccountAccountID, DepositDate, Amount) VALUES (551, TO_DATE('21-11-2000','DD-MM-YYYY'),618966);
INSERT INTO Withdraw(CurrentAccountAccountID, WithdrawDate, Amount) VALUES (551, TO_DATE('21-11-2000','DD-MM-YYYY'), 154741.5);
INSERT INTO Account(CostumerCostumerID, BranchBranchID, Amount, BeginDate, EndDate) VALUES (274, 163, 309483.0, TO_DATE('21-11-2000','DD-MM-YYYY'), NULL);
INSERT INTO SavingsAccount(AccountAccountID, InterestRate, DurationYears) VALUES (552, 0.05, 10);
INSERT INTO Transfer(AccountAccountIDFrom, AccountAccountIDTo, TransferDate, Amount) VALUES (551, 552, TO_DATE('21-11-2000','DD-MM-YYYY'), 309483.0);
INSERT INTO Person(GovID,Name, PhoneNumber, Email, Address, Birthday, Nationality) VALUES (1111121402,'Krystal eco','900010291', 'Krystal_eco91@sapo.pt', 'Auxerre, France', TO_DATE('28-6-1956','DD-MM-YYYY'), 'France');
INSERT INTO Costumer(PersonGovID) VALUES (1111121402);
INSERT INTO Account(CostumerCostumerID, BranchBranchID, Amount, BeginDate, EndDate) VALUES (275, 554, 153993.25, TO_DATE('2-11-2008','DD-MM-YYYY'), NULL);
INSERT INTO CurrentAccount(AccountAccountID, MaximumWithdraw) VALUES (553, 400);
INSERT INTO Deposit(AccountAccountID, DepositDate, Amount) VALUES (553, TO_DATE('2-11-2008','DD-MM-YYYY'),615973);
INSERT INTO Withdraw(CurrentAccountAccountID, WithdrawDate, Amount) VALUES (553, TO_DATE('2-11-2008','DD-MM-YYYY'), 153993.25);
INSERT INTO Account(CostumerCostumerID, BranchBranchID, Amount, BeginDate, EndDate) VALUES (275, 554, 307986.5, TO_DATE('2-11-2008','DD-MM-YYYY'), NULL);
INSERT INTO SavingsAccount(AccountAccountID, InterestRate, DurationYears) VALUES (554, 0.05, 5);
INSERT INTO Transfer(AccountAccountIDFrom, AccountAccountIDTo, TransferDate, Amount) VALUES (553, 554, TO_DATE('2-11-2008','DD-MM-YYYY'), 307986.5);
INSERT INTO Person(GovID,Name, PhoneNumber, Email, Address, Birthday, Nationality) VALUES (1111121403,'Krystel eco','900010292', 'Krystel_eco79@sapo.pt', 'Girona, Spain', TO_DATE('17-6-1988','DD-MM-YYYY'), 'Spain');
INSERT INTO Costumer(PersonGovID) VALUES (1111121403);
INSERT INTO Account(CostumerCostumerID, BranchBranchID, Amount, BeginDate, EndDate) VALUES (276, 1, 18459.25, TO_DATE('26-10-2017','DD-MM-YYYY'), NULL);
INSERT INTO CurrentAccount(AccountAccountID, MaximumWithdraw) VALUES (555, 400);
INSERT INTO Deposit(AccountAccountID, DepositDate, Amount) VALUES (555, TO_DATE('26-10-2017','DD-MM-YYYY'),73837);
INSERT INTO Withdraw(CurrentAccountAccountID, WithdrawDate, Amount) VALUES (555, TO_DATE('26-10-2017','DD-MM-YYYY'), 18459.25);
INSERT INTO Account(CostumerCostumerID, BranchBranchID, Amount, BeginDate, EndDate) VALUES (276, 1, 36918.5, TO_DATE('26-10-2017','DD-MM-YYYY'), NULL);
INSERT INTO SavingsAccount(AccountAccountID, InterestRate, DurationYears) VALUES (556, 0.05, 4);
INSERT INTO Transfer(AccountAccountIDFrom, AccountAccountIDTo, TransferDate, Amount) VALUES (555, 556, TO_DATE('26-10-2017','DD-MM-YYYY'), 36918.5);
INSERT INTO Person(GovID,Name, PhoneNumber, Email, Address, Birthday, Nationality) VALUES (1111121404,'Krysten eco','900010293', 'Krysten_eco52@sapo.pt', 'Ludwigsburg, Germany', TO_DATE('25-4-1968','DD-MM-YYYY'), 'Germany');
INSERT INTO Costumer(PersonGovID) VALUES (1111121404);
INSERT INTO Account(CostumerCostumerID, BranchBranchID, Amount, BeginDate, EndDate) VALUES (277, 214, 68402.5, TO_DATE('19-2-2014','DD-MM-YYYY'), NULL);
INSERT INTO CurrentAccount(AccountAccountID, MaximumWithdraw) VALUES (557, 400);
INSERT INTO Deposit(AccountAccountID, DepositDate, Amount) VALUES (557, TO_DATE('19-2-2014','DD-MM-YYYY'),273610);
INSERT INTO Withdraw(CurrentAccountAccountID, WithdrawDate, Amount) VALUES (557, TO_DATE('19-2-2014','DD-MM-YYYY'), 68402.5);
INSERT INTO Account(CostumerCostumerID, BranchBranchID, Amount, BeginDate, EndDate) VALUES (277, 214, 136805.0, TO_DATE('19-2-2014','DD-MM-YYYY'), NULL);
INSERT INTO SavingsAccount(AccountAccountID, InterestRate, DurationYears) VALUES (558, 0.05, 9);
INSERT INTO Transfer(AccountAccountIDFrom, AccountAccountIDTo, TransferDate, Amount) VALUES (557, 558, TO_DATE('19-2-2014','DD-MM-YYYY'), 136805.0);
INSERT INTO Person(GovID,Name, PhoneNumber, Email, Address, Birthday, Nationality) VALUES (1111121405,'Krystian eco','900010294', 'Krystian_eco82@sapo.pt', 'Dormagen, Germany', TO_DATE('27-12-1969','DD-MM-YYYY'), 'Germany');
INSERT INTO Costumer(PersonGovID) VALUES (1111121405);
INSERT INTO Account(CostumerCostumerID, BranchBranchID, Amount, BeginDate, EndDate) VALUES (278, 675, 173580.75, TO_DATE('23-1-2009','DD-MM-YYYY'), NULL);
INSERT INTO CurrentAccount(AccountAccountID, MaximumWithdraw) VALUES (559, 400);
INSERT INTO Deposit(AccountAccountID, DepositDate, Amount) VALUES (559, TO_DATE('23-1-2009','DD-MM-YYYY'),694323);
INSERT INTO Withdraw(CurrentAccountAccountID, WithdrawDate, Amount) VALUES (559, TO_DATE('23-1-2009','DD-MM-YYYY'), 173580.75);
INSERT INTO Account(CostumerCostumerID, BranchBranchID, Amount, BeginDate, EndDate) VALUES (278, 675, 347161.5, TO_DATE('23-1-2009','DD-MM-YYYY'), NULL);
INSERT INTO SavingsAccount(AccountAccountID, InterestRate, DurationYears) VALUES (560, 0.05, 7);
INSERT INTO Transfer(AccountAccountIDFrom, AccountAccountIDTo, TransferDate, Amount) VALUES (559, 560, TO_DATE('23-1-2009','DD-MM-YYYY'), 347161.5);
INSERT INTO Person(GovID,Name, PhoneNumber, Email, Address, Birthday, Nationality) VALUES (1111121406,'Krystin eco','900010295', 'Krystin_eco98@sapo.pt', 'Nidda, Germany', TO_DATE('6-10-2007','DD-MM-YYYY'), 'Germany');
INSERT INTO Costumer(PersonGovID) VALUES (1111121406);
INSERT INTO Account(CostumerCostumerID, BranchBranchID, Amount, BeginDate, EndDate) VALUES (279, 1239, 184920.5, TO_DATE('26-5-2011','DD-MM-YYYY'), NULL);
INSERT INTO CurrentAccount(AccountAccountID, MaximumWithdraw) VALUES (561, 400);
INSERT INTO Deposit(AccountAccountID, DepositDate, Amount) VALUES (561, TO_DATE('26-5-2011','DD-MM-YYYY'),739682);
INSERT INTO Withdraw(CurrentAccountAccountID, WithdrawDate, Amount) VALUES (561, TO_DATE('26-5-2011','DD-MM-YYYY'), 184920.5);
INSERT INTO Account(CostumerCostumerID, BranchBranchID, Amount, BeginDate, EndDate) VALUES (279, 1239, 369841.0, TO_DATE('26-5-2011','DD-MM-YYYY'), NULL);
INSERT INTO SavingsAccount(AccountAccountID, InterestRate, DurationYears) VALUES (562, 0.05, 3);
INSERT INTO Transfer(AccountAccountIDFrom, AccountAccountIDTo, TransferDate, Amount) VALUES (561, 562, TO_DATE('26-5-2011','DD-MM-YYYY'), 369841.0);
INSERT INTO Person(GovID,Name, PhoneNumber, Email, Address, Birthday, Nationality) VALUES (1111121407,'Krystina eco','900010296', 'Krystina_eco14@sapo.pt', 'Budingen, Germany', TO_DATE('18-1-1968','DD-MM-YYYY'), 'Germany');
INSERT INTO Costumer(PersonGovID) VALUES (1111121407);
INSERT INTO Account(CostumerCostumerID, BranchBranchID, Amount, BeginDate, EndDate) VALUES (280, 526, 83894.25, TO_DATE('19-5-2015','DD-MM-YYYY'), NULL);
INSERT INTO CurrentAccount(AccountAccountID, MaximumWithdraw) VALUES (563, 400);
INSERT INTO Deposit(AccountAccountID, DepositDate, Amount) VALUES (563, TO_DATE('19-5-2015','DD-MM-YYYY'),335577);
INSERT INTO Withdraw(CurrentAccountAccountID, WithdrawDate, Amount) VALUES (563, TO_DATE('19-5-2015','DD-MM-YYYY'), 83894.25);
INSERT INTO Account(CostumerCostumerID, BranchBranchID, Amount, BeginDate, EndDate) VALUES (280, 526, 167788.5, TO_DATE('19-5-2015','DD-MM-YYYY'), NULL);
INSERT INTO SavingsAccount(AccountAccountID, InterestRate, DurationYears) VALUES (564, 0.05, 9);
INSERT INTO Transfer(AccountAccountIDFrom, AccountAccountIDTo, TransferDate, Amount) VALUES (563, 564, TO_DATE('19-5-2015','DD-MM-YYYY'), 167788.5);
INSERT INTO Person(GovID,Name, PhoneNumber, Email, Address, Birthday, Nationality) VALUES (1111121408,'Krystle eco','900010297', 'Krystle_eco98@sapo.pt', 'Rethymno, Greece', TO_DATE('14-9-1957','DD-MM-YYYY'), 'Greece');
INSERT INTO Costumer(PersonGovID) VALUES (1111121408);
INSERT INTO Account(CostumerCostumerID, BranchBranchID, Amount, BeginDate, EndDate) VALUES (281, 975, 12919.75, TO_DATE('22-4-2004','DD-MM-YYYY'), NULL);
INSERT INTO CurrentAccount(AccountAccountID, MaximumWithdraw) VALUES (565, 400);
INSERT INTO Deposit(AccountAccountID, DepositDate, Amount) VALUES (565, TO_DATE('22-4-2004','DD-MM-YYYY'),51679);
INSERT INTO Withdraw(CurrentAccountAccountID, WithdrawDate, Amount) VALUES (565, TO_DATE('22-4-2004','DD-MM-YYYY'), 12919.75);
INSERT INTO Account(CostumerCostumerID, BranchBranchID, Amount, BeginDate, EndDate) VALUES (281, 975, 25839.5, TO_DATE('22-4-2004','DD-MM-YYYY'), NULL);
INSERT INTO SavingsAccount(AccountAccountID, InterestRate, DurationYears) VALUES (566, 0.05, 4);
INSERT INTO Transfer(AccountAccountIDFrom, AccountAccountIDTo, TransferDate, Amount) VALUES (565, 566, TO_DATE('22-4-2004','DD-MM-YYYY'), 25839.5);
INSERT INTO Person(GovID,Name, PhoneNumber, Email, Address, Birthday, Nationality) VALUES (1111121409,'Krystyna eco','900010298', 'Krystyna_eco37@sapo.pt', 'Kremsmnster, Austria', TO_DATE('18-4-1962','DD-MM-YYYY'), 'Austria');
INSERT INTO Costumer(PersonGovID) VALUES (1111121409);
INSERT INTO Account(CostumerCostumerID, BranchBranchID, Amount, BeginDate, EndDate) VALUES (282, 1003, 243856.75, TO_DATE('21-2-2000','DD-MM-YYYY'), NULL);
INSERT INTO CurrentAccount(AccountAccountID, MaximumWithdraw) VALUES (567, 400);
INSERT INTO Deposit(AccountAccountID, DepositDate, Amount) VALUES (567, TO_DATE('21-2-2000','DD-MM-YYYY'),975427);
INSERT INTO Withdraw(CurrentAccountAccountID, WithdrawDate, Amount) VALUES (567, TO_DATE('21-2-2000','DD-MM-YYYY'), 243856.75);
INSERT INTO Account(CostumerCostumerID, BranchBranchID, Amount, BeginDate, EndDate) VALUES (282, 1003, 487713.5, TO_DATE('21-2-2000','DD-MM-YYYY'), NULL);
INSERT INTO SavingsAccount(AccountAccountID, InterestRate, DurationYears) VALUES (568, 0.05, 8);
INSERT INTO Transfer(AccountAccountIDFrom, AccountAccountIDTo, TransferDate, Amount) VALUES (567, 568, TO_DATE('21-2-2000','DD-MM-YYYY'), 487713.5);
INSERT INTO Person(GovID,Name, PhoneNumber, Email, Address, Birthday, Nationality) VALUES (1111121410,'Krzystof eco','900010299', 'Krzystof_eco16@sapo.pt', 'Innsbruck, Austria', TO_DATE('24-1-1979','DD-MM-YYYY'), 'Austria');
INSERT INTO Costumer(PersonGovID) VALUES (1111121410);
INSERT INTO Account(CostumerCostumerID, BranchBranchID, Amount, BeginDate, EndDate) VALUES (283, 851, 49189.0, TO_DATE('23-8-2016','DD-MM-YYYY'), NULL);
INSERT INTO CurrentAccount(AccountAccountID, MaximumWithdraw) VALUES (569, 400);
INSERT INTO Deposit(AccountAccountID, DepositDate, Amount) VALUES (569, TO_DATE('23-8-2016','DD-MM-YYYY'),196756);
INSERT INTO Withdraw(CurrentAccountAccountID, WithdrawDate, Amount) VALUES (569, TO_DATE('23-8-2016','DD-MM-YYYY'), 49189.0);
INSERT INTO Account(CostumerCostumerID, BranchBranchID, Amount, BeginDate, EndDate) VALUES (283, 851, 98378.0, TO_DATE('23-8-2016','DD-MM-YYYY'), NULL);
INSERT INTO SavingsAccount(AccountAccountID, InterestRate, DurationYears) VALUES (570, 0.05, 3);
INSERT INTO Transfer(AccountAccountIDFrom, AccountAccountIDTo, TransferDate, Amount) VALUES (569, 570, TO_DATE('23-8-2016','DD-MM-YYYY'), 98378.0);
INSERT INTO Person(GovID,Name, PhoneNumber, Email, Address, Birthday, Nationality) VALUES (1111121411,'Krzysztof eco','900010300', 'Krzysztof_eco8@sapo.pt', 'Leuven, Belgium', TO_DATE('14-9-2007','DD-MM-YYYY'), 'Belgium');
INSERT INTO Costumer(PersonGovID) VALUES (1111121411);
INSERT INTO Account(CostumerCostumerID, BranchBranchID, Amount, BeginDate, EndDate) VALUES (284, 1077, 114052.0, TO_DATE('10-12-2018','DD-MM-YYYY'), NULL);
INSERT INTO CurrentAccount(AccountAccountID, MaximumWithdraw) VALUES (571, 400);
INSERT INTO Deposit(AccountAccountID, DepositDate, Amount) VALUES (571, TO_DATE('10-12-2018','DD-MM-YYYY'),456208);
INSERT INTO Withdraw(CurrentAccountAccountID, WithdrawDate, Amount) VALUES (571, TO_DATE('10-12-2018','DD-MM-YYYY'), 114052.0);
INSERT INTO Account(CostumerCostumerID, BranchBranchID, Amount, BeginDate, EndDate) VALUES (284, 1077, 228104.0, TO_DATE('10-12-2018','DD-MM-YYYY'), NULL);
INSERT INTO SavingsAccount(AccountAccountID, InterestRate, DurationYears) VALUES (572, 0.05, 8);
INSERT INTO Transfer(AccountAccountIDFrom, AccountAccountIDTo, TransferDate, Amount) VALUES (571, 572, TO_DATE('10-12-2018','DD-MM-YYYY'), 228104.0);
INSERT INTO Person(GovID,Name, PhoneNumber, Email, Address, Birthday, Nationality) VALUES (1111121412,'Ksenia eco','900010301', 'Ksenia_eco38@sapo.pt', 'Alcal De Henares, Spain', TO_DATE('27-12-1976','DD-MM-YYYY'), 'Spain');
INSERT INTO Costumer(PersonGovID) VALUES (1111121412);
INSERT INTO Account(CostumerCostumerID, BranchBranchID, Amount, BeginDate, EndDate) VALUES (285, 547, 141073.25, TO_DATE('6-10-2014','DD-MM-YYYY'), NULL);
INSERT INTO CurrentAccount(AccountAccountID, MaximumWithdraw) VALUES (573, 400);
INSERT INTO Deposit(AccountAccountID, DepositDate, Amount) VALUES (573, TO_DATE('6-10-2014','DD-MM-YYYY'),564293);
INSERT INTO Withdraw(CurrentAccountAccountID, WithdrawDate, Amount) VALUES (573, TO_DATE('6-10-2014','DD-MM-YYYY'), 141073.25);
INSERT INTO Account(CostumerCostumerID, BranchBranchID, Amount, BeginDate, EndDate) VALUES (285, 547, 282146.5, TO_DATE('6-10-2014','DD-MM-YYYY'), NULL);
INSERT INTO SavingsAccount(AccountAccountID, InterestRate, DurationYears) VALUES (574, 0.05, 6);
INSERT INTO Transfer(AccountAccountIDFrom, AccountAccountIDTo, TransferDate, Amount) VALUES (573, 574, TO_DATE('6-10-2014','DD-MM-YYYY'), 282146.5);
INSERT INTO Person(GovID,Name, PhoneNumber, Email, Address, Birthday, Nationality) VALUES (1111121413,'Kseniia eco','900010302', 'Kseniia_eco81@sapo.pt', 'Terni, Italy', TO_DATE('8-2-1979','DD-MM-YYYY'), 'Italy');
INSERT INTO Costumer(PersonGovID) VALUES (1111121413);
INSERT INTO Account(CostumerCostumerID, BranchBranchID, Amount, BeginDate, EndDate) VALUES (286, 1057, 207071.5, TO_DATE('11-10-2014','DD-MM-YYYY'), NULL);
INSERT INTO CurrentAccount(AccountAccountID, MaximumWithdraw) VALUES (575, 400);
INSERT INTO Deposit(AccountAccountID, DepositDate, Amount) VALUES (575, TO_DATE('11-10-2014','DD-MM-YYYY'),828286);
INSERT INTO Withdraw(CurrentAccountAccountID, WithdrawDate, Amount) VALUES (575, TO_DATE('11-10-2014','DD-MM-YYYY'), 207071.5);
INSERT INTO Account(CostumerCostumerID, BranchBranchID, Amount, BeginDate, EndDate) VALUES (286, 1057, 414143.0, TO_DATE('11-10-2014','DD-MM-YYYY'), NULL);
INSERT INTO SavingsAccount(AccountAccountID, InterestRate, DurationYears) VALUES (576, 0.05, 4);
INSERT INTO Transfer(AccountAccountIDFrom, AccountAccountIDTo, TransferDate, Amount) VALUES (575, 576, TO_DATE('11-10-2014','DD-MM-YYYY'), 414143.0);
INSERT INTO Person(GovID,Name, PhoneNumber, Email, Address, Birthday, Nationality) VALUES (1111121414,'Ksenija eco','900010303', 'Ksenija_eco63@sapo.pt', 'Billom, France', TO_DATE('19-12-2000','DD-MM-YYYY'), 'France');
INSERT INTO Costumer(PersonGovID) VALUES (1111121414);
INSERT INTO Account(CostumerCostumerID, BranchBranchID, Amount, BeginDate, EndDate) VALUES (287, 953, 102886.0, TO_DATE('6-7-2014','DD-MM-YYYY'), NULL);
INSERT INTO CurrentAccount(AccountAccountID, MaximumWithdraw) VALUES (577, 400);
INSERT INTO Deposit(AccountAccountID, DepositDate, Amount) VALUES (577, TO_DATE('6-7-2014','DD-MM-YYYY'),411544);
INSERT INTO Withdraw(CurrentAccountAccountID, WithdrawDate, Amount) VALUES (577, TO_DATE('6-7-2014','DD-MM-YYYY'), 102886.0);
INSERT INTO Account(CostumerCostumerID, BranchBranchID, Amount, BeginDate, EndDate) VALUES (287, 953, 205772.0, TO_DATE('6-7-2014','DD-MM-YYYY'), NULL);
INSERT INTO SavingsAccount(AccountAccountID, InterestRate, DurationYears) VALUES (578, 0.05, 7);
INSERT INTO Transfer(AccountAccountIDFrom, AccountAccountIDTo, TransferDate, Amount) VALUES (577, 578, TO_DATE('6-7-2014','DD-MM-YYYY'), 205772.0);
INSERT INTO Person(GovID,Name, PhoneNumber, Email, Address, Birthday, Nationality) VALUES (1111121415,'Kseniya eco','900010304', 'Kseniya_eco19@sapo.pt', 'Caldas Da Rainha, Portugal', TO_DATE('28-5-1972','DD-MM-YYYY'), 'Portugal');
INSERT INTO Costumer(PersonGovID) VALUES (1111121415);
INSERT INTO Account(CostumerCostumerID, BranchBranchID, Amount, BeginDate, EndDate) VALUES (288, 1187, 88062.5, TO_DATE('6-10-2012','DD-MM-YYYY'), NULL);
INSERT INTO CurrentAccount(AccountAccountID, MaximumWithdraw) VALUES (579, 400);
INSERT INTO Deposit(AccountAccountID, DepositDate, Amount) VALUES (579, TO_DATE('6-10-2012','DD-MM-YYYY'),352250);
INSERT INTO Withdraw(CurrentAccountAccountID, WithdrawDate, Amount) VALUES (579, TO_DATE('6-10-2012','DD-MM-YYYY'), 88062.5);
INSERT INTO Account(CostumerCostumerID, BranchBranchID, Amount, BeginDate, EndDate) VALUES (288, 1187, 176125.0, TO_DATE('6-10-2012','DD-MM-YYYY'), NULL);
INSERT INTO SavingsAccount(AccountAccountID, InterestRate, DurationYears) VALUES (580, 0.05, 8);
INSERT INTO Transfer(AccountAccountIDFrom, AccountAccountIDTo, TransferDate, Amount) VALUES (579, 580, TO_DATE('6-10-2012','DD-MM-YYYY'), 176125.0);
INSERT INTO Person(GovID,Name, PhoneNumber, Email, Address, Birthday, Nationality) VALUES (1111121416,'Kuldeep eco','900010305', 'Kuldeep_eco74@sapo.pt', 'Brake, Germany', TO_DATE('24-12-2008','DD-MM-YYYY'), 'Germany');
INSERT INTO Costumer(PersonGovID) VALUES (1111121416);
INSERT INTO Account(CostumerCostumerID, BranchBranchID, Amount, BeginDate, EndDate) VALUES (289, 51, 67443.25, TO_DATE('8-6-2018','DD-MM-YYYY'), NULL);
INSERT INTO CurrentAccount(AccountAccountID, MaximumWithdraw) VALUES (581, 400);
INSERT INTO Deposit(AccountAccountID, DepositDate, Amount) VALUES (581, TO_DATE('8-6-2018','DD-MM-YYYY'),269773);
INSERT INTO Withdraw(CurrentAccountAccountID, WithdrawDate, Amount) VALUES (581, TO_DATE('8-6-2018','DD-MM-YYYY'), 67443.25);
INSERT INTO Account(CostumerCostumerID, BranchBranchID, Amount, BeginDate, EndDate) VALUES (289, 51, 134886.5, TO_DATE('8-6-2018','DD-MM-YYYY'), NULL);
INSERT INTO SavingsAccount(AccountAccountID, InterestRate, DurationYears) VALUES (582, 0.05, 3);
INSERT INTO Transfer(AccountAccountIDFrom, AccountAccountIDTo, TransferDate, Amount) VALUES (581, 582, TO_DATE('8-6-2018','DD-MM-YYYY'), 134886.5);
INSERT INTO Person(GovID,Name, PhoneNumber, Email, Address, Birthday, Nationality) VALUES (1111121417,'Kuldip eco','900010306', 'Kuldip_eco64@sapo.pt', 'Zwickau, Germany', TO_DATE('2-10-1961','DD-MM-YYYY'), 'Germany');
INSERT INTO Costumer(PersonGovID) VALUES (1111121417);
INSERT INTO Account(CostumerCostumerID, BranchBranchID, Amount, BeginDate, EndDate) VALUES (290, 169, 123944.25, TO_DATE('20-2-2009','DD-MM-YYYY'), NULL);
INSERT INTO CurrentAccount(AccountAccountID, MaximumWithdraw) VALUES (583, 400);
INSERT INTO Deposit(AccountAccountID, DepositDate, Amount) VALUES (583, TO_DATE('20-2-2009','DD-MM-YYYY'),495777);
INSERT INTO Withdraw(CurrentAccountAccountID, WithdrawDate, Amount) VALUES (583, TO_DATE('20-2-2009','DD-MM-YYYY'), 123944.25);
INSERT INTO Account(CostumerCostumerID, BranchBranchID, Amount, BeginDate, EndDate) VALUES (290, 169, 247888.5, TO_DATE('20-2-2009','DD-MM-YYYY'), NULL);
INSERT INTO SavingsAccount(AccountAccountID, InterestRate, DurationYears) VALUES (584, 0.05, 10);
INSERT INTO Transfer(AccountAccountIDFrom, AccountAccountIDTo, TransferDate, Amount) VALUES (583, 584, TO_DATE('20-2-2009','DD-MM-YYYY'), 247888.5);
INSERT INTO Person(GovID,Name, PhoneNumber, Email, Address, Birthday, Nationality) VALUES (1111121418,'Kuljit eco','900010307', 'Kuljit_eco99@sapo.pt', 'Premi de Dalt, Spain', TO_DATE('22-6-2002','DD-MM-YYYY'), 'Spain');
INSERT INTO Costumer(PersonGovID) VALUES (1111121418);
INSERT INTO Account(CostumerCostumerID, BranchBranchID, Amount, BeginDate, EndDate) VALUES (291, 463, 73521.5, TO_DATE('10-3-2012','DD-MM-YYYY'), NULL);
INSERT INTO CurrentAccount(AccountAccountID, MaximumWithdraw) VALUES (585, 400);
INSERT INTO Deposit(AccountAccountID, DepositDate, Amount) VALUES (585, TO_DATE('10-3-2012','DD-MM-YYYY'),294086);
INSERT INTO Withdraw(CurrentAccountAccountID, WithdrawDate, Amount) VALUES (585, TO_DATE('10-3-2012','DD-MM-YYYY'), 73521.5);
INSERT INTO Account(CostumerCostumerID, BranchBranchID, Amount, BeginDate, EndDate) VALUES (291, 463, 147043.0, TO_DATE('10-3-2012','DD-MM-YYYY'), NULL);
INSERT INTO SavingsAccount(AccountAccountID, InterestRate, DurationYears) VALUES (586, 0.05, 7);
INSERT INTO Transfer(AccountAccountIDFrom, AccountAccountIDTo, TransferDate, Amount) VALUES (585, 586, TO_DATE('10-3-2012','DD-MM-YYYY'), 147043.0);
INSERT INTO Person(GovID,Name, PhoneNumber, Email, Address, Birthday, Nationality) VALUES (1111121419,'Kulvir eco','900010308', 'Kulvir_eco30@sapo.pt', 'Brandenburg, Germany', TO_DATE('2-11-1981','DD-MM-YYYY'), 'Germany');
INSERT INTO Costumer(PersonGovID) VALUES (1111121419);
INSERT INTO Account(CostumerCostumerID, BranchBranchID, Amount, BeginDate, EndDate) VALUES (292, 1190, 109815.75, TO_DATE('4-4-2009','DD-MM-YYYY'), NULL);
INSERT INTO CurrentAccount(AccountAccountID, MaximumWithdraw) VALUES (587, 400);
INSERT INTO Deposit(AccountAccountID, DepositDate, Amount) VALUES (587, TO_DATE('4-4-2009','DD-MM-YYYY'),439263);
INSERT INTO Withdraw(CurrentAccountAccountID, WithdrawDate, Amount) VALUES (587, TO_DATE('4-4-2009','DD-MM-YYYY'), 109815.75);
INSERT INTO Account(CostumerCostumerID, BranchBranchID, Amount, BeginDate, EndDate) VALUES (292, 1190, 219631.5, TO_DATE('4-4-2009','DD-MM-YYYY'), NULL);
INSERT INTO SavingsAccount(AccountAccountID, InterestRate, DurationYears) VALUES (588, 0.05, 6);
INSERT INTO Transfer(AccountAccountIDFrom, AccountAccountIDTo, TransferDate, Amount) VALUES (587, 588, TO_DATE('4-4-2009','DD-MM-YYYY'), 219631.5);
INSERT INTO Person(GovID,Name, PhoneNumber, Email, Address, Birthday, Nationality) VALUES (1111121420,'Kulwant eco','900010309', 'Kulwant_eco69@sapo.pt', 'Darmstadt, Germany', TO_DATE('1-3-1981','DD-MM-YYYY'), 'Germany');
INSERT INTO Costumer(PersonGovID) VALUES (1111121420);
INSERT INTO Account(CostumerCostumerID, BranchBranchID, Amount, BeginDate, EndDate) VALUES (293, 840, 201501.0, TO_DATE('2-9-2010','DD-MM-YYYY'), NULL);
INSERT INTO CurrentAccount(AccountAccountID, MaximumWithdraw) VALUES (589, 400);
INSERT INTO Deposit(AccountAccountID, DepositDate, Amount) VALUES (589, TO_DATE('2-9-2010','DD-MM-YYYY'),806004);
INSERT INTO Withdraw(CurrentAccountAccountID, WithdrawDate, Amount) VALUES (589, TO_DATE('2-9-2010','DD-MM-YYYY'), 201501.0);
INSERT INTO Account(CostumerCostumerID, BranchBranchID, Amount, BeginDate, EndDate) VALUES (293, 840, 403002.0, TO_DATE('2-9-2010','DD-MM-YYYY'), NULL);
INSERT INTO SavingsAccount(AccountAccountID, InterestRate, DurationYears) VALUES (590, 0.05, 10);
INSERT INTO Transfer(AccountAccountIDFrom, AccountAccountIDTo, TransferDate, Amount) VALUES (589, 590, TO_DATE('2-9-2010','DD-MM-YYYY'), 403002.0);
INSERT INTO Person(GovID,Name, PhoneNumber, Email, Address, Birthday, Nationality) VALUES (1111121421,'Kulwinder eco','900010310', 'Kulwinder_eco96@sapo.pt', 'Trieste, Italy', TO_DATE('9-12-1954','DD-MM-YYYY'), 'Italy');
INSERT INTO Costumer(PersonGovID) VALUES (1111121421);
INSERT INTO Account(CostumerCostumerID, BranchBranchID, Amount, BeginDate, EndDate) VALUES (294, 996, 195611.75, TO_DATE('20-9-2009','DD-MM-YYYY'), NULL);
INSERT INTO CurrentAccount(AccountAccountID, MaximumWithdraw) VALUES (591, 400);
INSERT INTO Deposit(AccountAccountID, DepositDate, Amount) VALUES (591, TO_DATE('20-9-2009','DD-MM-YYYY'),782447);
INSERT INTO Withdraw(CurrentAccountAccountID, WithdrawDate, Amount) VALUES (591, TO_DATE('20-9-2009','DD-MM-YYYY'), 195611.75);
INSERT INTO Account(CostumerCostumerID, BranchBranchID, Amount, BeginDate, EndDate) VALUES (294, 996, 391223.5, TO_DATE('20-9-2009','DD-MM-YYYY'), NULL);
INSERT INTO SavingsAccount(AccountAccountID, InterestRate, DurationYears) VALUES (592, 0.05, 10);
INSERT INTO Transfer(AccountAccountIDFrom, AccountAccountIDTo, TransferDate, Amount) VALUES (591, 592, TO_DATE('20-9-2009','DD-MM-YYYY'), 391223.5);
INSERT INTO Person(GovID,Name, PhoneNumber, Email, Address, Birthday, Nationality) VALUES (1111121422,'Kum eco','900010311', 'Kum_eco11@sapo.pt', 'Fermo, Italy', TO_DATE('26-9-1989','DD-MM-YYYY'), 'Italy');
INSERT INTO Costumer(PersonGovID) VALUES (1111121422);
INSERT INTO Account(CostumerCostumerID, BranchBranchID, Amount, BeginDate, EndDate) VALUES (295, 808, 41298.75, TO_DATE('24-12-2000','DD-MM-YYYY'), NULL);
INSERT INTO CurrentAccount(AccountAccountID, MaximumWithdraw) VALUES (593, 400);
INSERT INTO Deposit(AccountAccountID, DepositDate, Amount) VALUES (593, TO_DATE('24-12-2000','DD-MM-YYYY'),165195);
INSERT INTO Withdraw(CurrentAccountAccountID, WithdrawDate, Amount) VALUES (593, TO_DATE('24-12-2000','DD-MM-YYYY'), 41298.75);
INSERT INTO Account(CostumerCostumerID, BranchBranchID, Amount, BeginDate, EndDate) VALUES (295, 808, 82597.5, TO_DATE('24-12-2000','DD-MM-YYYY'), NULL);
INSERT INTO SavingsAccount(AccountAccountID, InterestRate, DurationYears) VALUES (594, 0.05, 3);
INSERT INTO Transfer(AccountAccountIDFrom, AccountAccountIDTo, TransferDate, Amount) VALUES (593, 594, TO_DATE('24-12-2000','DD-MM-YYYY'), 82597.5);
INSERT INTO Person(GovID,Name, PhoneNumber, Email, Address, Birthday, Nationality) VALUES (1111121423,'Kumar eco','900010312', 'Kumar_eco15@sapo.pt', 'Pontevedra, Spain', TO_DATE('23-1-1958','DD-MM-YYYY'), 'Spain');
INSERT INTO Costumer(PersonGovID) VALUES (1111121423);
INSERT INTO Account(CostumerCostumerID, BranchBranchID, Amount, BeginDate, EndDate) VALUES (296, 755, 184755.0, TO_DATE('11-5-2005','DD-MM-YYYY'), NULL);
INSERT INTO CurrentAccount(AccountAccountID, MaximumWithdraw) VALUES (595, 400);
INSERT INTO Deposit(AccountAccountID, DepositDate, Amount) VALUES (595, TO_DATE('11-5-2005','DD-MM-YYYY'),739020);
INSERT INTO Withdraw(CurrentAccountAccountID, WithdrawDate, Amount) VALUES (595, TO_DATE('11-5-2005','DD-MM-YYYY'), 184755.0);
INSERT INTO Account(CostumerCostumerID, BranchBranchID, Amount, BeginDate, EndDate) VALUES (296, 755, 369510.0, TO_DATE('11-5-2005','DD-MM-YYYY'), NULL);
INSERT INTO SavingsAccount(AccountAccountID, InterestRate, DurationYears) VALUES (596, 0.05, 6);
INSERT INTO Transfer(AccountAccountIDFrom, AccountAccountIDTo, TransferDate, Amount) VALUES (595, 596, TO_DATE('11-5-2005','DD-MM-YYYY'), 369510.0);
INSERT INTO Person(GovID,Name, PhoneNumber, Email, Address, Birthday, Nationality) VALUES (1111121424,'Kumba eco','900010313', 'Kumba_eco40@sapo.pt', 'Faro, Portugal', TO_DATE('27-10-1987','DD-MM-YYYY'), 'Portugal');
INSERT INTO Costumer(PersonGovID) VALUES (1111121424);
INSERT INTO Account(CostumerCostumerID, BranchBranchID, Amount, BeginDate, EndDate) VALUES (297, 1014, 55713.25, TO_DATE('2-6-2007','DD-MM-YYYY'), NULL);
INSERT INTO CurrentAccount(AccountAccountID, MaximumWithdraw) VALUES (597, 400);
INSERT INTO Deposit(AccountAccountID, DepositDate, Amount) VALUES (597, TO_DATE('2-6-2007','DD-MM-YYYY'),222853);
INSERT INTO Withdraw(CurrentAccountAccountID, WithdrawDate, Amount) VALUES (597, TO_DATE('2-6-2007','DD-MM-YYYY'), 55713.25);
INSERT INTO Account(CostumerCostumerID, BranchBranchID, Amount, BeginDate, EndDate) VALUES (297, 1014, 111426.5, TO_DATE('2-6-2007','DD-MM-YYYY'), NULL);
INSERT INTO SavingsAccount(AccountAccountID, InterestRate, DurationYears) VALUES (598, 0.05, 7);
INSERT INTO Transfer(AccountAccountIDFrom, AccountAccountIDTo, TransferDate, Amount) VALUES (597, 598, TO_DATE('2-6-2007','DD-MM-YYYY'), 111426.5);
INSERT INTO Person(GovID,Name, PhoneNumber, Email, Address, Birthday, Nationality) VALUES (1111121425,'Kumiko eco','900010314', 'Kumiko_eco4@sapo.pt', 'Milano, Italy', TO_DATE('12-10-2002','DD-MM-YYYY'), 'Italy');
INSERT INTO Costumer(PersonGovID) VALUES (1111121425);
INSERT INTO Account(CostumerCostumerID, BranchBranchID, Amount, BeginDate, EndDate) VALUES (298, 205, 75311.75, TO_DATE('21-6-2003','DD-MM-YYYY'), NULL);
INSERT INTO CurrentAccount(AccountAccountID, MaximumWithdraw) VALUES (599, 400);
INSERT INTO Deposit(AccountAccountID, DepositDate, Amount) VALUES (599, TO_DATE('21-6-2003','DD-MM-YYYY'),301247);
INSERT INTO Withdraw(CurrentAccountAccountID, WithdrawDate, Amount) VALUES (599, TO_DATE('21-6-2003','DD-MM-YYYY'), 75311.75);
INSERT INTO Account(CostumerCostumerID, BranchBranchID, Amount, BeginDate, EndDate) VALUES (298, 205, 150623.5, TO_DATE('21-6-2003','DD-MM-YYYY'), NULL);
INSERT INTO SavingsAccount(AccountAccountID, InterestRate, DurationYears) VALUES (600, 0.05, 3);
INSERT INTO Transfer(AccountAccountIDFrom, AccountAccountIDTo, TransferDate, Amount) VALUES (599, 600, TO_DATE('21-6-2003','DD-MM-YYYY'), 150623.5);
INSERT INTO Person(GovID,Name, PhoneNumber, Email, Address, Birthday, Nationality) VALUES (1111121426,'Kun eco','900010315', 'Kun_eco83@sapo.pt', 'Peristrion, Greece', TO_DATE('7-3-1959','DD-MM-YYYY'), 'Greece');
INSERT INTO Costumer(PersonGovID) VALUES (1111121426);
INSERT INTO Account(CostumerCostumerID, BranchBranchID, Amount, BeginDate, EndDate) VALUES (299, 871, 164092.0, TO_DATE('4-1-2006','DD-MM-YYYY'), NULL);
INSERT INTO CurrentAccount(AccountAccountID, MaximumWithdraw) VALUES (601, 400);
INSERT INTO Deposit(AccountAccountID, DepositDate, Amount) VALUES (601, TO_DATE('4-1-2006','DD-MM-YYYY'),656368);
INSERT INTO Withdraw(CurrentAccountAccountID, WithdrawDate, Amount) VALUES (601, TO_DATE('4-1-2006','DD-MM-YYYY'), 164092.0);
INSERT INTO Account(CostumerCostumerID, BranchBranchID, Amount, BeginDate, EndDate) VALUES (299, 871, 328184.0, TO_DATE('4-1-2006','DD-MM-YYYY'), NULL);
INSERT INTO SavingsAccount(AccountAccountID, InterestRate, DurationYears) VALUES (602, 0.05, 3);
INSERT INTO Transfer(AccountAccountIDFrom, AccountAccountIDTo, TransferDate, Amount) VALUES (601, 602, TO_DATE('4-1-2006','DD-MM-YYYY'), 328184.0);
INSERT INTO Person(GovID,Name, PhoneNumber, Email, Address, Birthday, Nationality) VALUES (1111121427,'Kunal eco','900010316', 'Kunal_eco42@sapo.pt', 'Limnos, Greece', TO_DATE('28-1-1994','DD-MM-YYYY'), 'Greece');
INSERT INTO Costumer(PersonGovID) VALUES (1111121427);
INSERT INTO Account(CostumerCostumerID, BranchBranchID, Amount, BeginDate, EndDate) VALUES (300, 406, 109575.0, TO_DATE('28-3-2012','DD-MM-YYYY'), NULL);
INSERT INTO CurrentAccount(AccountAccountID, MaximumWithdraw) VALUES (603, 400);
INSERT INTO Deposit(AccountAccountID, DepositDate, Amount) VALUES (603, TO_DATE('28-3-2012','DD-MM-YYYY'),438300);
INSERT INTO Withdraw(CurrentAccountAccountID, WithdrawDate, Amount) VALUES (603, TO_DATE('28-3-2012','DD-MM-YYYY'), 109575.0);
INSERT INTO Account(CostumerCostumerID, BranchBranchID, Amount, BeginDate, EndDate) VALUES (300, 406, 219150.0, TO_DATE('28-3-2012','DD-MM-YYYY'), NULL);
INSERT INTO SavingsAccount(AccountAccountID, InterestRate, DurationYears) VALUES (604, 0.05, 5);
INSERT INTO Transfer(AccountAccountIDFrom, AccountAccountIDTo, TransferDate, Amount) VALUES (603, 604, TO_DATE('28-3-2012','DD-MM-YYYY'), 219150.0);
INSERT INTO Person(GovID,Name, PhoneNumber, Email, Address, Birthday, Nationality) VALUES (1111121428,'Kundalini eco','900010317', 'Kundalini_eco67@sapo.pt', 'Ribera, Italy', TO_DATE('4-6-1971','DD-MM-YYYY'), 'Italy');
INSERT INTO Costumer(PersonGovID) VALUES (1111121428);
INSERT INTO Account(CostumerCostumerID, BranchBranchID, Amount, BeginDate, EndDate) VALUES (301, 109, 212113.75, TO_DATE('15-1-2014','DD-MM-YYYY'), NULL);
INSERT INTO CurrentAccount(AccountAccountID, MaximumWithdraw) VALUES (605, 400);
INSERT INTO Deposit(AccountAccountID, DepositDate, Amount) VALUES (605, TO_DATE('15-1-2014','DD-MM-YYYY'),848455);
INSERT INTO Withdraw(CurrentAccountAccountID, WithdrawDate, Amount) VALUES (605, TO_DATE('15-1-2014','DD-MM-YYYY'), 212113.75);
INSERT INTO Account(CostumerCostumerID, BranchBranchID, Amount, BeginDate, EndDate) VALUES (301, 109, 424227.5, TO_DATE('15-1-2014','DD-MM-YYYY'), NULL);
INSERT INTO SavingsAccount(AccountAccountID, InterestRate, DurationYears) VALUES (606, 0.05, 6);
INSERT INTO Transfer(AccountAccountIDFrom, AccountAccountIDTo, TransferDate, Amount) VALUES (605, 606, TO_DATE('15-1-2014','DD-MM-YYYY'), 424227.5);
INSERT INTO Person(GovID,Name, PhoneNumber, Email, Address, Birthday, Nationality) VALUES (1111121429,'Kunti eco','900010318', 'Kunti_eco69@sapo.pt', 'Berlin, Germany', TO_DATE('16-2-1999','DD-MM-YYYY'), 'Germany');
INSERT INTO Costumer(PersonGovID) VALUES (1111121429);
INSERT INTO Account(CostumerCostumerID, BranchBranchID, Amount, BeginDate, EndDate) VALUES (302, 987, 116464.75, TO_DATE('19-7-2002','DD-MM-YYYY'), NULL);
INSERT INTO CurrentAccount(AccountAccountID, MaximumWithdraw) VALUES (607, 400);
INSERT INTO Deposit(AccountAccountID, DepositDate, Amount) VALUES (607, TO_DATE('19-7-2002','DD-MM-YYYY'),465859);
INSERT INTO Withdraw(CurrentAccountAccountID, WithdrawDate, Amount) VALUES (607, TO_DATE('19-7-2002','DD-MM-YYYY'), 116464.75);
INSERT INTO Account(CostumerCostumerID, BranchBranchID, Amount, BeginDate, EndDate) VALUES (302, 987, 232929.5, TO_DATE('19-7-2002','DD-MM-YYYY'), NULL);
INSERT INTO SavingsAccount(AccountAccountID, InterestRate, DurationYears) VALUES (608, 0.05, 7);
INSERT INTO Transfer(AccountAccountIDFrom, AccountAccountIDTo, TransferDate, Amount) VALUES (607, 608, TO_DATE('19-7-2002','DD-MM-YYYY'), 232929.5);
INSERT INTO Person(GovID,Name, PhoneNumber, Email, Address, Birthday, Nationality) VALUES (1111121430,'Kurt eco','900010319', 'Kurt_eco26@sapo.pt', 'Civitavecchia, Italy', TO_DATE('11-8-1967','DD-MM-YYYY'), 'Italy');
INSERT INTO Costumer(PersonGovID) VALUES (1111121430);
INSERT INTO Account(CostumerCostumerID, BranchBranchID, Amount, BeginDate, EndDate) VALUES (303, 1245, 228132.5, TO_DATE('6-6-2017','DD-MM-YYYY'), NULL);
INSERT INTO CurrentAccount(AccountAccountID, MaximumWithdraw) VALUES (609, 400);
INSERT INTO Deposit(AccountAccountID, DepositDate, Amount) VALUES (609, TO_DATE('6-6-2017','DD-MM-YYYY'),912530);
INSERT INTO Withdraw(CurrentAccountAccountID, WithdrawDate, Amount) VALUES (609, TO_DATE('6-6-2017','DD-MM-YYYY'), 228132.5);
INSERT INTO Account(CostumerCostumerID, BranchBranchID, Amount, BeginDate, EndDate) VALUES (303, 1245, 456265.0, TO_DATE('6-6-2017','DD-MM-YYYY'), NULL);
INSERT INTO SavingsAccount(AccountAccountID, InterestRate, DurationYears) VALUES (610, 0.05, 4);
INSERT INTO Transfer(AccountAccountIDFrom, AccountAccountIDTo, TransferDate, Amount) VALUES (609, 610, TO_DATE('6-6-2017','DD-MM-YYYY'), 456265.0);
INSERT INTO Person(GovID,Name, PhoneNumber, Email, Address, Birthday, Nationality) VALUES (1111121431,'Kurtis eco','900010320', 'Kurtis_eco80@sapo.pt', 'Schongau, Germany', TO_DATE('20-2-1972','DD-MM-YYYY'), 'Germany');
INSERT INTO Costumer(PersonGovID) VALUES (1111121431);
INSERT INTO Account(CostumerCostumerID, BranchBranchID, Amount, BeginDate, EndDate) VALUES (304, 199, 201005.5, TO_DATE('8-7-2007','DD-MM-YYYY'), NULL);
INSERT INTO CurrentAccount(AccountAccountID, MaximumWithdraw) VALUES (611, 400);
INSERT INTO Deposit(AccountAccountID, DepositDate, Amount) VALUES (611, TO_DATE('8-7-2007','DD-MM-YYYY'),804022);
INSERT INTO Withdraw(CurrentAccountAccountID, WithdrawDate, Amount) VALUES (611, TO_DATE('8-7-2007','DD-MM-YYYY'), 201005.5);
INSERT INTO Account(CostumerCostumerID, BranchBranchID, Amount, BeginDate, EndDate) VALUES (304, 199, 402011.0, TO_DATE('8-7-2007','DD-MM-YYYY'), NULL);
INSERT INTO SavingsAccount(AccountAccountID, InterestRate, DurationYears) VALUES (612, 0.05, 9);
INSERT INTO Transfer(AccountAccountIDFrom, AccountAccountIDTo, TransferDate, Amount) VALUES (611, 612, TO_DATE('8-7-2007','DD-MM-YYYY'), 402011.0);
INSERT INTO Person(GovID,Name, PhoneNumber, Email, Address, Birthday, Nationality) VALUES (1111121432,'Kwabena eco','900010321', 'Kwabena_eco70@sapo.pt', 'Clermont-Ferrand, France', TO_DATE('23-8-1998','DD-MM-YYYY'), 'France');
INSERT INTO Costumer(PersonGovID) VALUES (1111121432);
INSERT INTO Account(CostumerCostumerID, BranchBranchID, Amount, BeginDate, EndDate) VALUES (305, 645, 33396.0, TO_DATE('26-9-2016','DD-MM-YYYY'), NULL);
INSERT INTO CurrentAccount(AccountAccountID, MaximumWithdraw) VALUES (613, 400);
INSERT INTO Deposit(AccountAccountID, DepositDate, Amount) VALUES (613, TO_DATE('26-9-2016','DD-MM-YYYY'),133584);
INSERT INTO Withdraw(CurrentAccountAccountID, WithdrawDate, Amount) VALUES (613, TO_DATE('26-9-2016','DD-MM-YYYY'), 33396.0);
INSERT INTO Account(CostumerCostumerID, BranchBranchID, Amount, BeginDate, EndDate) VALUES (305, 645, 66792.0, TO_DATE('26-9-2016','DD-MM-YYYY'), NULL);
INSERT INTO SavingsAccount(AccountAccountID, InterestRate, DurationYears) VALUES (614, 0.05, 4);
INSERT INTO Transfer(AccountAccountIDFrom, AccountAccountIDTo, TransferDate, Amount) VALUES (613, 614, TO_DATE('26-9-2016','DD-MM-YYYY'), 66792.0);
INSERT INTO Person(GovID,Name, PhoneNumber, Email, Address, Birthday, Nationality) VALUES (1111121433,'Kwadwo eco','900010322', 'Kwadwo_eco27@sapo.pt', 'Vichy, France', TO_DATE('27-3-1991','DD-MM-YYYY'), 'France');
INSERT INTO Costumer(PersonGovID) VALUES (1111121433);
INSERT INTO Account(CostumerCostumerID, BranchBranchID, Amount, BeginDate, EndDate) VALUES (306, 877, 74189.0, TO_DATE('3-9-2013','DD-MM-YYYY'), NULL);
INSERT INTO CurrentAccount(AccountAccountID, MaximumWithdraw) VALUES (615, 400);
INSERT INTO Deposit(AccountAccountID, DepositDate, Amount) VALUES (615, TO_DATE('3-9-2013','DD-MM-YYYY'),296756);
INSERT INTO Withdraw(CurrentAccountAccountID, WithdrawDate, Amount) VALUES (615, TO_DATE('3-9-2013','DD-MM-YYYY'), 74189.0);
INSERT INTO Account(CostumerCostumerID, BranchBranchID, Amount, BeginDate, EndDate) VALUES (306, 877, 148378.0, TO_DATE('3-9-2013','DD-MM-YYYY'), NULL);
INSERT INTO SavingsAccount(AccountAccountID, InterestRate, DurationYears) VALUES (616, 0.05, 10);
INSERT INTO Transfer(AccountAccountIDFrom, AccountAccountIDTo, TransferDate, Amount) VALUES (615, 616, TO_DATE('3-9-2013','DD-MM-YYYY'), 148378.0);
INSERT INTO Person(GovID,Name, PhoneNumber, Email, Address, Birthday, Nationality) VALUES (1111121434,'Kwaku eco','900010323', 'Kwaku_eco6@sapo.pt', 'Petra, Spain', TO_DATE('3-3-1993','DD-MM-YYYY'), 'Spain');
INSERT INTO Costumer(PersonGovID) VALUES (1111121434);
INSERT INTO Account(CostumerCostumerID, BranchBranchID, Amount, BeginDate, EndDate) VALUES (307, 177, 106936.5, TO_DATE('17-8-2001','DD-MM-YYYY'), NULL);
INSERT INTO CurrentAccount(AccountAccountID, MaximumWithdraw) VALUES (617, 400);
INSERT INTO Deposit(AccountAccountID, DepositDate, Amount) VALUES (617, TO_DATE('17-8-2001','DD-MM-YYYY'),427746);
INSERT INTO Withdraw(CurrentAccountAccountID, WithdrawDate, Amount) VALUES (617, TO_DATE('17-8-2001','DD-MM-YYYY'), 106936.5);
INSERT INTO Account(CostumerCostumerID, BranchBranchID, Amount, BeginDate, EndDate) VALUES (307, 177, 213873.0, TO_DATE('17-8-2001','DD-MM-YYYY'), NULL);
INSERT INTO SavingsAccount(AccountAccountID, InterestRate, DurationYears) VALUES (618, 0.05, 10);
INSERT INTO Transfer(AccountAccountIDFrom, AccountAccountIDTo, TransferDate, Amount) VALUES (617, 618, TO_DATE('17-8-2001','DD-MM-YYYY'), 213873.0);
INSERT INTO Person(GovID,Name, PhoneNumber, Email, Address, Birthday, Nationality) VALUES (1111121435,'Kwame eco','900010324', 'Kwame_eco29@sapo.pt', 'Traunstein, Germany', TO_DATE('1-11-1999','DD-MM-YYYY'), 'Germany');
INSERT INTO Costumer(PersonGovID) VALUES (1111121435);
INSERT INTO Account(CostumerCostumerID, BranchBranchID, Amount, BeginDate, EndDate) VALUES (308, 1212, 193974.0, TO_DATE('8-3-2008','DD-MM-YYYY'), NULL);
INSERT INTO CurrentAccount(AccountAccountID, MaximumWithdraw) VALUES (619, 400);
INSERT INTO Deposit(AccountAccountID, DepositDate, Amount) VALUES (619, TO_DATE('8-3-2008','DD-MM-YYYY'),775896);
INSERT INTO Withdraw(CurrentAccountAccountID, WithdrawDate, Amount) VALUES (619, TO_DATE('8-3-2008','DD-MM-YYYY'), 193974.0);
INSERT INTO Account(CostumerCostumerID, BranchBranchID, Amount, BeginDate, EndDate) VALUES (308, 1212, 387948.0, TO_DATE('8-3-2008','DD-MM-YYYY'), NULL);
INSERT INTO SavingsAccount(AccountAccountID, InterestRate, DurationYears) VALUES (620, 0.05, 5);
INSERT INTO Transfer(AccountAccountIDFrom, AccountAccountIDTo, TransferDate, Amount) VALUES (619, 620, TO_DATE('8-3-2008','DD-MM-YYYY'), 387948.0);
INSERT INTO Person(GovID,Name, PhoneNumber, Email, Address, Birthday, Nationality) VALUES (1111121436,'Kwasi eco','900010325', 'Kwasi_eco60@sapo.pt', 'Magdeburg, Germany', TO_DATE('4-10-1991','DD-MM-YYYY'), 'Germany');
INSERT INTO Costumer(PersonGovID) VALUES (1111121436);
INSERT INTO Account(CostumerCostumerID, BranchBranchID, Amount, BeginDate, EndDate) VALUES (309, 1248, 86032.75, TO_DATE('21-5-2017','DD-MM-YYYY'), NULL);
INSERT INTO CurrentAccount(AccountAccountID, MaximumWithdraw) VALUES (621, 400);
INSERT INTO Deposit(AccountAccountID, DepositDate, Amount) VALUES (621, TO_DATE('21-5-2017','DD-MM-YYYY'),344131);
INSERT INTO Withdraw(CurrentAccountAccountID, WithdrawDate, Amount) VALUES (621, TO_DATE('21-5-2017','DD-MM-YYYY'), 86032.75);
INSERT INTO Account(CostumerCostumerID, BranchBranchID, Amount, BeginDate, EndDate) VALUES (309, 1248, 172065.5, TO_DATE('21-5-2017','DD-MM-YYYY'), NULL);
INSERT INTO SavingsAccount(AccountAccountID, InterestRate, DurationYears) VALUES (622, 0.05, 7);
INSERT INTO Transfer(AccountAccountIDFrom, AccountAccountIDTo, TransferDate, Amount) VALUES (621, 622, TO_DATE('21-5-2017','DD-MM-YYYY'), 172065.5);
INSERT INTO Person(GovID,Name, PhoneNumber, Email, Address, Birthday, Nationality) VALUES (1111121437,'Kyara eco','900010326', 'Kyara_eco28@sapo.pt', 'santa Marinella, Italy', TO_DATE('19-7-2008','DD-MM-YYYY'), 'Italy');
INSERT INTO Costumer(PersonGovID) VALUES (1111121437);
INSERT INTO Account(CostumerCostumerID, BranchBranchID, Amount, BeginDate, EndDate) VALUES (310, 975, 134927.5, TO_DATE('25-1-2012','DD-MM-YYYY'), NULL);
INSERT INTO CurrentAccount(AccountAccountID, MaximumWithdraw) VALUES (623, 400);
INSERT INTO Deposit(AccountAccountID, DepositDate, Amount) VALUES (623, TO_DATE('25-1-2012','DD-MM-YYYY'),539710);
INSERT INTO Withdraw(CurrentAccountAccountID, WithdrawDate, Amount) VALUES (623, TO_DATE('25-1-2012','DD-MM-YYYY'), 134927.5);
INSERT INTO Account(CostumerCostumerID, BranchBranchID, Amount, BeginDate, EndDate) VALUES (310, 975, 269855.0, TO_DATE('25-1-2012','DD-MM-YYYY'), NULL);
INSERT INTO SavingsAccount(AccountAccountID, InterestRate, DurationYears) VALUES (624, 0.05, 6);
INSERT INTO Transfer(AccountAccountIDFrom, AccountAccountIDTo, TransferDate, Amount) VALUES (623, 624, TO_DATE('25-1-2012','DD-MM-YYYY'), 269855.0);
INSERT INTO Person(GovID,Name, PhoneNumber, Email, Address, Birthday, Nationality) VALUES (1111121438,'Kyla eco','900010327', 'Kyla_eco38@sapo.pt', 'Dormans, France', TO_DATE('18-5-1966','DD-MM-YYYY'), 'France');
INSERT INTO Costumer(PersonGovID) VALUES (1111121438);
INSERT INTO Account(CostumerCostumerID, BranchBranchID, Amount, BeginDate, EndDate) VALUES (311, 566, 200383.5, TO_DATE('2-4-2017','DD-MM-YYYY'), NULL);
INSERT INTO CurrentAccount(AccountAccountID, MaximumWithdraw) VALUES (625, 400);
INSERT INTO Deposit(AccountAccountID, DepositDate, Amount) VALUES (625, TO_DATE('2-4-2017','DD-MM-YYYY'),801534);
INSERT INTO Withdraw(CurrentAccountAccountID, WithdrawDate, Amount) VALUES (625, TO_DATE('2-4-2017','DD-MM-YYYY'), 200383.5);
INSERT INTO Account(CostumerCostumerID, BranchBranchID, Amount, BeginDate, EndDate) VALUES (311, 566, 400767.0, TO_DATE('2-4-2017','DD-MM-YYYY'), NULL);
INSERT INTO SavingsAccount(AccountAccountID, InterestRate, DurationYears) VALUES (626, 0.05, 8);
INSERT INTO Transfer(AccountAccountIDFrom, AccountAccountIDTo, TransferDate, Amount) VALUES (625, 626, TO_DATE('2-4-2017','DD-MM-YYYY'), 400767.0);
INSERT INTO Person(GovID,Name, PhoneNumber, Email, Address, Birthday, Nationality) VALUES (1111121439,'Kyle eco','900010328', 'Kyle_eco78@sapo.pt', 'Versailles, France', TO_DATE('21-12-1994','DD-MM-YYYY'), 'France');
INSERT INTO Costumer(PersonGovID) VALUES (1111121439);
INSERT INTO Account(CostumerCostumerID, BranchBranchID, Amount, BeginDate, EndDate) VALUES (312, 860, 106997.25, TO_DATE('2-6-2005','DD-MM-YYYY'), NULL);
INSERT INTO CurrentAccount(AccountAccountID, MaximumWithdraw) VALUES (627, 400);
INSERT INTO Deposit(AccountAccountID, DepositDate, Amount) VALUES (627, TO_DATE('2-6-2005','DD-MM-YYYY'),427989);
INSERT INTO Withdraw(CurrentAccountAccountID, WithdrawDate, Amount) VALUES (627, TO_DATE('2-6-2005','DD-MM-YYYY'), 106997.25);
INSERT INTO Account(CostumerCostumerID, BranchBranchID, Amount, BeginDate, EndDate) VALUES (312, 860, 213994.5, TO_DATE('2-6-2005','DD-MM-YYYY'), NULL);
INSERT INTO SavingsAccount(AccountAccountID, InterestRate, DurationYears) VALUES (628, 0.05, 3);
INSERT INTO Transfer(AccountAccountIDFrom, AccountAccountIDTo, TransferDate, Amount) VALUES (627, 628, TO_DATE('2-6-2005','DD-MM-YYYY'), 213994.5);
INSERT INTO Person(GovID,Name, PhoneNumber, Email, Address, Birthday, Nationality) VALUES (1111121440,'Kylee eco','900010329', 'Kylee_eco42@sapo.pt', 'Ciney, Belgium', TO_DATE('21-5-1972','DD-MM-YYYY'), 'Belgium');
INSERT INTO Costumer(PersonGovID) VALUES (1111121440);
INSERT INTO Account(CostumerCostumerID, BranchBranchID, Amount, BeginDate, EndDate) VALUES (313, 600, 217264.0, TO_DATE('25-4-2000','DD-MM-YYYY'), NULL);
INSERT INTO CurrentAccount(AccountAccountID, MaximumWithdraw) VALUES (629, 400);
INSERT INTO Deposit(AccountAccountID, DepositDate, Amount) VALUES (629, TO_DATE('25-4-2000','DD-MM-YYYY'),869056);
INSERT INTO Withdraw(CurrentAccountAccountID, WithdrawDate, Amount) VALUES (629, TO_DATE('25-4-2000','DD-MM-YYYY'), 217264.0);
INSERT INTO Account(CostumerCostumerID, BranchBranchID, Amount, BeginDate, EndDate) VALUES (313, 600, 434528.0, TO_DATE('25-4-2000','DD-MM-YYYY'), NULL);
INSERT INTO SavingsAccount(AccountAccountID, InterestRate, DurationYears) VALUES (630, 0.05, 6);
INSERT INTO Transfer(AccountAccountIDFrom, AccountAccountIDTo, TransferDate, Amount) VALUES (629, 630, TO_DATE('25-4-2000','DD-MM-YYYY'), 434528.0);
INSERT INTO Person(GovID,Name, PhoneNumber, Email, Address, Birthday, Nationality) VALUES (1111121441,'Kylian eco','900010330', 'Kylian_eco31@sapo.pt', 'Haan, Germany', TO_DATE('14-11-2006','DD-MM-YYYY'), 'Germany');
INSERT INTO Costumer(PersonGovID) VALUES (1111121441);
INSERT INTO Account(CostumerCostumerID, BranchBranchID, Amount, BeginDate, EndDate) VALUES (314, 846, 28084.75, TO_DATE('3-11-2018','DD-MM-YYYY'), NULL);
INSERT INTO CurrentAccount(AccountAccountID, MaximumWithdraw) VALUES (631, 400);
INSERT INTO Deposit(AccountAccountID, DepositDate, Amount) VALUES (631, TO_DATE('3-11-2018','DD-MM-YYYY'),112339);
INSERT INTO Withdraw(CurrentAccountAccountID, WithdrawDate, Amount) VALUES (631, TO_DATE('3-11-2018','DD-MM-YYYY'), 28084.75);
INSERT INTO Account(CostumerCostumerID, BranchBranchID, Amount, BeginDate, EndDate) VALUES (314, 846, 56169.5, TO_DATE('3-11-2018','DD-MM-YYYY'), NULL);
INSERT INTO SavingsAccount(AccountAccountID, InterestRate, DurationYears) VALUES (632, 0.05, 6);
INSERT INTO Transfer(AccountAccountIDFrom, AccountAccountIDTo, TransferDate, Amount) VALUES (631, 632, TO_DATE('3-11-2018','DD-MM-YYYY'), 56169.5);
INSERT INTO Person(GovID,Name, PhoneNumber, Email, Address, Birthday, Nationality) VALUES (1111121442,'Kylie eco','900010331', 'Kylie_eco15@sapo.pt', 'Herentals, Belgium', TO_DATE('1-3-1998','DD-MM-YYYY'), 'Belgium');
INSERT INTO Costumer(PersonGovID) VALUES (1111121442);
INSERT INTO Account(CostumerCostumerID, BranchBranchID, Amount, BeginDate, EndDate) VALUES (315, 879, 79781.75, TO_DATE('17-9-2016','DD-MM-YYYY'), NULL);
INSERT INTO CurrentAccount(AccountAccountID, MaximumWithdraw) VALUES (633, 400);
INSERT INTO Deposit(AccountAccountID, DepositDate, Amount) VALUES (633, TO_DATE('17-9-2016','DD-MM-YYYY'),319127);
INSERT INTO Withdraw(CurrentAccountAccountID, WithdrawDate, Amount) VALUES (633, TO_DATE('17-9-2016','DD-MM-YYYY'), 79781.75);
INSERT INTO Account(CostumerCostumerID, BranchBranchID, Amount, BeginDate, EndDate) VALUES (315, 879, 159563.5, TO_DATE('17-9-2016','DD-MM-YYYY'), NULL);
INSERT INTO SavingsAccount(AccountAccountID, InterestRate, DurationYears) VALUES (634, 0.05, 9);
INSERT INTO Transfer(AccountAccountIDFrom, AccountAccountIDTo, TransferDate, Amount) VALUES (633, 634, TO_DATE('17-9-2016','DD-MM-YYYY'), 159563.5);
INSERT INTO Person(GovID,Name, PhoneNumber, Email, Address, Birthday, Nationality) VALUES (1111121443,'Kym eco','900010332', 'Kym_eco0@sapo.pt', 'Passau, Germany', TO_DATE('4-6-1990','DD-MM-YYYY'), 'Germany');
INSERT INTO Costumer(PersonGovID) VALUES (1111121443);
INSERT INTO Account(CostumerCostumerID, BranchBranchID, Amount, BeginDate, EndDate) VALUES (316, 949, 168097.0, TO_DATE('20-8-2002','DD-MM-YYYY'), NULL);
INSERT INTO CurrentAccount(AccountAccountID, MaximumWithdraw) VALUES (635, 400);
INSERT INTO Deposit(AccountAccountID, DepositDate, Amount) VALUES (635, TO_DATE('20-8-2002','DD-MM-YYYY'),672388);
INSERT INTO Withdraw(CurrentAccountAccountID, WithdrawDate, Amount) VALUES (635, TO_DATE('20-8-2002','DD-MM-YYYY'), 168097.0);
INSERT INTO Account(CostumerCostumerID, BranchBranchID, Amount, BeginDate, EndDate) VALUES (316, 949, 336194.0, TO_DATE('20-8-2002','DD-MM-YYYY'), NULL);
INSERT INTO SavingsAccount(AccountAccountID, InterestRate, DurationYears) VALUES (636, 0.05, 5);
INSERT INTO Transfer(AccountAccountIDFrom, AccountAccountIDTo, TransferDate, Amount) VALUES (635, 636, TO_DATE('20-8-2002','DD-MM-YYYY'), 336194.0);
INSERT INTO Person(GovID,Name, PhoneNumber, Email, Address, Birthday, Nationality) VALUES (1111121444,'Kymberly eco','900010333', 'Kymberly_eco42@sapo.pt', 'Zwettl , Austria', TO_DATE('16-7-1953','DD-MM-YYYY'), 'Austria');
INSERT INTO Costumer(PersonGovID) VALUES (1111121444);
INSERT INTO Account(CostumerCostumerID, BranchBranchID, Amount, BeginDate, EndDate) VALUES (317, 1015, 92877.75, TO_DATE('15-11-2003','DD-MM-YYYY'), NULL);
INSERT INTO CurrentAccount(AccountAccountID, MaximumWithdraw) VALUES (637, 400);
INSERT INTO Deposit(AccountAccountID, DepositDate, Amount) VALUES (637, TO_DATE('15-11-2003','DD-MM-YYYY'),371511);
INSERT INTO Withdraw(CurrentAccountAccountID, WithdrawDate, Amount) VALUES (637, TO_DATE('15-11-2003','DD-MM-YYYY'), 92877.75);
INSERT INTO Account(CostumerCostumerID, BranchBranchID, Amount, BeginDate, EndDate) VALUES (317, 1015, 185755.5, TO_DATE('15-11-2003','DD-MM-YYYY'), NULL);
INSERT INTO SavingsAccount(AccountAccountID, InterestRate, DurationYears) VALUES (638, 0.05, 6);
INSERT INTO Transfer(AccountAccountIDFrom, AccountAccountIDTo, TransferDate, Amount) VALUES (637, 638, TO_DATE('15-11-2003','DD-MM-YYYY'), 185755.5);
INSERT INTO Account(CostumerCostumerID, BranchBranchID, Amount, BeginDate, EndDate) VALUES (317, 1015, 720655, TO_DATE('15-11-2003','DD-MM-YYYY'), NULL);
INSERT INTO CurrentAccount(AccountAccountID, MaximumWithdraw) VALUES (639, 400);
INSERT INTO Loan(BranchBranchID, CurrentAccountAccountAccountID, Amount, InterestRate, DateOfCreation, DateOfCompletion) VALUES (1015, 639, 720655, 0.07, TO_DATE('15-11-2003','DD-MM-YYYY'), TO_DATE('15-11-2005','DD-MM-YYYY'));
INSERT INTO Payment(LoanLoanID, CurrentAccountAccountID, PaymentDate, Amount) VALUES (5, 639, TO_DATE('15-12-2003','DD-MM-YYYY'), 30028);
INSERT INTO Deposit(AccountAccountID, DepositDate, Amount) VALUES (639, TO_DATE('15-12-2003','DD-MM-YYYY'),30028);
INSERT INTO Payment(LoanLoanID, CurrentAccountAccountID, PaymentDate, Amount) VALUES (5, 639, TO_DATE('15-1-2004','DD-MM-YYYY'), 30028);
INSERT INTO Deposit(AccountAccountID, DepositDate, Amount) VALUES (639, TO_DATE('15-1-2004','DD-MM-YYYY'),30028);
INSERT INTO Payment(LoanLoanID, CurrentAccountAccountID, PaymentDate, Amount) VALUES (5, 639, TO_DATE('15-2-2004','DD-MM-YYYY'), 30028);
INSERT INTO Deposit(AccountAccountID, DepositDate, Amount) VALUES (639, TO_DATE('15-2-2004','DD-MM-YYYY'),30028);
INSERT INTO Payment(LoanLoanID, CurrentAccountAccountID, PaymentDate, Amount) VALUES (5, 639, TO_DATE('15-3-2004','DD-MM-YYYY'), 30028);
INSERT INTO Deposit(AccountAccountID, DepositDate, Amount) VALUES (639, TO_DATE('15-3-2004','DD-MM-YYYY'),30028);
INSERT INTO Payment(LoanLoanID, CurrentAccountAccountID, PaymentDate, Amount) VALUES (5, 639, TO_DATE('15-4-2004','DD-MM-YYYY'), 30028);
INSERT INTO Deposit(AccountAccountID, DepositDate, Amount) VALUES (639, TO_DATE('15-4-2004','DD-MM-YYYY'),30028);
INSERT INTO Payment(LoanLoanID, CurrentAccountAccountID, PaymentDate, Amount) VALUES (5, 639, TO_DATE('15-5-2004','DD-MM-YYYY'), 30028);
INSERT INTO Deposit(AccountAccountID, DepositDate, Amount) VALUES (639, TO_DATE('15-5-2004','DD-MM-YYYY'),30028);
INSERT INTO Payment(LoanLoanID, CurrentAccountAccountID, PaymentDate, Amount) VALUES (5, 639, TO_DATE('15-6-2004','DD-MM-YYYY'), 30028);
INSERT INTO Deposit(AccountAccountID, DepositDate, Amount) VALUES (639, TO_DATE('15-6-2004','DD-MM-YYYY'),30028);
INSERT INTO Payment(LoanLoanID, CurrentAccountAccountID, PaymentDate, Amount) VALUES (5, 639, TO_DATE('15-7-2004','DD-MM-YYYY'), 30028);
INSERT INTO Deposit(AccountAccountID, DepositDate, Amount) VALUES (639, TO_DATE('15-7-2004','DD-MM-YYYY'),30028);
INSERT INTO Payment(LoanLoanID, CurrentAccountAccountID, PaymentDate, Amount) VALUES (5, 639, TO_DATE('15-8-2004','DD-MM-YYYY'), 30028);
INSERT INTO Deposit(AccountAccountID, DepositDate, Amount) VALUES (639, TO_DATE('15-8-2004','DD-MM-YYYY'),30028);
INSERT INTO Payment(LoanLoanID, CurrentAccountAccountID, PaymentDate, Amount) VALUES (5, 639, TO_DATE('15-9-2004','DD-MM-YYYY'), 30028);
INSERT INTO Deposit(AccountAccountID, DepositDate, Amount) VALUES (639, TO_DATE('15-9-2004','DD-MM-YYYY'),30028);
INSERT INTO Payment(LoanLoanID, CurrentAccountAccountID, PaymentDate, Amount) VALUES (5, 639, TO_DATE('15-10-2004','DD-MM-YYYY'), 30028);
INSERT INTO Deposit(AccountAccountID, DepositDate, Amount) VALUES (639, TO_DATE('15-10-2004','DD-MM-YYYY'),30028);
INSERT INTO Payment(LoanLoanID, CurrentAccountAccountID, PaymentDate, Amount) VALUES (5, 639, TO_DATE('15-11-2004','DD-MM-YYYY'), 30028);
INSERT INTO Deposit(AccountAccountID, DepositDate, Amount) VALUES (639, TO_DATE('15-11-2004','DD-MM-YYYY'),30028);
INSERT INTO Payment(LoanLoanID, CurrentAccountAccountID, PaymentDate, Amount) VALUES (5, 639, TO_DATE('15-12-2004','DD-MM-YYYY'), 30028);
INSERT INTO Deposit(AccountAccountID, DepositDate, Amount) VALUES (639, TO_DATE('15-12-2004','DD-MM-YYYY'),30028);
INSERT INTO Payment(LoanLoanID, CurrentAccountAccountID, PaymentDate, Amount) VALUES (5, 639, TO_DATE('15-1-2005','DD-MM-YYYY'), 30028);
INSERT INTO Deposit(AccountAccountID, DepositDate, Amount) VALUES (639, TO_DATE('15-1-2005','DD-MM-YYYY'),30028);
INSERT INTO Payment(LoanLoanID, CurrentAccountAccountID, PaymentDate, Amount) VALUES (5, 639, TO_DATE('15-2-2005','DD-MM-YYYY'), 30028);
INSERT INTO Deposit(AccountAccountID, DepositDate, Amount) VALUES (639, TO_DATE('15-2-2005','DD-MM-YYYY'),30028);
INSERT INTO Payment(LoanLoanID, CurrentAccountAccountID, PaymentDate, Amount) VALUES (5, 639, TO_DATE('15-3-2005','DD-MM-YYYY'), 30028);
INSERT INTO Deposit(AccountAccountID, DepositDate, Amount) VALUES (639, TO_DATE('15-3-2005','DD-MM-YYYY'),30028);
INSERT INTO Payment(LoanLoanID, CurrentAccountAccountID, PaymentDate, Amount) VALUES (5, 639, TO_DATE('15-4-2005','DD-MM-YYYY'), 30028);
INSERT INTO Deposit(AccountAccountID, DepositDate, Amount) VALUES (639, TO_DATE('15-4-2005','DD-MM-YYYY'),30028);
INSERT INTO Payment(LoanLoanID, CurrentAccountAccountID, PaymentDate, Amount) VALUES (5, 639, TO_DATE('15-5-2005','DD-MM-YYYY'), 30028);
INSERT INTO Deposit(AccountAccountID, DepositDate, Amount) VALUES (639, TO_DATE('15-5-2005','DD-MM-YYYY'),30028);
INSERT INTO Payment(LoanLoanID, CurrentAccountAccountID, PaymentDate, Amount) VALUES (5, 639, TO_DATE('15-6-2005','DD-MM-YYYY'), 30028);
INSERT INTO Deposit(AccountAccountID, DepositDate, Amount) VALUES (639, TO_DATE('15-6-2005','DD-MM-YYYY'),30028);
INSERT INTO Payment(LoanLoanID, CurrentAccountAccountID, PaymentDate, Amount) VALUES (5, 639, TO_DATE('15-7-2005','DD-MM-YYYY'), 30028);
INSERT INTO Deposit(AccountAccountID, DepositDate, Amount) VALUES (639, TO_DATE('15-7-2005','DD-MM-YYYY'),30028);
INSERT INTO Payment(LoanLoanID, CurrentAccountAccountID, PaymentDate, Amount) VALUES (5, 639, TO_DATE('15-8-2005','DD-MM-YYYY'), 30028);
INSERT INTO Deposit(AccountAccountID, DepositDate, Amount) VALUES (639, TO_DATE('15-8-2005','DD-MM-YYYY'),30028);
INSERT INTO Payment(LoanLoanID, CurrentAccountAccountID, PaymentDate, Amount) VALUES (5, 639, TO_DATE('15-9-2005','DD-MM-YYYY'), 30028);
INSERT INTO Deposit(AccountAccountID, DepositDate, Amount) VALUES (639, TO_DATE('15-9-2005','DD-MM-YYYY'),30028);
INSERT INTO Payment(LoanLoanID, CurrentAccountAccountID, PaymentDate, Amount) VALUES (5, 639, TO_DATE('15-10-2005','DD-MM-YYYY'), 30028);
INSERT INTO Deposit(AccountAccountID, DepositDate, Amount) VALUES (639, TO_DATE('15-10-2005','DD-MM-YYYY'),30028);
INSERT INTO Payment(LoanLoanID, CurrentAccountAccountID, PaymentDate, Amount) VALUES (5, 639, TO_DATE('15-11-2005','DD-MM-YYYY'), 30028);
INSERT INTO Deposit(AccountAccountID, DepositDate, Amount) VALUES (639, TO_DATE('15-11-2005','DD-MM-YYYY'),30028);
INSERT INTO Person(GovID,Name, PhoneNumber, Email, Address, Birthday, Nationality) VALUES (1111121445,'Kyoko eco','900010334', 'Kyoko_eco16@sapo.pt', 'Pescara, Italy', TO_DATE('13-3-1987','DD-MM-YYYY'), 'Italy');
INSERT INTO Costumer(PersonGovID) VALUES (1111121445);
INSERT INTO Account(CostumerCostumerID, BranchBranchID, Amount, BeginDate, EndDate) VALUES (318, 524, 28615.25, TO_DATE('14-3-2014','DD-MM-YYYY'), NULL);
INSERT INTO CurrentAccount(AccountAccountID, MaximumWithdraw) VALUES (640, 400);
INSERT INTO Deposit(AccountAccountID, DepositDate, Amount) VALUES (640, TO_DATE('14-3-2014','DD-MM-YYYY'),114461);
INSERT INTO Withdraw(CurrentAccountAccountID, WithdrawDate, Amount) VALUES (640, TO_DATE('14-3-2014','DD-MM-YYYY'), 28615.25);
INSERT INTO Account(CostumerCostumerID, BranchBranchID, Amount, BeginDate, EndDate) VALUES (318, 524, 57230.5, TO_DATE('14-3-2014','DD-MM-YYYY'), NULL);
INSERT INTO SavingsAccount(AccountAccountID, InterestRate, DurationYears) VALUES (641, 0.05, 5);
INSERT INTO Transfer(AccountAccountIDFrom, AccountAccountIDTo, TransferDate, Amount) VALUES (640, 641, TO_DATE('14-3-2014','DD-MM-YYYY'), 57230.5);
INSERT INTO Person(GovID,Name, PhoneNumber, Email, Address, Birthday, Nationality) VALUES (1111121446,'Kyong eco','900010335', 'Kyong_eco100@sapo.pt', 'Gross-Zimmern, Germany', TO_DATE('8-4-1984','DD-MM-YYYY'), 'Germany');
INSERT INTO Costumer(PersonGovID) VALUES (1111121446);
INSERT INTO Account(CostumerCostumerID, BranchBranchID, Amount, BeginDate, EndDate) VALUES (319, 55, 176126.75, TO_DATE('15-10-2003','DD-MM-YYYY'), NULL);
INSERT INTO CurrentAccount(AccountAccountID, MaximumWithdraw) VALUES (642, 400);
INSERT INTO Deposit(AccountAccountID, DepositDate, Amount) VALUES (642, TO_DATE('15-10-2003','DD-MM-YYYY'),704507);
INSERT INTO Withdraw(CurrentAccountAccountID, WithdrawDate, Amount) VALUES (642, TO_DATE('15-10-2003','DD-MM-YYYY'), 176126.75);
INSERT INTO Account(CostumerCostumerID, BranchBranchID, Amount, BeginDate, EndDate) VALUES (319, 55, 352253.5, TO_DATE('15-10-2003','DD-MM-YYYY'), NULL);
INSERT INTO SavingsAccount(AccountAccountID, InterestRate, DurationYears) VALUES (643, 0.05, 3);
INSERT INTO Transfer(AccountAccountIDFrom, AccountAccountIDTo, TransferDate, Amount) VALUES (642, 643, TO_DATE('15-10-2003','DD-MM-YYYY'), 352253.5);
INSERT INTO Person(GovID,Name, PhoneNumber, Email, Address, Birthday, Nationality) VALUES (1111121447,'Kyra eco','900010336', 'Kyra_eco70@sapo.pt', 'Serres, Greece', TO_DATE('5-2-1964','DD-MM-YYYY'), 'Greece');
INSERT INTO Costumer(PersonGovID) VALUES (1111121447);
INSERT INTO Account(CostumerCostumerID, BranchBranchID, Amount, BeginDate, EndDate) VALUES (320, 560, 39733.5, TO_DATE('2-1-2004','DD-MM-YYYY'), NULL);
INSERT INTO CurrentAccount(AccountAccountID, MaximumWithdraw) VALUES (644, 400);
INSERT INTO Deposit(AccountAccountID, DepositDate, Amount) VALUES (644, TO_DATE('2-1-2004','DD-MM-YYYY'),158934);
INSERT INTO Withdraw(CurrentAccountAccountID, WithdrawDate, Amount) VALUES (644, TO_DATE('2-1-2004','DD-MM-YYYY'), 39733.5);
INSERT INTO Account(CostumerCostumerID, BranchBranchID, Amount, BeginDate, EndDate) VALUES (320, 560, 79467.0, TO_DATE('2-1-2004','DD-MM-YYYY'), NULL);
INSERT INTO SavingsAccount(AccountAccountID, InterestRate, DurationYears) VALUES (645, 0.05, 7);
INSERT INTO Transfer(AccountAccountIDFrom, AccountAccountIDTo, TransferDate, Amount) VALUES (644, 645, TO_DATE('2-1-2004','DD-MM-YYYY'), 79467.0);
INSERT INTO Person(GovID,Name, PhoneNumber, Email, Address, Birthday, Nationality) VALUES (1111121448,'Kyrylo eco','900010337', 'Kyrylo_eco83@sapo.pt', 'Annecy, France', TO_DATE('13-6-1998','DD-MM-YYYY'), 'France');
INSERT INTO Costumer(PersonGovID) VALUES (1111121448);
INSERT INTO Account(CostumerCostumerID, BranchBranchID, Amount, BeginDate, EndDate) VALUES (321, 809, 143680.0, TO_DATE('9-11-2009','DD-MM-YYYY'), NULL);
INSERT INTO CurrentAccount(AccountAccountID, MaximumWithdraw) VALUES (646, 400);
INSERT INTO Deposit(AccountAccountID, DepositDate, Amount) VALUES (646, TO_DATE('9-11-2009','DD-MM-YYYY'),574720);
INSERT INTO Withdraw(CurrentAccountAccountID, WithdrawDate, Amount) VALUES (646, TO_DATE('9-11-2009','DD-MM-YYYY'), 143680.0);
INSERT INTO Account(CostumerCostumerID, BranchBranchID, Amount, BeginDate, EndDate) VALUES (321, 809, 287360.0, TO_DATE('9-11-2009','DD-MM-YYYY'), NULL);
INSERT INTO SavingsAccount(AccountAccountID, InterestRate, DurationYears) VALUES (647, 0.05, 8);
INSERT INTO Transfer(AccountAccountIDFrom, AccountAccountIDTo, TransferDate, Amount) VALUES (646, 647, TO_DATE('9-11-2009','DD-MM-YYYY'), 287360.0);
INSERT INTO Person(GovID,Name, PhoneNumber, Email, Address, Birthday, Nationality) VALUES (1111121449,'Kyung eco','900010338', 'Kyung_eco37@sapo.pt', 'Patras, Greece', TO_DATE('28-12-1971','DD-MM-YYYY'), 'Greece');
INSERT INTO Costumer(PersonGovID) VALUES (1111121449);
INSERT INTO Account(CostumerCostumerID, BranchBranchID, Amount, BeginDate, EndDate) VALUES (322, 697, 123505.5, TO_DATE('27-11-2017','DD-MM-YYYY'), NULL);
INSERT INTO CurrentAccount(AccountAccountID, MaximumWithdraw) VALUES (648, 400);
INSERT INTO Deposit(AccountAccountID, DepositDate, Amount) VALUES (648, TO_DATE('27-11-2017','DD-MM-YYYY'),494022);
INSERT INTO Withdraw(CurrentAccountAccountID, WithdrawDate, Amount) VALUES (648, TO_DATE('27-11-2017','DD-MM-YYYY'), 123505.5);
INSERT INTO Account(CostumerCostumerID, BranchBranchID, Amount, BeginDate, EndDate) VALUES (322, 697, 247011.0, TO_DATE('27-11-2017','DD-MM-YYYY'), NULL);
INSERT INTO SavingsAccount(AccountAccountID, InterestRate, DurationYears) VALUES (649, 0.05, 6);
INSERT INTO Transfer(AccountAccountIDFrom, AccountAccountIDTo, TransferDate, Amount) VALUES (648, 649, TO_DATE('27-11-2017','DD-MM-YYYY'), 247011.0);
INSERT INTO Person(GovID,Name, PhoneNumber, Email, Address, Birthday, Nationality) VALUES (1111121450,'L eco','900010339', 'L_eco18@sapo.pt', 'Apolda, Germany', TO_DATE('26-4-1989','DD-MM-YYYY'), 'Germany');
INSERT INTO Costumer(PersonGovID) VALUES (1111121450);
INSERT INTO Account(CostumerCostumerID, BranchBranchID, Amount, BeginDate, EndDate) VALUES (323, 580, 35443.0, TO_DATE('22-5-2017','DD-MM-YYYY'), NULL);
INSERT INTO CurrentAccount(AccountAccountID, MaximumWithdraw) VALUES (650, 400);
INSERT INTO Deposit(AccountAccountID, DepositDate, Amount) VALUES (650, TO_DATE('22-5-2017','DD-MM-YYYY'),141772);
INSERT INTO Withdraw(CurrentAccountAccountID, WithdrawDate, Amount) VALUES (650, TO_DATE('22-5-2017','DD-MM-YYYY'), 35443.0);
INSERT INTO Account(CostumerCostumerID, BranchBranchID, Amount, BeginDate, EndDate) VALUES (323, 580, 70886.0, TO_DATE('22-5-2017','DD-MM-YYYY'), NULL);
INSERT INTO SavingsAccount(AccountAccountID, InterestRate, DurationYears) VALUES (651, 0.05, 8);
INSERT INTO Transfer(AccountAccountIDFrom, AccountAccountIDTo, TransferDate, Amount) VALUES (650, 651, TO_DATE('22-5-2017','DD-MM-YYYY'), 70886.0);
INSERT INTO Person(GovID,Name, PhoneNumber, Email, Address, Birthday, Nationality) VALUES (1111121451,'Laarbi eco','900010340', 'Laarbi_eco86@sapo.pt', 'Ottignies, Belgium', TO_DATE('17-8-2000','DD-MM-YYYY'), 'Belgium');
INSERT INTO Costumer(PersonGovID) VALUES (1111121451);
INSERT INTO Account(CostumerCostumerID, BranchBranchID, Amount, BeginDate, EndDate) VALUES (324, 485, 71347.75, TO_DATE('16-5-2000','DD-MM-YYYY'), NULL);
INSERT INTO CurrentAccount(AccountAccountID, MaximumWithdraw) VALUES (652, 400);
INSERT INTO Deposit(AccountAccountID, DepositDate, Amount) VALUES (652, TO_DATE('16-5-2000','DD-MM-YYYY'),285391);
INSERT INTO Withdraw(CurrentAccountAccountID, WithdrawDate, Amount) VALUES (652, TO_DATE('16-5-2000','DD-MM-YYYY'), 71347.75);
INSERT INTO Account(CostumerCostumerID, BranchBranchID, Amount, BeginDate, EndDate) VALUES (324, 485, 142695.5, TO_DATE('16-5-2000','DD-MM-YYYY'), NULL);
INSERT INTO SavingsAccount(AccountAccountID, InterestRate, DurationYears) VALUES (653, 0.05, 8);
INSERT INTO Transfer(AccountAccountIDFrom, AccountAccountIDTo, TransferDate, Amount) VALUES (652, 653, TO_DATE('16-5-2000','DD-MM-YYYY'), 142695.5);
INSERT INTO Person(GovID,Name, PhoneNumber, Email, Address, Birthday, Nationality) VALUES (1111121452,'Laaroussi eco','900010341', 'Laaroussi_eco86@sapo.pt', 'Friedberg, Germany', TO_DATE('25-6-2002','DD-MM-YYYY'), 'Germany');
INSERT INTO Costumer(PersonGovID) VALUES (1111121452);
INSERT INTO Account(CostumerCostumerID, BranchBranchID, Amount, BeginDate, EndDate) VALUES (325, 977, 77815.25, TO_DATE('26-12-2012','DD-MM-YYYY'), NULL);
INSERT INTO CurrentAccount(AccountAccountID, MaximumWithdraw) VALUES (654, 400);
INSERT INTO Deposit(AccountAccountID, DepositDate, Amount) VALUES (654, TO_DATE('26-12-2012','DD-MM-YYYY'),311261);
INSERT INTO Withdraw(CurrentAccountAccountID, WithdrawDate, Amount) VALUES (654, TO_DATE('26-12-2012','DD-MM-YYYY'), 77815.25);
INSERT INTO Account(CostumerCostumerID, BranchBranchID, Amount, BeginDate, EndDate) VALUES (325, 977, 155630.5, TO_DATE('26-12-2012','DD-MM-YYYY'), NULL);
INSERT INTO SavingsAccount(AccountAccountID, InterestRate, DurationYears) VALUES (655, 0.05, 7);
INSERT INTO Transfer(AccountAccountIDFrom, AccountAccountIDTo, TransferDate, Amount) VALUES (654, 655, TO_DATE('26-12-2012','DD-MM-YYYY'), 155630.5);
INSERT INTO Person(GovID,Name, PhoneNumber, Email, Address, Birthday, Nationality) VALUES (1111121453,'Laaziz eco','900010342', 'Laaziz_eco65@sapo.pt', 'Pamplona, Spain', TO_DATE('5-5-1951','DD-MM-YYYY'), 'Spain');
INSERT INTO Costumer(PersonGovID) VALUES (1111121453);
INSERT INTO Account(CostumerCostumerID, BranchBranchID, Amount, BeginDate, EndDate) VALUES (326, 1141, 68468.25, TO_DATE('27-1-2003','DD-MM-YYYY'), NULL);
INSERT INTO CurrentAccount(AccountAccountID, MaximumWithdraw) VALUES (656, 400);
INSERT INTO Deposit(AccountAccountID, DepositDate, Amount) VALUES (656, TO_DATE('27-1-2003','DD-MM-YYYY'),273873);
INSERT INTO Withdraw(CurrentAccountAccountID, WithdrawDate, Amount) VALUES (656, TO_DATE('27-1-2003','DD-MM-YYYY'), 68468.25);
INSERT INTO Account(CostumerCostumerID, BranchBranchID, Amount, BeginDate, EndDate) VALUES (326, 1141, 136936.5, TO_DATE('27-1-2003','DD-MM-YYYY'), NULL);
INSERT INTO SavingsAccount(AccountAccountID, InterestRate, DurationYears) VALUES (657, 0.05, 7);
INSERT INTO Transfer(AccountAccountIDFrom, AccountAccountIDTo, TransferDate, Amount) VALUES (656, 657, TO_DATE('27-1-2003','DD-MM-YYYY'), 136936.5);
INSERT INTO Person(GovID,Name, PhoneNumber, Email, Address, Birthday, Nationality) VALUES (1111121454,'Laaziza eco','900010343', 'Laaziza_eco100@sapo.pt', 'Pinerolo, Italy', TO_DATE('13-11-1985','DD-MM-YYYY'), 'Italy');
INSERT INTO Costumer(PersonGovID) VALUES (1111121454);
INSERT INTO Account(CostumerCostumerID, BranchBranchID, Amount, BeginDate, EndDate) VALUES (327, 856, 228173.0, TO_DATE('27-1-2007','DD-MM-YYYY'), NULL);
INSERT INTO CurrentAccount(AccountAccountID, MaximumWithdraw) VALUES (658, 400);
INSERT INTO Deposit(AccountAccountID, DepositDate, Amount) VALUES (658, TO_DATE('27-1-2007','DD-MM-YYYY'),912692);
INSERT INTO Withdraw(CurrentAccountAccountID, WithdrawDate, Amount) VALUES (658, TO_DATE('27-1-2007','DD-MM-YYYY'), 228173.0);
INSERT INTO Account(CostumerCostumerID, BranchBranchID, Amount, BeginDate, EndDate) VALUES (327, 856, 456346.0, TO_DATE('27-1-2007','DD-MM-YYYY'), NULL);
INSERT INTO SavingsAccount(AccountAccountID, InterestRate, DurationYears) VALUES (659, 0.05, 8);
INSERT INTO Transfer(AccountAccountIDFrom, AccountAccountIDTo, TransferDate, Amount) VALUES (658, 659, TO_DATE('27-1-2007','DD-MM-YYYY'), 456346.0);
INSERT INTO Person(GovID,Name, PhoneNumber, Email, Address, Birthday, Nationality) VALUES (1111121455,'Laban eco','900010344', 'Laban_eco95@sapo.pt', 'Rafina, Greece', TO_DATE('2-12-1993','DD-MM-YYYY'), 'Greece');
INSERT INTO Costumer(PersonGovID) VALUES (1111121455);
INSERT INTO Account(CostumerCostumerID, BranchBranchID, Amount, BeginDate, EndDate) VALUES (328, 874, 202017.75, TO_DATE('2-2-2016','DD-MM-YYYY'), NULL);
INSERT INTO CurrentAccount(AccountAccountID, MaximumWithdraw) VALUES (660, 400);
INSERT INTO Deposit(AccountAccountID, DepositDate, Amount) VALUES (660, TO_DATE('2-2-2016','DD-MM-YYYY'),808071);
INSERT INTO Withdraw(CurrentAccountAccountID, WithdrawDate, Amount) VALUES (660, TO_DATE('2-2-2016','DD-MM-YYYY'), 202017.75);
INSERT INTO Account(CostumerCostumerID, BranchBranchID, Amount, BeginDate, EndDate) VALUES (328, 874, 404035.5, TO_DATE('2-2-2016','DD-MM-YYYY'), NULL);
INSERT INTO SavingsAccount(AccountAccountID, InterestRate, DurationYears) VALUES (661, 0.05, 10);
INSERT INTO Transfer(AccountAccountIDFrom, AccountAccountIDTo, TransferDate, Amount) VALUES (660, 661, TO_DATE('2-2-2016','DD-MM-YYYY'), 404035.5);
INSERT INTO Person(GovID,Name, PhoneNumber, Email, Address, Birthday, Nationality) VALUES (1111121456,'Lacey eco','900010345', 'Lacey_eco1@sapo.pt', 'Landau, Germany', TO_DATE('1-9-1974','DD-MM-YYYY'), 'Germany');
INSERT INTO Costumer(PersonGovID) VALUES (1111121456);
INSERT INTO Account(CostumerCostumerID, BranchBranchID, Amount, BeginDate, EndDate) VALUES (329, 809, 127743.5, TO_DATE('9-2-2017','DD-MM-YYYY'), NULL);
INSERT INTO CurrentAccount(AccountAccountID, MaximumWithdraw) VALUES (662, 400);
INSERT INTO Deposit(AccountAccountID, DepositDate, Amount) VALUES (662, TO_DATE('9-2-2017','DD-MM-YYYY'),510974);
INSERT INTO Withdraw(CurrentAccountAccountID, WithdrawDate, Amount) VALUES (662, TO_DATE('9-2-2017','DD-MM-YYYY'), 127743.5);
INSERT INTO Account(CostumerCostumerID, BranchBranchID, Amount, BeginDate, EndDate) VALUES (329, 809, 255487.0, TO_DATE('9-2-2017','DD-MM-YYYY'), NULL);
INSERT INTO SavingsAccount(AccountAccountID, InterestRate, DurationYears) VALUES (663, 0.05, 3);
INSERT INTO Transfer(AccountAccountIDFrom, AccountAccountIDTo, TransferDate, Amount) VALUES (662, 663, TO_DATE('9-2-2017','DD-MM-YYYY'), 255487.0);
INSERT INTO Account(CostumerCostumerID, BranchBranchID, Amount, BeginDate, EndDate) VALUES (329, 809, 568484, TO_DATE('9-2-2017','DD-MM-YYYY'), NULL);
INSERT INTO CurrentAccount(AccountAccountID, MaximumWithdraw) VALUES (664, 400);
INSERT INTO Loan(BranchBranchID, CurrentAccountAccountAccountID, Amount, InterestRate, DateOfCreation, DateOfCompletion) VALUES (809, 664, 568484, 0.07, TO_DATE('9-2-2017','DD-MM-YYYY'), TO_DATE('9-2-2019','DD-MM-YYYY'));
INSERT INTO Payment(LoanLoanID, CurrentAccountAccountID, PaymentDate, Amount) VALUES (6, 664, TO_DATE('9-3-2017','DD-MM-YYYY'), 23687);
INSERT INTO Deposit(AccountAccountID, DepositDate, Amount) VALUES (664, TO_DATE('9-3-2017','DD-MM-YYYY'),23687);
INSERT INTO Payment(LoanLoanID, CurrentAccountAccountID, PaymentDate, Amount) VALUES (6, 664, TO_DATE('9-4-2017','DD-MM-YYYY'), 23687);
INSERT INTO Deposit(AccountAccountID, DepositDate, Amount) VALUES (664, TO_DATE('9-4-2017','DD-MM-YYYY'),23687);
INSERT INTO Payment(LoanLoanID, CurrentAccountAccountID, PaymentDate, Amount) VALUES (6, 664, TO_DATE('9-5-2017','DD-MM-YYYY'), 23687);
INSERT INTO Deposit(AccountAccountID, DepositDate, Amount) VALUES (664, TO_DATE('9-5-2017','DD-MM-YYYY'),23687);
INSERT INTO Payment(LoanLoanID, CurrentAccountAccountID, PaymentDate, Amount) VALUES (6, 664, TO_DATE('9-6-2017','DD-MM-YYYY'), 23687);
INSERT INTO Deposit(AccountAccountID, DepositDate, Amount) VALUES (664, TO_DATE('9-6-2017','DD-MM-YYYY'),23687);
INSERT INTO Payment(LoanLoanID, CurrentAccountAccountID, PaymentDate, Amount) VALUES (6, 664, TO_DATE('9-7-2017','DD-MM-YYYY'), 23687);
INSERT INTO Deposit(AccountAccountID, DepositDate, Amount) VALUES (664, TO_DATE('9-7-2017','DD-MM-YYYY'),23687);
INSERT INTO Payment(LoanLoanID, CurrentAccountAccountID, PaymentDate, Amount) VALUES (6, 664, TO_DATE('9-8-2017','DD-MM-YYYY'), 23687);
INSERT INTO Deposit(AccountAccountID, DepositDate, Amount) VALUES (664, TO_DATE('9-8-2017','DD-MM-YYYY'),23687);
INSERT INTO Payment(LoanLoanID, CurrentAccountAccountID, PaymentDate, Amount) VALUES (6, 664, TO_DATE('9-9-2017','DD-MM-YYYY'), 23687);
INSERT INTO Deposit(AccountAccountID, DepositDate, Amount) VALUES (664, TO_DATE('9-9-2017','DD-MM-YYYY'),23687);
INSERT INTO Payment(LoanLoanID, CurrentAccountAccountID, PaymentDate, Amount) VALUES (6, 664, TO_DATE('9-10-2017','DD-MM-YYYY'), 23687);
INSERT INTO Deposit(AccountAccountID, DepositDate, Amount) VALUES (664, TO_DATE('9-10-2017','DD-MM-YYYY'),23687);
INSERT INTO Payment(LoanLoanID, CurrentAccountAccountID, PaymentDate, Amount) VALUES (6, 664, TO_DATE('9-11-2017','DD-MM-YYYY'), 23687);
INSERT INTO Deposit(AccountAccountID, DepositDate, Amount) VALUES (664, TO_DATE('9-11-2017','DD-MM-YYYY'),23687);
INSERT INTO Payment(LoanLoanID, CurrentAccountAccountID, PaymentDate, Amount) VALUES (6, 664, TO_DATE('9-12-2017','DD-MM-YYYY'), 23687);
INSERT INTO Deposit(AccountAccountID, DepositDate, Amount) VALUES (664, TO_DATE('9-12-2017','DD-MM-YYYY'),23687);
INSERT INTO Payment(LoanLoanID, CurrentAccountAccountID, PaymentDate, Amount) VALUES (6, 664, TO_DATE('9-1-2018','DD-MM-YYYY'), 23687);
INSERT INTO Deposit(AccountAccountID, DepositDate, Amount) VALUES (664, TO_DATE('9-1-2018','DD-MM-YYYY'),23687);
INSERT INTO Payment(LoanLoanID, CurrentAccountAccountID, PaymentDate, Amount) VALUES (6, 664, TO_DATE('9-2-2018','DD-MM-YYYY'), 23687);
INSERT INTO Deposit(AccountAccountID, DepositDate, Amount) VALUES (664, TO_DATE('9-2-2018','DD-MM-YYYY'),23687);
INSERT INTO Payment(LoanLoanID, CurrentAccountAccountID, PaymentDate, Amount) VALUES (6, 664, TO_DATE('9-3-2018','DD-MM-YYYY'), 23687);
INSERT INTO Deposit(AccountAccountID, DepositDate, Amount) VALUES (664, TO_DATE('9-3-2018','DD-MM-YYYY'),23687);
INSERT INTO Payment(LoanLoanID, CurrentAccountAccountID, PaymentDate, Amount) VALUES (6, 664, TO_DATE('9-4-2018','DD-MM-YYYY'), 23687);
INSERT INTO Deposit(AccountAccountID, DepositDate, Amount) VALUES (664, TO_DATE('9-4-2018','DD-MM-YYYY'),23687);
INSERT INTO Payment(LoanLoanID, CurrentAccountAccountID, PaymentDate, Amount) VALUES (6, 664, TO_DATE('9-5-2018','DD-MM-YYYY'), 23687);
INSERT INTO Deposit(AccountAccountID, DepositDate, Amount) VALUES (664, TO_DATE('9-5-2018','DD-MM-YYYY'),23687);
INSERT INTO Payment(LoanLoanID, CurrentAccountAccountID, PaymentDate, Amount) VALUES (6, 664, TO_DATE('9-6-2018','DD-MM-YYYY'), 23687);
INSERT INTO Deposit(AccountAccountID, DepositDate, Amount) VALUES (664, TO_DATE('9-6-2018','DD-MM-YYYY'),23687);
INSERT INTO Payment(LoanLoanID, CurrentAccountAccountID, PaymentDate, Amount) VALUES (6, 664, TO_DATE('9-7-2018','DD-MM-YYYY'), 23687);
INSERT INTO Deposit(AccountAccountID, DepositDate, Amount) VALUES (664, TO_DATE('9-7-2018','DD-MM-YYYY'),23687);
INSERT INTO Payment(LoanLoanID, CurrentAccountAccountID, PaymentDate, Amount) VALUES (6, 664, TO_DATE('9-8-2018','DD-MM-YYYY'), 23687);
INSERT INTO Deposit(AccountAccountID, DepositDate, Amount) VALUES (664, TO_DATE('9-8-2018','DD-MM-YYYY'),23687);
INSERT INTO Payment(LoanLoanID, CurrentAccountAccountID, PaymentDate, Amount) VALUES (6, 664, TO_DATE('9-9-2018','DD-MM-YYYY'), 23687);
INSERT INTO Deposit(AccountAccountID, DepositDate, Amount) VALUES (664, TO_DATE('9-9-2018','DD-MM-YYYY'),23687);
INSERT INTO Payment(LoanLoanID, CurrentAccountAccountID, PaymentDate, Amount) VALUES (6, 664, TO_DATE('9-10-2018','DD-MM-YYYY'), 23687);
INSERT INTO Deposit(AccountAccountID, DepositDate, Amount) VALUES (664, TO_DATE('9-10-2018','DD-MM-YYYY'),23687);
INSERT INTO Payment(LoanLoanID, CurrentAccountAccountID, PaymentDate, Amount) VALUES (6, 664, TO_DATE('9-11-2018','DD-MM-YYYY'), 23687);
INSERT INTO Deposit(AccountAccountID, DepositDate, Amount) VALUES (664, TO_DATE('9-11-2018','DD-MM-YYYY'),23687);
INSERT INTO Payment(LoanLoanID, CurrentAccountAccountID, PaymentDate, Amount) VALUES (6, 664, TO_DATE('9-12-2018','DD-MM-YYYY'), 23687);
INSERT INTO Deposit(AccountAccountID, DepositDate, Amount) VALUES (664, TO_DATE('9-12-2018','DD-MM-YYYY'),23687);
INSERT INTO Payment(LoanLoanID, CurrentAccountAccountID, PaymentDate, Amount) VALUES (6, 664, TO_DATE('9-1-2019','DD-MM-YYYY'), 23687);
INSERT INTO Deposit(AccountAccountID, DepositDate, Amount) VALUES (664, TO_DATE('9-1-2019','DD-MM-YYYY'),23687);
INSERT INTO Payment(LoanLoanID, CurrentAccountAccountID, PaymentDate, Amount) VALUES (6, 664, TO_DATE('9-2-2019','DD-MM-YYYY'), 23687);
INSERT INTO Deposit(AccountAccountID, DepositDate, Amount) VALUES (664, TO_DATE('9-2-2019','DD-MM-YYYY'),23687);
INSERT INTO Person(GovID,Name, PhoneNumber, Email, Address, Birthday, Nationality) VALUES (1111121457,'Lachelle eco','900010346', 'Lachelle_eco57@sapo.pt', 'Montigny-le-Bretonneux, France', TO_DATE('22-2-1999','DD-MM-YYYY'), 'France');
INSERT INTO Costumer(PersonGovID) VALUES (1111121457);
INSERT INTO Account(CostumerCostumerID, BranchBranchID, Amount, BeginDate, EndDate) VALUES (330, 817, 67412.5, TO_DATE('26-1-2017','DD-MM-YYYY'), NULL);
INSERT INTO CurrentAccount(AccountAccountID, MaximumWithdraw) VALUES (665, 400);
INSERT INTO Deposit(AccountAccountID, DepositDate, Amount) VALUES (665, TO_DATE('26-1-2017','DD-MM-YYYY'),269650);
INSERT INTO Withdraw(CurrentAccountAccountID, WithdrawDate, Amount) VALUES (665, TO_DATE('26-1-2017','DD-MM-YYYY'), 67412.5);
INSERT INTO Account(CostumerCostumerID, BranchBranchID, Amount, BeginDate, EndDate) VALUES (330, 817, 134825.0, TO_DATE('26-1-2017','DD-MM-YYYY'), NULL);
INSERT INTO SavingsAccount(AccountAccountID, InterestRate, DurationYears) VALUES (666, 0.05, 7);
INSERT INTO Transfer(AccountAccountIDFrom, AccountAccountIDTo, TransferDate, Amount) VALUES (665, 666, TO_DATE('26-1-2017','DD-MM-YYYY'), 134825.0);
INSERT INTO Person(GovID,Name, PhoneNumber, Email, Address, Birthday, Nationality) VALUES (1111121458,'Lachezar eco','900010347', 'Lachezar_eco50@sapo.pt', 'Guidonia, Italy', TO_DATE('1-1-1951','DD-MM-YYYY'), 'Italy');
INSERT INTO Costumer(PersonGovID) VALUES (1111121458);
INSERT INTO Account(CostumerCostumerID, BranchBranchID, Amount, BeginDate, EndDate) VALUES (331, 143, 111525.25, TO_DATE('13-12-2008','DD-MM-YYYY'), NULL);
INSERT INTO CurrentAccount(AccountAccountID, MaximumWithdraw) VALUES (667, 400);
INSERT INTO Deposit(AccountAccountID, DepositDate, Amount) VALUES (667, TO_DATE('13-12-2008','DD-MM-YYYY'),446101);
INSERT INTO Withdraw(CurrentAccountAccountID, WithdrawDate, Amount) VALUES (667, TO_DATE('13-12-2008','DD-MM-YYYY'), 111525.25);
INSERT INTO Account(CostumerCostumerID, BranchBranchID, Amount, BeginDate, EndDate) VALUES (331, 143, 223050.5, TO_DATE('13-12-2008','DD-MM-YYYY'), NULL);
INSERT INTO SavingsAccount(AccountAccountID, InterestRate, DurationYears) VALUES (668, 0.05, 6);
INSERT INTO Transfer(AccountAccountIDFrom, AccountAccountIDTo, TransferDate, Amount) VALUES (667, 668, TO_DATE('13-12-2008','DD-MM-YYYY'), 223050.5);
INSERT INTO Person(GovID,Name, PhoneNumber, Email, Address, Birthday, Nationality) VALUES (1111121459,'Lachman eco','900010348', 'Lachman_eco97@sapo.pt', 'Uberlingen, Germany', TO_DATE('1-8-1984','DD-MM-YYYY'), 'Germany');
INSERT INTO Costumer(PersonGovID) VALUES (1111121459);
INSERT INTO Account(CostumerCostumerID, BranchBranchID, Amount, BeginDate, EndDate) VALUES (332, 119, 143088.5, TO_DATE('4-11-2018','DD-MM-YYYY'), NULL);
INSERT INTO CurrentAccount(AccountAccountID, MaximumWithdraw) VALUES (669, 400);
INSERT INTO Deposit(AccountAccountID, DepositDate, Amount) VALUES (669, TO_DATE('4-11-2018','DD-MM-YYYY'),572354);
INSERT INTO Withdraw(CurrentAccountAccountID, WithdrawDate, Amount) VALUES (669, TO_DATE('4-11-2018','DD-MM-YYYY'), 143088.5);
INSERT INTO Account(CostumerCostumerID, BranchBranchID, Amount, BeginDate, EndDate) VALUES (332, 119, 286177.0, TO_DATE('4-11-2018','DD-MM-YYYY'), NULL);
INSERT INTO SavingsAccount(AccountAccountID, InterestRate, DurationYears) VALUES (670, 0.05, 3);
INSERT INTO Transfer(AccountAccountIDFrom, AccountAccountIDTo, TransferDate, Amount) VALUES (669, 670, TO_DATE('4-11-2018','DD-MM-YYYY'), 286177.0);
INSERT INTO Person(GovID,Name, PhoneNumber, Email, Address, Birthday, Nationality) VALUES (1111121460,'Laci eco','900010349', 'Laci_eco93@sapo.pt', 'Guimares, Portugal', TO_DATE('28-2-1950','DD-MM-YYYY'), 'Portugal');
INSERT INTO Costumer(PersonGovID) VALUES (1111121460);
INSERT INTO Account(CostumerCostumerID, BranchBranchID, Amount, BeginDate, EndDate) VALUES (333, 429, 234980.75, TO_DATE('5-10-2003','DD-MM-YYYY'), NULL);
INSERT INTO CurrentAccount(AccountAccountID, MaximumWithdraw) VALUES (671, 400);
INSERT INTO Deposit(AccountAccountID, DepositDate, Amount) VALUES (671, TO_DATE('5-10-2003','DD-MM-YYYY'),939923);
INSERT INTO Withdraw(CurrentAccountAccountID, WithdrawDate, Amount) VALUES (671, TO_DATE('5-10-2003','DD-MM-YYYY'), 234980.75);
INSERT INTO Account(CostumerCostumerID, BranchBranchID, Amount, BeginDate, EndDate) VALUES (333, 429, 469961.5, TO_DATE('5-10-2003','DD-MM-YYYY'), NULL);
INSERT INTO SavingsAccount(AccountAccountID, InterestRate, DurationYears) VALUES (672, 0.05, 6);
INSERT INTO Transfer(AccountAccountIDFrom, AccountAccountIDTo, TransferDate, Amount) VALUES (671, 672, TO_DATE('5-10-2003','DD-MM-YYYY'), 469961.5);
INSERT INTO Person(GovID,Name, PhoneNumber, Email, Address, Birthday, Nationality) VALUES (1111121461,'Lacie eco','900010350', 'Lacie_eco87@sapo.pt', 'Gavere, Belgium', TO_DATE('26-6-1972','DD-MM-YYYY'), 'Belgium');
INSERT INTO Costumer(PersonGovID) VALUES (1111121461);
INSERT INTO Account(CostumerCostumerID, BranchBranchID, Amount, BeginDate, EndDate) VALUES (334, 824, 154793.5, TO_DATE('21-10-2016','DD-MM-YYYY'), NULL);
INSERT INTO CurrentAccount(AccountAccountID, MaximumWithdraw) VALUES (673, 400);
INSERT INTO Deposit(AccountAccountID, DepositDate, Amount) VALUES (673, TO_DATE('21-10-2016','DD-MM-YYYY'),619174);
INSERT INTO Withdraw(CurrentAccountAccountID, WithdrawDate, Amount) VALUES (673, TO_DATE('21-10-2016','DD-MM-YYYY'), 154793.5);
INSERT INTO Account(CostumerCostumerID, BranchBranchID, Amount, BeginDate, EndDate) VALUES (334, 824, 309587.0, TO_DATE('21-10-2016','DD-MM-YYYY'), NULL);
INSERT INTO SavingsAccount(AccountAccountID, InterestRate, DurationYears) VALUES (674, 0.05, 8);
INSERT INTO Transfer(AccountAccountIDFrom, AccountAccountIDTo, TransferDate, Amount) VALUES (673, 674, TO_DATE('21-10-2016','DD-MM-YYYY'), 309587.0);
INSERT INTO Person(GovID,Name, PhoneNumber, Email, Address, Birthday, Nationality) VALUES (1111121462,'Lacramioara eco','900010351', 'Lacramioara_eco43@sapo.pt', 'Barbizon, France', TO_DATE('9-3-1995','DD-MM-YYYY'), 'France');
INSERT INTO Costumer(PersonGovID) VALUES (1111121462);
INSERT INTO Account(CostumerCostumerID, BranchBranchID, Amount, BeginDate, EndDate) VALUES (335, 1009, 165596.0, TO_DATE('8-3-2001','DD-MM-YYYY'), NULL);
INSERT INTO CurrentAccount(AccountAccountID, MaximumWithdraw) VALUES (675, 400);
INSERT INTO Deposit(AccountAccountID, DepositDate, Amount) VALUES (675, TO_DATE('8-3-2001','DD-MM-YYYY'),662384);
INSERT INTO Withdraw(CurrentAccountAccountID, WithdrawDate, Amount) VALUES (675, TO_DATE('8-3-2001','DD-MM-YYYY'), 165596.0);
INSERT INTO Account(CostumerCostumerID, BranchBranchID, Amount, BeginDate, EndDate) VALUES (335, 1009, 331192.0, TO_DATE('8-3-2001','DD-MM-YYYY'), NULL);
INSERT INTO SavingsAccount(AccountAccountID, InterestRate, DurationYears) VALUES (676, 0.05, 3);
INSERT INTO Transfer(AccountAccountIDFrom, AccountAccountIDTo, TransferDate, Amount) VALUES (675, 676, TO_DATE('8-3-2001','DD-MM-YYYY'), 331192.0);
INSERT INTO Person(GovID,Name, PhoneNumber, Email, Address, Birthday, Nationality) VALUES (1111121463,'Lacresha eco','900010352', 'Lacresha_eco67@sapo.pt', 'Alcal De Henares, Spain', TO_DATE('25-7-1989','DD-MM-YYYY'), 'Spain');
INSERT INTO Costumer(PersonGovID) VALUES (1111121463);
INSERT INTO Account(CostumerCostumerID, BranchBranchID, Amount, BeginDate, EndDate) VALUES (336, 766, 26592.5, TO_DATE('14-4-2002','DD-MM-YYYY'), NULL);
INSERT INTO CurrentAccount(AccountAccountID, MaximumWithdraw) VALUES (677, 400);
INSERT INTO Deposit(AccountAccountID, DepositDate, Amount) VALUES (677, TO_DATE('14-4-2002','DD-MM-YYYY'),106370);
INSERT INTO Withdraw(CurrentAccountAccountID, WithdrawDate, Amount) VALUES (677, TO_DATE('14-4-2002','DD-MM-YYYY'), 26592.5);
INSERT INTO Account(CostumerCostumerID, BranchBranchID, Amount, BeginDate, EndDate) VALUES (336, 766, 53185.0, TO_DATE('14-4-2002','DD-MM-YYYY'), NULL);
INSERT INTO SavingsAccount(AccountAccountID, InterestRate, DurationYears) VALUES (678, 0.05, 9);
INSERT INTO Transfer(AccountAccountIDFrom, AccountAccountIDTo, TransferDate, Amount) VALUES (677, 678, TO_DATE('14-4-2002','DD-MM-YYYY'), 53185.0);
INSERT INTO Person(GovID,Name, PhoneNumber, Email, Address, Birthday, Nationality) VALUES (1111121464,'Lacrimioara eco','900010353', 'Lacrimioara_eco90@sapo.pt', 'Charleroi, Belgium', TO_DATE('12-1-1990','DD-MM-YYYY'), 'Belgium');
INSERT INTO Costumer(PersonGovID) VALUES (1111121464);
INSERT INTO Account(CostumerCostumerID, BranchBranchID, Amount, BeginDate, EndDate) VALUES (337, 506, 138746.25, TO_DATE('25-3-2014','DD-MM-YYYY'), NULL);
INSERT INTO CurrentAccount(AccountAccountID, MaximumWithdraw) VALUES (679, 400);
INSERT INTO Deposit(AccountAccountID, DepositDate, Amount) VALUES (679, TO_DATE('25-3-2014','DD-MM-YYYY'),554985);
INSERT INTO Withdraw(CurrentAccountAccountID, WithdrawDate, Amount) VALUES (679, TO_DATE('25-3-2014','DD-MM-YYYY'), 138746.25);
INSERT INTO Account(CostumerCostumerID, BranchBranchID, Amount, BeginDate, EndDate) VALUES (337, 506, 277492.5, TO_DATE('25-3-2014','DD-MM-YYYY'), NULL);
INSERT INTO SavingsAccount(AccountAccountID, InterestRate, DurationYears) VALUES (680, 0.05, 3);
INSERT INTO Transfer(AccountAccountIDFrom, AccountAccountIDTo, TransferDate, Amount) VALUES (679, 680, TO_DATE('25-3-2014','DD-MM-YYYY'), 277492.5);
INSERT INTO Person(GovID,Name, PhoneNumber, Email, Address, Birthday, Nationality) VALUES (1111121465,'Lacy eco','900010354', 'Lacy_eco25@sapo.pt', 'Baden, Austria', TO_DATE('10-11-1962','DD-MM-YYYY'), 'Austria');
INSERT INTO Costumer(PersonGovID) VALUES (1111121465);
INSERT INTO Account(CostumerCostumerID, BranchBranchID, Amount, BeginDate, EndDate) VALUES (338, 93, 64685.25, TO_DATE('7-6-2006','DD-MM-YYYY'), NULL);
INSERT INTO CurrentAccount(AccountAccountID, MaximumWithdraw) VALUES (681, 400);
INSERT INTO Deposit(AccountAccountID, DepositDate, Amount) VALUES (681, TO_DATE('7-6-2006','DD-MM-YYYY'),258741);
INSERT INTO Withdraw(CurrentAccountAccountID, WithdrawDate, Amount) VALUES (681, TO_DATE('7-6-2006','DD-MM-YYYY'), 64685.25);
INSERT INTO Account(CostumerCostumerID, BranchBranchID, Amount, BeginDate, EndDate) VALUES (338, 93, 129370.5, TO_DATE('7-6-2006','DD-MM-YYYY'), NULL);
INSERT INTO SavingsAccount(AccountAccountID, InterestRate, DurationYears) VALUES (682, 0.05, 8);
INSERT INTO Transfer(AccountAccountIDFrom, AccountAccountIDTo, TransferDate, Amount) VALUES (681, 682, TO_DATE('7-6-2006','DD-MM-YYYY'), 129370.5);
INSERT INTO Person(GovID,Name, PhoneNumber, Email, Address, Birthday, Nationality) VALUES (1111121466,'Lada eco','900010355', 'Lada_eco56@sapo.pt', 'Irakleion, Greece', TO_DATE('3-5-1974','DD-MM-YYYY'), 'Greece');
INSERT INTO Costumer(PersonGovID) VALUES (1111121466);
INSERT INTO Account(CostumerCostumerID, BranchBranchID, Amount, BeginDate, EndDate) VALUES (339, 71, 160109.5, TO_DATE('5-11-2000','DD-MM-YYYY'), NULL);
INSERT INTO CurrentAccount(AccountAccountID, MaximumWithdraw) VALUES (683, 400);
INSERT INTO Deposit(AccountAccountID, DepositDate, Amount) VALUES (683, TO_DATE('5-11-2000','DD-MM-YYYY'),640438);
INSERT INTO Withdraw(CurrentAccountAccountID, WithdrawDate, Amount) VALUES (683, TO_DATE('5-11-2000','DD-MM-YYYY'), 160109.5);
INSERT INTO Account(CostumerCostumerID, BranchBranchID, Amount, BeginDate, EndDate) VALUES (339, 71, 320219.0, TO_DATE('5-11-2000','DD-MM-YYYY'), NULL);
INSERT INTO SavingsAccount(AccountAccountID, InterestRate, DurationYears) VALUES (684, 0.05, 7);
INSERT INTO Transfer(AccountAccountIDFrom, AccountAccountIDTo, TransferDate, Amount) VALUES (683, 684, TO_DATE('5-11-2000','DD-MM-YYYY'), 320219.0);
INSERT INTO Person(GovID,Name, PhoneNumber, Email, Address, Birthday, Nationality) VALUES (1111121467,'Ladawn eco','900010356', 'Ladawn_eco7@sapo.pt', 'Las Palmas, Spain', TO_DATE('26-7-1978','DD-MM-YYYY'), 'Spain');
INSERT INTO Costumer(PersonGovID) VALUES (1111121467);
INSERT INTO Account(CostumerCostumerID, BranchBranchID, Amount, BeginDate, EndDate) VALUES (340, 824, 96273.0, TO_DATE('6-7-2004','DD-MM-YYYY'), NULL);
INSERT INTO CurrentAccount(AccountAccountID, MaximumWithdraw) VALUES (685, 400);
INSERT INTO Deposit(AccountAccountID, DepositDate, Amount) VALUES (685, TO_DATE('6-7-2004','DD-MM-YYYY'),385092);
INSERT INTO Withdraw(CurrentAccountAccountID, WithdrawDate, Amount) VALUES (685, TO_DATE('6-7-2004','DD-MM-YYYY'), 96273.0);
INSERT INTO Account(CostumerCostumerID, BranchBranchID, Amount, BeginDate, EndDate) VALUES (340, 824, 192546.0, TO_DATE('6-7-2004','DD-MM-YYYY'), NULL);
INSERT INTO SavingsAccount(AccountAccountID, InterestRate, DurationYears) VALUES (686, 0.05, 4);
INSERT INTO Transfer(AccountAccountIDFrom, AccountAccountIDTo, TransferDate, Amount) VALUES (685, 686, TO_DATE('6-7-2004','DD-MM-YYYY'), 192546.0);
INSERT INTO Person(GovID,Name, PhoneNumber, Email, Address, Birthday, Nationality) VALUES (1111121468,'Ladisla eco','900010357', 'Ladisla_eco28@sapo.pt', 'Jochberg, Austria', TO_DATE('21-6-1976','DD-MM-YYYY'), 'Austria');
INSERT INTO Costumer(PersonGovID) VALUES (1111121468);
INSERT INTO Account(CostumerCostumerID, BranchBranchID, Amount, BeginDate, EndDate) VALUES (341, 461, 25129.5, TO_DATE('18-6-2011','DD-MM-YYYY'), NULL);
INSERT INTO CurrentAccount(AccountAccountID, MaximumWithdraw) VALUES (687, 400);
INSERT INTO Deposit(AccountAccountID, DepositDate, Amount) VALUES (687, TO_DATE('18-6-2011','DD-MM-YYYY'),100518);
INSERT INTO Withdraw(CurrentAccountAccountID, WithdrawDate, Amount) VALUES (687, TO_DATE('18-6-2011','DD-MM-YYYY'), 25129.5);
INSERT INTO Account(CostumerCostumerID, BranchBranchID, Amount, BeginDate, EndDate) VALUES (341, 461, 50259.0, TO_DATE('18-6-2011','DD-MM-YYYY'), NULL);
INSERT INTO SavingsAccount(AccountAccountID, InterestRate, DurationYears) VALUES (688, 0.05, 8);
INSERT INTO Transfer(AccountAccountIDFrom, AccountAccountIDTo, TransferDate, Amount) VALUES (687, 688, TO_DATE('18-6-2011','DD-MM-YYYY'), 50259.0);
INSERT INTO Person(GovID,Name, PhoneNumber, Email, Address, Birthday, Nationality) VALUES (1111121469,'Ladislaa eco','900010358', 'Ladislaa_eco35@sapo.pt', 'Wrgl, Austria', TO_DATE('13-2-2006','DD-MM-YYYY'), 'Austria');
INSERT INTO Costumer(PersonGovID) VALUES (1111121469);
INSERT INTO Account(CostumerCostumerID, BranchBranchID, Amount, BeginDate, EndDate) VALUES (342, 86, 126165.25, TO_DATE('28-11-2012','DD-MM-YYYY'), NULL);
INSERT INTO CurrentAccount(AccountAccountID, MaximumWithdraw) VALUES (689, 400);
INSERT INTO Deposit(AccountAccountID, DepositDate, Amount) VALUES (689, TO_DATE('28-11-2012','DD-MM-YYYY'),504661);
INSERT INTO Withdraw(CurrentAccountAccountID, WithdrawDate, Amount) VALUES (689, TO_DATE('28-11-2012','DD-MM-YYYY'), 126165.25);
INSERT INTO Account(CostumerCostumerID, BranchBranchID, Amount, BeginDate, EndDate) VALUES (342, 86, 252330.5, TO_DATE('28-11-2012','DD-MM-YYYY'), NULL);
INSERT INTO SavingsAccount(AccountAccountID, InterestRate, DurationYears) VALUES (690, 0.05, 5);
INSERT INTO Transfer(AccountAccountIDFrom, AccountAccountIDTo, TransferDate, Amount) VALUES (689, 690, TO_DATE('28-11-2012','DD-MM-YYYY'), 252330.5);
INSERT INTO Person(GovID,Name, PhoneNumber, Email, Address, Birthday, Nationality) VALUES (1111121470,'Ladislada eco','900010359', 'Ladislada_eco18@sapo.pt', 'Tres Cantos, Spain', TO_DATE('15-5-2002','DD-MM-YYYY'), 'Spain');
INSERT INTO Costumer(PersonGovID) VALUES (1111121470);
INSERT INTO Account(CostumerCostumerID, BranchBranchID, Amount, BeginDate, EndDate) VALUES (343, 561, 160100.0, TO_DATE('9-10-2010','DD-MM-YYYY'), NULL);
INSERT INTO CurrentAccount(AccountAccountID, MaximumWithdraw) VALUES (691, 400);
INSERT INTO Deposit(AccountAccountID, DepositDate, Amount) VALUES (691, TO_DATE('9-10-2010','DD-MM-YYYY'),640400);
INSERT INTO Withdraw(CurrentAccountAccountID, WithdrawDate, Amount) VALUES (691, TO_DATE('9-10-2010','DD-MM-YYYY'), 160100.0);
INSERT INTO Account(CostumerCostumerID, BranchBranchID, Amount, BeginDate, EndDate) VALUES (343, 561, 320200.0, TO_DATE('9-10-2010','DD-MM-YYYY'), NULL);
INSERT INTO SavingsAccount(AccountAccountID, InterestRate, DurationYears) VALUES (692, 0.05, 4);
INSERT INTO Transfer(AccountAccountIDFrom, AccountAccountIDTo, TransferDate, Amount) VALUES (691, 692, TO_DATE('9-10-2010','DD-MM-YYYY'), 320200.0);
INSERT INTO Person(GovID,Name, PhoneNumber, Email, Address, Birthday, Nationality) VALUES (1111121471,'Ladislao eco','900010360', 'Ladislao_eco100@sapo.pt', 'Mangualde, Portugal', TO_DATE('22-6-1987','DD-MM-YYYY'), 'Portugal');
INSERT INTO Costumer(PersonGovID) VALUES (1111121471);
INSERT INTO Account(CostumerCostumerID, BranchBranchID, Amount, BeginDate, EndDate) VALUES (344, 839, 246336.75, TO_DATE('25-6-2000','DD-MM-YYYY'), NULL);
INSERT INTO CurrentAccount(AccountAccountID, MaximumWithdraw) VALUES (693, 400);
INSERT INTO Deposit(AccountAccountID, DepositDate, Amount) VALUES (693, TO_DATE('25-6-2000','DD-MM-YYYY'),985347);
INSERT INTO Withdraw(CurrentAccountAccountID, WithdrawDate, Amount) VALUES (693, TO_DATE('25-6-2000','DD-MM-YYYY'), 246336.75);
INSERT INTO Account(CostumerCostumerID, BranchBranchID, Amount, BeginDate, EndDate) VALUES (344, 839, 492673.5, TO_DATE('25-6-2000','DD-MM-YYYY'), NULL);
INSERT INTO SavingsAccount(AccountAccountID, InterestRate, DurationYears) VALUES (694, 0.05, 3);
INSERT INTO Transfer(AccountAccountIDFrom, AccountAccountIDTo, TransferDate, Amount) VALUES (693, 694, TO_DATE('25-6-2000','DD-MM-YYYY'), 492673.5);
INSERT INTO Person(GovID,Name, PhoneNumber, Email, Address, Birthday, Nationality) VALUES (1111121472,'Ladislau eco','900010361', 'Ladislau_eco75@sapo.pt', 'Tomaszow Mazowiecki, Poland', TO_DATE('6-9-1992','DD-MM-YYYY'), 'Poland');
INSERT INTO Costumer(PersonGovID) VALUES (1111121472);
INSERT INTO Account(CostumerCostumerID, BranchBranchID, Amount, BeginDate, EndDate) VALUES (345, 293, 73691.0, TO_DATE('20-6-2011','DD-MM-YYYY'), NULL);
INSERT INTO CurrentAccount(AccountAccountID, MaximumWithdraw) VALUES (695, 400);
INSERT INTO Deposit(AccountAccountID, DepositDate, Amount) VALUES (695, TO_DATE('20-6-2011','DD-MM-YYYY'),294764);
INSERT INTO Withdraw(CurrentAccountAccountID, WithdrawDate, Amount) VALUES (695, TO_DATE('20-6-2011','DD-MM-YYYY'), 73691.0);
INSERT INTO Account(CostumerCostumerID, BranchBranchID, Amount, BeginDate, EndDate) VALUES (345, 293, 147382.0, TO_DATE('20-6-2011','DD-MM-YYYY'), NULL);
INSERT INTO SavingsAccount(AccountAccountID, InterestRate, DurationYears) VALUES (696, 0.05, 5);
INSERT INTO Transfer(AccountAccountIDFrom, AccountAccountIDTo, TransferDate, Amount) VALUES (695, 696, TO_DATE('20-6-2011','DD-MM-YYYY'), 147382.0);
INSERT INTO Person(GovID,Name, PhoneNumber, Email, Address, Birthday, Nationality) VALUES (1111121473,'Ladislav eco','900010362', 'Ladislav_eco34@sapo.pt', 'Ancona, Italy', TO_DATE('25-10-1989','DD-MM-YYYY'), 'Italy');
INSERT INTO Costumer(PersonGovID) VALUES (1111121473);
INSERT INTO Account(CostumerCostumerID, BranchBranchID, Amount, BeginDate, EndDate) VALUES (346, 981, 240388.75, TO_DATE('11-5-2007','DD-MM-YYYY'), NULL);
INSERT INTO CurrentAccount(AccountAccountID, MaximumWithdraw) VALUES (697, 400);
INSERT INTO Deposit(AccountAccountID, DepositDate, Amount) VALUES (697, TO_DATE('11-5-2007','DD-MM-YYYY'),961555);
INSERT INTO Withdraw(CurrentAccountAccountID, WithdrawDate, Amount) VALUES (697, TO_DATE('11-5-2007','DD-MM-YYYY'), 240388.75);
INSERT INTO Account(CostumerCostumerID, BranchBranchID, Amount, BeginDate, EndDate) VALUES (346, 981, 480777.5, TO_DATE('11-5-2007','DD-MM-YYYY'), NULL);
INSERT INTO SavingsAccount(AccountAccountID, InterestRate, DurationYears) VALUES (698, 0.05, 4);
INSERT INTO Transfer(AccountAccountIDFrom, AccountAccountIDTo, TransferDate, Amount) VALUES (697, 698, TO_DATE('11-5-2007','DD-MM-YYYY'), 480777.5);
INSERT INTO Person(GovID,Name, PhoneNumber, Email, Address, Birthday, Nationality) VALUES (1111121474,'Ladji eco','900010363', 'Ladji_eco95@sapo.pt', 'Bar-sur-Loup, France', TO_DATE('25-8-1999','DD-MM-YYYY'), 'France');
INSERT INTO Costumer(PersonGovID) VALUES (1111121474);
INSERT INTO Account(CostumerCostumerID, BranchBranchID, Amount, BeginDate, EndDate) VALUES (347, 223, 30829.0, TO_DATE('6-6-2014','DD-MM-YYYY'), NULL);
INSERT INTO CurrentAccount(AccountAccountID, MaximumWithdraw) VALUES (699, 400);
INSERT INTO Deposit(AccountAccountID, DepositDate, Amount) VALUES (699, TO_DATE('6-6-2014','DD-MM-YYYY'),123316);
INSERT INTO Withdraw(CurrentAccountAccountID, WithdrawDate, Amount) VALUES (699, TO_DATE('6-6-2014','DD-MM-YYYY'), 30829.0);
INSERT INTO Account(CostumerCostumerID, BranchBranchID, Amount, BeginDate, EndDate) VALUES (347, 223, 61658.0, TO_DATE('6-6-2014','DD-MM-YYYY'), NULL);
INSERT INTO SavingsAccount(AccountAccountID, InterestRate, DurationYears) VALUES (700, 0.05, 7);
INSERT INTO Transfer(AccountAccountIDFrom, AccountAccountIDTo, TransferDate, Amount) VALUES (699, 700, TO_DATE('6-6-2014','DD-MM-YYYY'), 61658.0);
INSERT INTO Person(GovID,Name, PhoneNumber, Email, Address, Birthday, Nationality) VALUES (1111121475,'Ladonna eco','900010364', 'Ladonna_eco100@sapo.pt', 'Konstanz, Germany', TO_DATE('3-4-1984','DD-MM-YYYY'), 'Germany');
INSERT INTO Costumer(PersonGovID) VALUES (1111121475);
INSERT INTO Account(CostumerCostumerID, BranchBranchID, Amount, BeginDate, EndDate) VALUES (348, 172, 88749.75, TO_DATE('16-5-2003','DD-MM-YYYY'), NULL);
INSERT INTO CurrentAccount(AccountAccountID, MaximumWithdraw) VALUES (701, 400);
INSERT INTO Deposit(AccountAccountID, DepositDate, Amount) VALUES (701, TO_DATE('16-5-2003','DD-MM-YYYY'),354999);
INSERT INTO Withdraw(CurrentAccountAccountID, WithdrawDate, Amount) VALUES (701, TO_DATE('16-5-2003','DD-MM-YYYY'), 88749.75);
INSERT INTO Account(CostumerCostumerID, BranchBranchID, Amount, BeginDate, EndDate) VALUES (348, 172, 177499.5, TO_DATE('16-5-2003','DD-MM-YYYY'), NULL);
INSERT INTO SavingsAccount(AccountAccountID, InterestRate, DurationYears) VALUES (702, 0.05, 5);
INSERT INTO Transfer(AccountAccountIDFrom, AccountAccountIDTo, TransferDate, Amount) VALUES (701, 702, TO_DATE('16-5-2003','DD-MM-YYYY'), 177499.5);
INSERT INTO Person(GovID,Name, PhoneNumber, Email, Address, Birthday, Nationality) VALUES (1111121476,'Lady eco','900010365', 'Lady_eco14@sapo.pt', 'Neustrelitz, Germany', TO_DATE('12-7-2000','DD-MM-YYYY'), 'Germany');
INSERT INTO Costumer(PersonGovID) VALUES (1111121476);
INSERT INTO Account(CostumerCostumerID, BranchBranchID, Amount, BeginDate, EndDate) VALUES (349, 1138, 163994.5, TO_DATE('18-3-2001','DD-MM-YYYY'), NULL);
INSERT INTO CurrentAccount(AccountAccountID, MaximumWithdraw) VALUES (703, 400);
INSERT INTO Deposit(AccountAccountID, DepositDate, Amount) VALUES (703, TO_DATE('18-3-2001','DD-MM-YYYY'),655978);
INSERT INTO Withdraw(CurrentAccountAccountID, WithdrawDate, Amount) VALUES (703, TO_DATE('18-3-2001','DD-MM-YYYY'), 163994.5);
INSERT INTO Account(CostumerCostumerID, BranchBranchID, Amount, BeginDate, EndDate) VALUES (349, 1138, 327989.0, TO_DATE('18-3-2001','DD-MM-YYYY'), NULL);
INSERT INTO SavingsAccount(AccountAccountID, InterestRate, DurationYears) VALUES (704, 0.05, 8);
INSERT INTO Transfer(AccountAccountIDFrom, AccountAccountIDTo, TransferDate, Amount) VALUES (703, 704, TO_DATE('18-3-2001','DD-MM-YYYY'), 327989.0);
INSERT INTO Person(GovID,Name, PhoneNumber, Email, Address, Birthday, Nationality) VALUES (1111121477,'Lael eco','900010366', 'Lael_eco73@sapo.pt', 'Biella, Italy', TO_DATE('15-5-1953','DD-MM-YYYY'), 'Italy');
INSERT INTO Costumer(PersonGovID) VALUES (1111121477);
INSERT INTO Account(CostumerCostumerID, BranchBranchID, Amount, BeginDate, EndDate) VALUES (350, 1071, 175662.25, TO_DATE('23-6-2012','DD-MM-YYYY'), NULL);
INSERT INTO CurrentAccount(AccountAccountID, MaximumWithdraw) VALUES (705, 400);
INSERT INTO Deposit(AccountAccountID, DepositDate, Amount) VALUES (705, TO_DATE('23-6-2012','DD-MM-YYYY'),702649);
INSERT INTO Withdraw(CurrentAccountAccountID, WithdrawDate, Amount) VALUES (705, TO_DATE('23-6-2012','DD-MM-YYYY'), 175662.25);
INSERT INTO Account(CostumerCostumerID, BranchBranchID, Amount, BeginDate, EndDate) VALUES (350, 1071, 351324.5, TO_DATE('23-6-2012','DD-MM-YYYY'), NULL);
INSERT INTO SavingsAccount(AccountAccountID, InterestRate, DurationYears) VALUES (706, 0.05, 5);
INSERT INTO Transfer(AccountAccountIDFrom, AccountAccountIDTo, TransferDate, Amount) VALUES (705, 706, TO_DATE('23-6-2012','DD-MM-YYYY'), 351324.5);
INSERT INTO Person(GovID,Name, PhoneNumber, Email, Address, Birthday, Nationality) VALUES (1111121478,'Laetitia eco','900010367', 'Laetitia_eco10@sapo.pt', 'Cardano al Campo, Italy', TO_DATE('28-5-1994','DD-MM-YYYY'), 'Italy');
INSERT INTO Costumer(PersonGovID) VALUES (1111121478);
INSERT INTO Account(CostumerCostumerID, BranchBranchID, Amount, BeginDate, EndDate) VALUES (351, 768, 63082.25, TO_DATE('8-9-2014','DD-MM-YYYY'), NULL);
INSERT INTO CurrentAccount(AccountAccountID, MaximumWithdraw) VALUES (707, 400);
INSERT INTO Deposit(AccountAccountID, DepositDate, Amount) VALUES (707, TO_DATE('8-9-2014','DD-MM-YYYY'),252329);
INSERT INTO Withdraw(CurrentAccountAccountID, WithdrawDate, Amount) VALUES (707, TO_DATE('8-9-2014','DD-MM-YYYY'), 63082.25);
INSERT INTO Account(CostumerCostumerID, BranchBranchID, Amount, BeginDate, EndDate) VALUES (351, 768, 126164.5, TO_DATE('8-9-2014','DD-MM-YYYY'), NULL);
INSERT INTO SavingsAccount(AccountAccountID, InterestRate, DurationYears) VALUES (708, 0.05, 3);
INSERT INTO Transfer(AccountAccountIDFrom, AccountAccountIDTo, TransferDate, Amount) VALUES (707, 708, TO_DATE('8-9-2014','DD-MM-YYYY'), 126164.5);
INSERT INTO Person(GovID,Name, PhoneNumber, Email, Address, Birthday, Nationality) VALUES (1111121479,'Lafdil eco','900010368', 'Lafdil_eco69@sapo.pt', 'Walldrn, Germany', TO_DATE('26-3-1980','DD-MM-YYYY'), 'Germany');
INSERT INTO Costumer(PersonGovID) VALUES (1111121479);
INSERT INTO Account(CostumerCostumerID, BranchBranchID, Amount, BeginDate, EndDate) VALUES (352, 179, 138911.5, TO_DATE('20-6-2000','DD-MM-YYYY'), NULL);
INSERT INTO CurrentAccount(AccountAccountID, MaximumWithdraw) VALUES (709, 400);
INSERT INTO Deposit(AccountAccountID, DepositDate, Amount) VALUES (709, TO_DATE('20-6-2000','DD-MM-YYYY'),555646);
INSERT INTO Withdraw(CurrentAccountAccountID, WithdrawDate, Amount) VALUES (709, TO_DATE('20-6-2000','DD-MM-YYYY'), 138911.5);
INSERT INTO Account(CostumerCostumerID, BranchBranchID, Amount, BeginDate, EndDate) VALUES (352, 179, 277823.0, TO_DATE('20-6-2000','DD-MM-YYYY'), NULL);
INSERT INTO SavingsAccount(AccountAccountID, InterestRate, DurationYears) VALUES (710, 0.05, 10);
INSERT INTO Transfer(AccountAccountIDFrom, AccountAccountIDTo, TransferDate, Amount) VALUES (709, 710, TO_DATE('20-6-2000','DD-MM-YYYY'), 277823.0);
INSERT INTO Person(GovID,Name, PhoneNumber, Email, Address, Birthday, Nationality) VALUES (1111121480,'Lah eco','900010369', 'Lah_eco24@sapo.pt', 'Alboraya, Spain', TO_DATE('24-7-1960','DD-MM-YYYY'), 'Spain');
INSERT INTO Costumer(PersonGovID) VALUES (1111121480);
INSERT INTO Account(CostumerCostumerID, BranchBranchID, Amount, BeginDate, EndDate) VALUES (353, 89, 15995.75, TO_DATE('17-3-2018','DD-MM-YYYY'), NULL);
INSERT INTO CurrentAccount(AccountAccountID, MaximumWithdraw) VALUES (711, 400);
INSERT INTO Deposit(AccountAccountID, DepositDate, Amount) VALUES (711, TO_DATE('17-3-2018','DD-MM-YYYY'),63983);
INSERT INTO Withdraw(CurrentAccountAccountID, WithdrawDate, Amount) VALUES (711, TO_DATE('17-3-2018','DD-MM-YYYY'), 15995.75);
INSERT INTO Account(CostumerCostumerID, BranchBranchID, Amount, BeginDate, EndDate) VALUES (353, 89, 31991.5, TO_DATE('17-3-2018','DD-MM-YYYY'), NULL);
INSERT INTO SavingsAccount(AccountAccountID, InterestRate, DurationYears) VALUES (712, 0.05, 4);
INSERT INTO Transfer(AccountAccountIDFrom, AccountAccountIDTo, TransferDate, Amount) VALUES (711, 712, TO_DATE('17-3-2018','DD-MM-YYYY'), 31991.5);
INSERT INTO Person(GovID,Name, PhoneNumber, Email, Address, Birthday, Nationality) VALUES (1111121481,'Lahasen eco','900010370', 'Lahasen_eco36@sapo.pt', 'Zabrze, Poland', TO_DATE('7-10-1974','DD-MM-YYYY'), 'Poland');
INSERT INTO Costumer(PersonGovID) VALUES (1111121481);
INSERT INTO Account(CostumerCostumerID, BranchBranchID, Amount, BeginDate, EndDate) VALUES (354, 1091, 213877.25, TO_DATE('28-8-2015','DD-MM-YYYY'), NULL);
INSERT INTO CurrentAccount(AccountAccountID, MaximumWithdraw) VALUES (713, 400);
INSERT INTO Deposit(AccountAccountID, DepositDate, Amount) VALUES (713, TO_DATE('28-8-2015','DD-MM-YYYY'),855509);
INSERT INTO Withdraw(CurrentAccountAccountID, WithdrawDate, Amount) VALUES (713, TO_DATE('28-8-2015','DD-MM-YYYY'), 213877.25);
INSERT INTO Account(CostumerCostumerID, BranchBranchID, Amount, BeginDate, EndDate) VALUES (354, 1091, 427754.5, TO_DATE('28-8-2015','DD-MM-YYYY'), NULL);
INSERT INTO SavingsAccount(AccountAccountID, InterestRate, DurationYears) VALUES (714, 0.05, 3);
INSERT INTO Transfer(AccountAccountIDFrom, AccountAccountIDTo, TransferDate, Amount) VALUES (713, 714, TO_DATE('28-8-2015','DD-MM-YYYY'), 427754.5);
INSERT INTO Person(GovID,Name, PhoneNumber, Email, Address, Birthday, Nationality) VALUES (1111121482,'Lahat eco','900010371', 'Lahat_eco26@sapo.pt', 'Elvas, Portugal', TO_DATE('21-3-1961','DD-MM-YYYY'), 'Portugal');
INSERT INTO Costumer(PersonGovID) VALUES (1111121482);
INSERT INTO Account(CostumerCostumerID, BranchBranchID, Amount, BeginDate, EndDate) VALUES (355, 414, 46741.75, TO_DATE('19-11-2010','DD-MM-YYYY'), NULL);
INSERT INTO CurrentAccount(AccountAccountID, MaximumWithdraw) VALUES (715, 400);
INSERT INTO Deposit(AccountAccountID, DepositDate, Amount) VALUES (715, TO_DATE('19-11-2010','DD-MM-YYYY'),186967);
INSERT INTO Withdraw(CurrentAccountAccountID, WithdrawDate, Amount) VALUES (715, TO_DATE('19-11-2010','DD-MM-YYYY'), 46741.75);
INSERT INTO Account(CostumerCostumerID, BranchBranchID, Amount, BeginDate, EndDate) VALUES (355, 414, 93483.5, TO_DATE('19-11-2010','DD-MM-YYYY'), NULL);
INSERT INTO SavingsAccount(AccountAccountID, InterestRate, DurationYears) VALUES (716, 0.05, 8);
INSERT INTO Transfer(AccountAccountIDFrom, AccountAccountIDTo, TransferDate, Amount) VALUES (715, 716, TO_DATE('19-11-2010','DD-MM-YYYY'), 93483.5);
INSERT INTO Person(GovID,Name, PhoneNumber, Email, Address, Birthday, Nationality) VALUES (1111121483,'Lahbib eco','900010372', 'Lahbib_eco17@sapo.pt', 'Herne, Germany', TO_DATE('9-12-1995','DD-MM-YYYY'), 'Germany');
INSERT INTO Costumer(PersonGovID) VALUES (1111121483);
INSERT INTO Account(CostumerCostumerID, BranchBranchID, Amount, BeginDate, EndDate) VALUES (356, 1061, 44708.75, TO_DATE('25-7-2005','DD-MM-YYYY'), NULL);
INSERT INTO CurrentAccount(AccountAccountID, MaximumWithdraw) VALUES (717, 400);
INSERT INTO Deposit(AccountAccountID, DepositDate, Amount) VALUES (717, TO_DATE('25-7-2005','DD-MM-YYYY'),178835);
INSERT INTO Withdraw(CurrentAccountAccountID, WithdrawDate, Amount) VALUES (717, TO_DATE('25-7-2005','DD-MM-YYYY'), 44708.75);
INSERT INTO Account(CostumerCostumerID, BranchBranchID, Amount, BeginDate, EndDate) VALUES (356, 1061, 89417.5, TO_DATE('25-7-2005','DD-MM-YYYY'), NULL);
INSERT INTO SavingsAccount(AccountAccountID, InterestRate, DurationYears) VALUES (718, 0.05, 5);
INSERT INTO Transfer(AccountAccountIDFrom, AccountAccountIDTo, TransferDate, Amount) VALUES (717, 718, TO_DATE('25-7-2005','DD-MM-YYYY'), 89417.5);
INSERT INTO Person(GovID,Name, PhoneNumber, Email, Address, Birthday, Nationality) VALUES (1111121484,'Lahbiba eco','900010373', 'Lahbiba_eco26@sapo.pt', 'Wittelshofen, Germany', TO_DATE('23-12-1962','DD-MM-YYYY'), 'Germany');
INSERT INTO Costumer(PersonGovID) VALUES (1111121484);
INSERT INTO Account(CostumerCostumerID, BranchBranchID, Amount, BeginDate, EndDate) VALUES (357, 633, 139245.75, TO_DATE('3-2-2003','DD-MM-YYYY'), NULL);
INSERT INTO CurrentAccount(AccountAccountID, MaximumWithdraw) VALUES (719, 400);
INSERT INTO Deposit(AccountAccountID, DepositDate, Amount) VALUES (719, TO_DATE('3-2-2003','DD-MM-YYYY'),556983);
INSERT INTO Withdraw(CurrentAccountAccountID, WithdrawDate, Amount) VALUES (719, TO_DATE('3-2-2003','DD-MM-YYYY'), 139245.75);
INSERT INTO Account(CostumerCostumerID, BranchBranchID, Amount, BeginDate, EndDate) VALUES (357, 633, 278491.5, TO_DATE('3-2-2003','DD-MM-YYYY'), NULL);
INSERT INTO SavingsAccount(AccountAccountID, InterestRate, DurationYears) VALUES (720, 0.05, 4);
INSERT INTO Transfer(AccountAccountIDFrom, AccountAccountIDTo, TransferDate, Amount) VALUES (719, 720, TO_DATE('3-2-2003','DD-MM-YYYY'), 278491.5);
INSERT INTO Person(GovID,Name, PhoneNumber, Email, Address, Birthday, Nationality) VALUES (1111121485,'Lahcen eco','900010374', 'Lahcen_eco49@sapo.pt', 'Sciez, France', TO_DATE('28-2-1968','DD-MM-YYYY'), 'France');
INSERT INTO Costumer(PersonGovID) VALUES (1111121485);
INSERT INTO Account(CostumerCostumerID, BranchBranchID, Amount, BeginDate, EndDate) VALUES (358, 209, 85039.75, TO_DATE('8-1-2010','DD-MM-YYYY'), NULL);
INSERT INTO CurrentAccount(AccountAccountID, MaximumWithdraw) VALUES (721, 400);
INSERT INTO Deposit(AccountAccountID, DepositDate, Amount) VALUES (721, TO_DATE('8-1-2010','DD-MM-YYYY'),340159);
INSERT INTO Withdraw(CurrentAccountAccountID, WithdrawDate, Amount) VALUES (721, TO_DATE('8-1-2010','DD-MM-YYYY'), 85039.75);
INSERT INTO Account(CostumerCostumerID, BranchBranchID, Amount, BeginDate, EndDate) VALUES (358, 209, 170079.5, TO_DATE('8-1-2010','DD-MM-YYYY'), NULL);
INSERT INTO SavingsAccount(AccountAccountID, InterestRate, DurationYears) VALUES (722, 0.05, 3);
INSERT INTO Transfer(AccountAccountIDFrom, AccountAccountIDTo, TransferDate, Amount) VALUES (721, 722, TO_DATE('8-1-2010','DD-MM-YYYY'), 170079.5);
INSERT INTO Person(GovID,Name, PhoneNumber, Email, Address, Birthday, Nationality) VALUES (1111121486,'Lahcene eco','900010375', 'Lahcene_eco31@sapo.pt', 'Biarritz, France', TO_DATE('6-6-1966','DD-MM-YYYY'), 'France');
INSERT INTO Costumer(PersonGovID) VALUES (1111121486);
INSERT INTO Account(CostumerCostumerID, BranchBranchID, Amount, BeginDate, EndDate) VALUES (359, 1138, 74710.25, TO_DATE('15-12-2018','DD-MM-YYYY'), NULL);
INSERT INTO CurrentAccount(AccountAccountID, MaximumWithdraw) VALUES (723, 400);
INSERT INTO Deposit(AccountAccountID, DepositDate, Amount) VALUES (723, TO_DATE('15-12-2018','DD-MM-YYYY'),298841);
INSERT INTO Withdraw(CurrentAccountAccountID, WithdrawDate, Amount) VALUES (723, TO_DATE('15-12-2018','DD-MM-YYYY'), 74710.25);
INSERT INTO Account(CostumerCostumerID, BranchBranchID, Amount, BeginDate, EndDate) VALUES (359, 1138, 149420.5, TO_DATE('15-12-2018','DD-MM-YYYY'), NULL);
INSERT INTO SavingsAccount(AccountAccountID, InterestRate, DurationYears) VALUES (724, 0.05, 10);
INSERT INTO Transfer(AccountAccountIDFrom, AccountAccountIDTo, TransferDate, Amount) VALUES (723, 724, TO_DATE('15-12-2018','DD-MM-YYYY'), 149420.5);
INSERT INTO Person(GovID,Name, PhoneNumber, Email, Address, Birthday, Nationality) VALUES (1111121487,'Lahoma eco','900010376', 'Lahoma_eco19@sapo.pt', 'Villanueva de la Caada, Spain', TO_DATE('7-3-1964','DD-MM-YYYY'), 'Spain');
INSERT INTO Costumer(PersonGovID) VALUES (1111121487);
INSERT INTO Account(CostumerCostumerID, BranchBranchID, Amount, BeginDate, EndDate) VALUES (360, 529, 68774.25, TO_DATE('24-3-2018','DD-MM-YYYY'), NULL);
INSERT INTO CurrentAccount(AccountAccountID, MaximumWithdraw) VALUES (725, 400);
INSERT INTO Deposit(AccountAccountID, DepositDate, Amount) VALUES (725, TO_DATE('24-3-2018','DD-MM-YYYY'),275097);
INSERT INTO Withdraw(CurrentAccountAccountID, WithdrawDate, Amount) VALUES (725, TO_DATE('24-3-2018','DD-MM-YYYY'), 68774.25);
INSERT INTO Account(CostumerCostumerID, BranchBranchID, Amount, BeginDate, EndDate) VALUES (360, 529, 137548.5, TO_DATE('24-3-2018','DD-MM-YYYY'), NULL);
INSERT INTO SavingsAccount(AccountAccountID, InterestRate, DurationYears) VALUES (726, 0.05, 9);
INSERT INTO Transfer(AccountAccountIDFrom, AccountAccountIDTo, TransferDate, Amount) VALUES (725, 726, TO_DATE('24-3-2018','DD-MM-YYYY'), 137548.5);
INSERT INTO Person(GovID,Name, PhoneNumber, Email, Address, Birthday, Nationality) VALUES (1111121488,'Lahouari eco','900010377', 'Lahouari_eco22@sapo.pt', 'Ottobrunn, Germany', TO_DATE('17-5-1953','DD-MM-YYYY'), 'Germany');
INSERT INTO Costumer(PersonGovID) VALUES (1111121488);
INSERT INTO Account(CostumerCostumerID, BranchBranchID, Amount, BeginDate, EndDate) VALUES (361, 522, 215266.0, TO_DATE('24-5-2009','DD-MM-YYYY'), NULL);
INSERT INTO CurrentAccount(AccountAccountID, MaximumWithdraw) VALUES (727, 400);
INSERT INTO Deposit(AccountAccountID, DepositDate, Amount) VALUES (727, TO_DATE('24-5-2009','DD-MM-YYYY'),861064);
INSERT INTO Withdraw(CurrentAccountAccountID, WithdrawDate, Amount) VALUES (727, TO_DATE('24-5-2009','DD-MM-YYYY'), 215266.0);
INSERT INTO Account(CostumerCostumerID, BranchBranchID, Amount, BeginDate, EndDate) VALUES (361, 522, 430532.0, TO_DATE('24-5-2009','DD-MM-YYYY'), NULL);
INSERT INTO SavingsAccount(AccountAccountID, InterestRate, DurationYears) VALUES (728, 0.05, 8);
INSERT INTO Transfer(AccountAccountIDFrom, AccountAccountIDTo, TransferDate, Amount) VALUES (727, 728, TO_DATE('24-5-2009','DD-MM-YYYY'), 430532.0);
INSERT INTO Person(GovID,Name, PhoneNumber, Email, Address, Birthday, Nationality) VALUES (1111121489,'Lahouaria eco','900010378', 'Lahouaria_eco8@sapo.pt', 'Zottegem, Belgium', TO_DATE('12-12-1958','DD-MM-YYYY'), 'Belgium');
INSERT INTO Costumer(PersonGovID) VALUES (1111121489);
INSERT INTO Account(CostumerCostumerID, BranchBranchID, Amount, BeginDate, EndDate) VALUES (362, 1046, 83671.0, TO_DATE('1-8-2016','DD-MM-YYYY'), NULL);
INSERT INTO CurrentAccount(AccountAccountID, MaximumWithdraw) VALUES (729, 400);
INSERT INTO Deposit(AccountAccountID, DepositDate, Amount) VALUES (729, TO_DATE('1-8-2016','DD-MM-YYYY'),334684);
INSERT INTO Withdraw(CurrentAccountAccountID, WithdrawDate, Amount) VALUES (729, TO_DATE('1-8-2016','DD-MM-YYYY'), 83671.0);
INSERT INTO Account(CostumerCostumerID, BranchBranchID, Amount, BeginDate, EndDate) VALUES (362, 1046, 167342.0, TO_DATE('1-8-2016','DD-MM-YYYY'), NULL);
INSERT INTO SavingsAccount(AccountAccountID, InterestRate, DurationYears) VALUES (730, 0.05, 7);
INSERT INTO Transfer(AccountAccountIDFrom, AccountAccountIDTo, TransferDate, Amount) VALUES (729, 730, TO_DATE('1-8-2016','DD-MM-YYYY'), 167342.0);
INSERT INTO Person(GovID,Name, PhoneNumber, Email, Address, Birthday, Nationality) VALUES (1111121490,'Lahoucine eco','900010379', 'Lahoucine_eco56@sapo.pt', 'Campobasso, Italy', TO_DATE('6-5-1992','DD-MM-YYYY'), 'Italy');
INSERT INTO Costumer(PersonGovID) VALUES (1111121490);
INSERT INTO Account(CostumerCostumerID, BranchBranchID, Amount, BeginDate, EndDate) VALUES (363, 533, 199595.5, TO_DATE('18-12-2008','DD-MM-YYYY'), NULL);
INSERT INTO CurrentAccount(AccountAccountID, MaximumWithdraw) VALUES (731, 400);
INSERT INTO Deposit(AccountAccountID, DepositDate, Amount) VALUES (731, TO_DATE('18-12-2008','DD-MM-YYYY'),798382);
INSERT INTO Withdraw(CurrentAccountAccountID, WithdrawDate, Amount) VALUES (731, TO_DATE('18-12-2008','DD-MM-YYYY'), 199595.5);
INSERT INTO Account(CostumerCostumerID, BranchBranchID, Amount, BeginDate, EndDate) VALUES (363, 533, 399191.0, TO_DATE('18-12-2008','DD-MM-YYYY'), NULL);
INSERT INTO SavingsAccount(AccountAccountID, InterestRate, DurationYears) VALUES (732, 0.05, 10);
INSERT INTO Transfer(AccountAccountIDFrom, AccountAccountIDTo, TransferDate, Amount) VALUES (731, 732, TO_DATE('18-12-2008','DD-MM-YYYY'), 399191.0);
INSERT INTO Person(GovID,Name, PhoneNumber, Email, Address, Birthday, Nationality) VALUES (1111121491,'Lahoussine eco','900010380', 'Lahoussine_eco40@sapo.pt', 'Navplion, Greece', TO_DATE('19-7-1978','DD-MM-YYYY'), 'Greece');
INSERT INTO Costumer(PersonGovID) VALUES (1111121491);
INSERT INTO Account(CostumerCostumerID, BranchBranchID, Amount, BeginDate, EndDate) VALUES (364, 186, 41717.0, TO_DATE('7-10-2016','DD-MM-YYYY'), NULL);
INSERT INTO CurrentAccount(AccountAccountID, MaximumWithdraw) VALUES (733, 400);
INSERT INTO Deposit(AccountAccountID, DepositDate, Amount) VALUES (733, TO_DATE('7-10-2016','DD-MM-YYYY'),166868);
INSERT INTO Withdraw(CurrentAccountAccountID, WithdrawDate, Amount) VALUES (733, TO_DATE('7-10-2016','DD-MM-YYYY'), 41717.0);
INSERT INTO Account(CostumerCostumerID, BranchBranchID, Amount, BeginDate, EndDate) VALUES (364, 186, 83434.0, TO_DATE('7-10-2016','DD-MM-YYYY'), NULL);
INSERT INTO SavingsAccount(AccountAccountID, InterestRate, DurationYears) VALUES (734, 0.05, 5);
INSERT INTO Transfer(AccountAccountIDFrom, AccountAccountIDTo, TransferDate, Amount) VALUES (733, 734, TO_DATE('7-10-2016','DD-MM-YYYY'), 83434.0);
INSERT INTO Person(GovID,Name, PhoneNumber, Email, Address, Birthday, Nationality) VALUES (1111121492,'Lahsen eco','900010381', 'Lahsen_eco74@sapo.pt', 'Rathenow, Germany', TO_DATE('28-6-1973','DD-MM-YYYY'), 'Germany');
INSERT INTO Costumer(PersonGovID) VALUES (1111121492);
INSERT INTO Account(CostumerCostumerID, BranchBranchID, Amount, BeginDate, EndDate) VALUES (365, 285, 191049.75, TO_DATE('2-8-2009','DD-MM-YYYY'), NULL);
INSERT INTO CurrentAccount(AccountAccountID, MaximumWithdraw) VALUES (735, 400);
INSERT INTO Deposit(AccountAccountID, DepositDate, Amount) VALUES (735, TO_DATE('2-8-2009','DD-MM-YYYY'),764199);
INSERT INTO Withdraw(CurrentAccountAccountID, WithdrawDate, Amount) VALUES (735, TO_DATE('2-8-2009','DD-MM-YYYY'), 191049.75);
INSERT INTO Account(CostumerCostumerID, BranchBranchID, Amount, BeginDate, EndDate) VALUES (365, 285, 382099.5, TO_DATE('2-8-2009','DD-MM-YYYY'), NULL);
INSERT INTO SavingsAccount(AccountAccountID, InterestRate, DurationYears) VALUES (736, 0.05, 8);
INSERT INTO Transfer(AccountAccountIDFrom, AccountAccountIDTo, TransferDate, Amount) VALUES (735, 736, TO_DATE('2-8-2009','DD-MM-YYYY'), 382099.5);
INSERT INTO Person(GovID,Name, PhoneNumber, Email, Address, Birthday, Nationality) VALUES (1111121493,'Lahssan eco','900010382', 'Lahssan_eco17@sapo.pt', 'Capurso, Italy', TO_DATE('27-11-2004','DD-MM-YYYY'), 'Italy');
INSERT INTO Costumer(PersonGovID) VALUES (1111121493);
INSERT INTO Account(CostumerCostumerID, BranchBranchID, Amount, BeginDate, EndDate) VALUES (366, 214, 54577.5, TO_DATE('18-8-2002','DD-MM-YYYY'), NULL);
INSERT INTO CurrentAccount(AccountAccountID, MaximumWithdraw) VALUES (737, 400);
INSERT INTO Deposit(AccountAccountID, DepositDate, Amount) VALUES (737, TO_DATE('18-8-2002','DD-MM-YYYY'),218310);
INSERT INTO Withdraw(CurrentAccountAccountID, WithdrawDate, Amount) VALUES (737, TO_DATE('18-8-2002','DD-MM-YYYY'), 54577.5);
INSERT INTO Account(CostumerCostumerID, BranchBranchID, Amount, BeginDate, EndDate) VALUES (366, 214, 109155.0, TO_DATE('18-8-2002','DD-MM-YYYY'), NULL);
INSERT INTO SavingsAccount(AccountAccountID, InterestRate, DurationYears) VALUES (738, 0.05, 9);
INSERT INTO Transfer(AccountAccountIDFrom, AccountAccountIDTo, TransferDate, Amount) VALUES (737, 738, TO_DATE('18-8-2002','DD-MM-YYYY'), 109155.0);
INSERT INTO Person(GovID,Name, PhoneNumber, Email, Address, Birthday, Nationality) VALUES (1111121494,'Lahssen eco','900010383', 'Lahssen_eco60@sapo.pt', 'Le Bourget, France', TO_DATE('10-11-1980','DD-MM-YYYY'), 'France');
INSERT INTO Costumer(PersonGovID) VALUES (1111121494);
INSERT INTO Account(CostumerCostumerID, BranchBranchID, Amount, BeginDate, EndDate) VALUES (367, 1244, 66960.75, TO_DATE('19-2-2010','DD-MM-YYYY'), NULL);
INSERT INTO CurrentAccount(AccountAccountID, MaximumWithdraw) VALUES (739, 400);
INSERT INTO Deposit(AccountAccountID, DepositDate, Amount) VALUES (739, TO_DATE('19-2-2010','DD-MM-YYYY'),267843);
INSERT INTO Withdraw(CurrentAccountAccountID, WithdrawDate, Amount) VALUES (739, TO_DATE('19-2-2010','DD-MM-YYYY'), 66960.75);
INSERT INTO Account(CostumerCostumerID, BranchBranchID, Amount, BeginDate, EndDate) VALUES (367, 1244, 133921.5, TO_DATE('19-2-2010','DD-MM-YYYY'), NULL);
INSERT INTO SavingsAccount(AccountAccountID, InterestRate, DurationYears) VALUES (740, 0.05, 5);
INSERT INTO Transfer(AccountAccountIDFrom, AccountAccountIDTo, TransferDate, Amount) VALUES (739, 740, TO_DATE('19-2-2010','DD-MM-YYYY'), 133921.5);
INSERT INTO Person(GovID,Name, PhoneNumber, Email, Address, Birthday, Nationality) VALUES (1111121495,'Lai eco','900010384', 'Lai_eco82@sapo.pt', 'Klosterneuburg , Austria', TO_DATE('22-8-1994','DD-MM-YYYY'), 'Austria');
INSERT INTO Costumer(PersonGovID) VALUES (1111121495);
INSERT INTO Account(CostumerCostumerID, BranchBranchID, Amount, BeginDate, EndDate) VALUES (368, 120, 174573.25, TO_DATE('27-9-2013','DD-MM-YYYY'), NULL);
INSERT INTO CurrentAccount(AccountAccountID, MaximumWithdraw) VALUES (741, 400);
INSERT INTO Deposit(AccountAccountID, DepositDate, Amount) VALUES (741, TO_DATE('27-9-2013','DD-MM-YYYY'),698293);
INSERT INTO Withdraw(CurrentAccountAccountID, WithdrawDate, Amount) VALUES (741, TO_DATE('27-9-2013','DD-MM-YYYY'), 174573.25);
INSERT INTO Account(CostumerCostumerID, BranchBranchID, Amount, BeginDate, EndDate) VALUES (368, 120, 349146.5, TO_DATE('27-9-2013','DD-MM-YYYY'), NULL);
INSERT INTO SavingsAccount(AccountAccountID, InterestRate, DurationYears) VALUES (742, 0.05, 6);
INSERT INTO Transfer(AccountAccountIDFrom, AccountAccountIDTo, TransferDate, Amount) VALUES (741, 742, TO_DATE('27-9-2013','DD-MM-YYYY'), 349146.5);
INSERT INTO Person(GovID,Name, PhoneNumber, Email, Address, Birthday, Nationality) VALUES (1111121496,'Laia eco','900010385', 'Laia_eco67@sapo.pt', 'Nordhausen, Germany', TO_DATE('9-4-2002','DD-MM-YYYY'), 'Germany');
INSERT INTO Costumer(PersonGovID) VALUES (1111121496);
INSERT INTO Account(CostumerCostumerID, BranchBranchID, Amount, BeginDate, EndDate) VALUES (369, 481, 189204.75, TO_DATE('8-12-2002','DD-MM-YYYY'), NULL);
INSERT INTO CurrentAccount(AccountAccountID, MaximumWithdraw) VALUES (743, 400);
INSERT INTO Deposit(AccountAccountID, DepositDate, Amount) VALUES (743, TO_DATE('8-12-2002','DD-MM-YYYY'),756819);
INSERT INTO Withdraw(CurrentAccountAccountID, WithdrawDate, Amount) VALUES (743, TO_DATE('8-12-2002','DD-MM-YYYY'), 189204.75);
INSERT INTO Account(CostumerCostumerID, BranchBranchID, Amount, BeginDate, EndDate) VALUES (369, 481, 378409.5, TO_DATE('8-12-2002','DD-MM-YYYY'), NULL);
INSERT INTO SavingsAccount(AccountAccountID, InterestRate, DurationYears) VALUES (744, 0.05, 3);
INSERT INTO Transfer(AccountAccountIDFrom, AccountAccountIDTo, TransferDate, Amount) VALUES (743, 744, TO_DATE('8-12-2002','DD-MM-YYYY'), 378409.5);
INSERT INTO Person(GovID,Name, PhoneNumber, Email, Address, Birthday, Nationality) VALUES (1111121497,'Laiba eco','900010386', 'Laiba_eco41@sapo.pt', 'Cottbus, Germany', TO_DATE('26-10-1964','DD-MM-YYYY'), 'Germany');
INSERT INTO Costumer(PersonGovID) VALUES (1111121497);
INSERT INTO Account(CostumerCostumerID, BranchBranchID, Amount, BeginDate, EndDate) VALUES (370, 142, 81712.5, TO_DATE('2-4-2008','DD-MM-YYYY'), NULL);
INSERT INTO CurrentAccount(AccountAccountID, MaximumWithdraw) VALUES (745, 400);
INSERT INTO Deposit(AccountAccountID, DepositDate, Amount) VALUES (745, TO_DATE('2-4-2008','DD-MM-YYYY'),326850);
INSERT INTO Withdraw(CurrentAccountAccountID, WithdrawDate, Amount) VALUES (745, TO_DATE('2-4-2008','DD-MM-YYYY'), 81712.5);
INSERT INTO Account(CostumerCostumerID, BranchBranchID, Amount, BeginDate, EndDate) VALUES (370, 142, 163425.0, TO_DATE('2-4-2008','DD-MM-YYYY'), NULL);
INSERT INTO SavingsAccount(AccountAccountID, InterestRate, DurationYears) VALUES (746, 0.05, 3);
INSERT INTO Transfer(AccountAccountIDFrom, AccountAccountIDTo, TransferDate, Amount) VALUES (745, 746, TO_DATE('2-4-2008','DD-MM-YYYY'), 163425.0);
INSERT INTO Person(GovID,Name, PhoneNumber, Email, Address, Birthday, Nationality) VALUES (1111121498,'Laid eco','900010387', 'Laid_eco70@sapo.pt', 'Mutzig, France', TO_DATE('11-5-2002','DD-MM-YYYY'), 'France');
INSERT INTO Costumer(PersonGovID) VALUES (1111121498);
INSERT INTO Account(CostumerCostumerID, BranchBranchID, Amount, BeginDate, EndDate) VALUES (371, 321, 243523.25, TO_DATE('11-4-2012','DD-MM-YYYY'), NULL);
INSERT INTO CurrentAccount(AccountAccountID, MaximumWithdraw) VALUES (747, 400);
INSERT INTO Deposit(AccountAccountID, DepositDate, Amount) VALUES (747, TO_DATE('11-4-2012','DD-MM-YYYY'),974093);
INSERT INTO Withdraw(CurrentAccountAccountID, WithdrawDate, Amount) VALUES (747, TO_DATE('11-4-2012','DD-MM-YYYY'), 243523.25);
INSERT INTO Account(CostumerCostumerID, BranchBranchID, Amount, BeginDate, EndDate) VALUES (371, 321, 487046.5, TO_DATE('11-4-2012','DD-MM-YYYY'), NULL);
INSERT INTO SavingsAccount(AccountAccountID, InterestRate, DurationYears) VALUES (748, 0.05, 3);
INSERT INTO Transfer(AccountAccountIDFrom, AccountAccountIDTo, TransferDate, Amount) VALUES (747, 748, TO_DATE('11-4-2012','DD-MM-YYYY'), 487046.5);
INSERT INTO Person(GovID,Name, PhoneNumber, Email, Address, Birthday, Nationality) VALUES (1111121499,'Laida eco','900010388', 'Laida_eco9@sapo.pt', 'Arezzo, Italy', TO_DATE('25-12-2002','DD-MM-YYYY'), 'Italy');
INSERT INTO Costumer(PersonGovID) VALUES (1111121499);
INSERT INTO Account(CostumerCostumerID, BranchBranchID, Amount, BeginDate, EndDate) VALUES (372, 531, 43152.5, TO_DATE('2-9-2007','DD-MM-YYYY'), NULL);
INSERT INTO CurrentAccount(AccountAccountID, MaximumWithdraw) VALUES (749, 400);
INSERT INTO Deposit(AccountAccountID, DepositDate, Amount) VALUES (749, TO_DATE('2-9-2007','DD-MM-YYYY'),172610);
INSERT INTO Withdraw(CurrentAccountAccountID, WithdrawDate, Amount) VALUES (749, TO_DATE('2-9-2007','DD-MM-YYYY'), 43152.5);
INSERT INTO Account(CostumerCostumerID, BranchBranchID, Amount, BeginDate, EndDate) VALUES (372, 531, 86305.0, TO_DATE('2-9-2007','DD-MM-YYYY'), NULL);
INSERT INTO SavingsAccount(AccountAccountID, InterestRate, DurationYears) VALUES (750, 0.05, 3);
INSERT INTO Transfer(AccountAccountIDFrom, AccountAccountIDTo, TransferDate, Amount) VALUES (749, 750, TO_DATE('2-9-2007','DD-MM-YYYY'), 86305.0);
INSERT INTO Person(GovID,Name, PhoneNumber, Email, Address, Birthday, Nationality) VALUES (1111121500,'Laie eco','900010389', 'Laie_eco95@sapo.pt', 'Nordhausen, Germany', TO_DATE('12-1-1994','DD-MM-YYYY'), 'Germany');
INSERT INTO Costumer(PersonGovID) VALUES (1111121500);
INSERT INTO Account(CostumerCostumerID, BranchBranchID, Amount, BeginDate, EndDate) VALUES (373, 834, 244120.25, TO_DATE('16-4-2002','DD-MM-YYYY'), NULL);
INSERT INTO CurrentAccount(AccountAccountID, MaximumWithdraw) VALUES (751, 400);
INSERT INTO Deposit(AccountAccountID, DepositDate, Amount) VALUES (751, TO_DATE('16-4-2002','DD-MM-YYYY'),976481);
INSERT INTO Withdraw(CurrentAccountAccountID, WithdrawDate, Amount) VALUES (751, TO_DATE('16-4-2002','DD-MM-YYYY'), 244120.25);
INSERT INTO Account(CostumerCostumerID, BranchBranchID, Amount, BeginDate, EndDate) VALUES (373, 834, 488240.5, TO_DATE('16-4-2002','DD-MM-YYYY'), NULL);
INSERT INTO SavingsAccount(AccountAccountID, InterestRate, DurationYears) VALUES (752, 0.05, 9);
INSERT INTO Transfer(AccountAccountIDFrom, AccountAccountIDTo, TransferDate, Amount) VALUES (751, 752, TO_DATE('16-4-2002','DD-MM-YYYY'), 488240.5);
INSERT INTO Person(GovID,Name, PhoneNumber, Email, Address, Birthday, Nationality) VALUES (1111121501,'Laiene eco','900010390', 'Laiene_eco19@sapo.pt', 'Bitburg, Germany', TO_DATE('19-2-1981','DD-MM-YYYY'), 'Germany');
INSERT INTO Costumer(PersonGovID) VALUES (1111121501);
INSERT INTO Account(CostumerCostumerID, BranchBranchID, Amount, BeginDate, EndDate) VALUES (374, 1159, 228434.75, TO_DATE('11-4-2007','DD-MM-YYYY'), NULL);
INSERT INTO CurrentAccount(AccountAccountID, MaximumWithdraw) VALUES (753, 400);
INSERT INTO Deposit(AccountAccountID, DepositDate, Amount) VALUES (753, TO_DATE('11-4-2007','DD-MM-YYYY'),913739);
INSERT INTO Withdraw(CurrentAccountAccountID, WithdrawDate, Amount) VALUES (753, TO_DATE('11-4-2007','DD-MM-YYYY'), 228434.75);
INSERT INTO Account(CostumerCostumerID, BranchBranchID, Amount, BeginDate, EndDate) VALUES (374, 1159, 456869.5, TO_DATE('11-4-2007','DD-MM-YYYY'), NULL);
INSERT INTO SavingsAccount(AccountAccountID, InterestRate, DurationYears) VALUES (754, 0.05, 5);
INSERT INTO Transfer(AccountAccountIDFrom, AccountAccountIDTo, TransferDate, Amount) VALUES (753, 754, TO_DATE('11-4-2007','DD-MM-YYYY'), 456869.5);
INSERT INTO Person(GovID,Name, PhoneNumber, Email, Address, Birthday, Nationality) VALUES (1111121502,'Laila eco','900010391', 'Laila_eco18@sapo.pt', 'Arles, France', TO_DATE('19-8-1974','DD-MM-YYYY'), 'France');
INSERT INTO Costumer(PersonGovID) VALUES (1111121502);
INSERT INTO Account(CostumerCostumerID, BranchBranchID, Amount, BeginDate, EndDate) VALUES (375, 737, 40211.75, TO_DATE('11-8-2000','DD-MM-YYYY'), NULL);
INSERT INTO CurrentAccount(AccountAccountID, MaximumWithdraw) VALUES (755, 400);
INSERT INTO Deposit(AccountAccountID, DepositDate, Amount) VALUES (755, TO_DATE('11-8-2000','DD-MM-YYYY'),160847);
INSERT INTO Withdraw(CurrentAccountAccountID, WithdrawDate, Amount) VALUES (755, TO_DATE('11-8-2000','DD-MM-YYYY'), 40211.75);
INSERT INTO Account(CostumerCostumerID, BranchBranchID, Amount, BeginDate, EndDate) VALUES (375, 737, 80423.5, TO_DATE('11-8-2000','DD-MM-YYYY'), NULL);
INSERT INTO SavingsAccount(AccountAccountID, InterestRate, DurationYears) VALUES (756, 0.05, 5);
INSERT INTO Transfer(AccountAccountIDFrom, AccountAccountIDTo, TransferDate, Amount) VALUES (755, 756, TO_DATE('11-8-2000','DD-MM-YYYY'), 80423.5);
INSERT INTO Person(GovID,Name, PhoneNumber, Email, Address, Birthday, Nationality) VALUES (1111121503,'Laima eco','900010392', 'Laima_eco60@sapo.pt', 'Wedel, Germany', TO_DATE('28-2-2001','DD-MM-YYYY'), 'Germany');
INSERT INTO Costumer(PersonGovID) VALUES (1111121503);
INSERT INTO Account(CostumerCostumerID, BranchBranchID, Amount, BeginDate, EndDate) VALUES (376, 631, 169244.0, TO_DATE('19-1-2008','DD-MM-YYYY'), NULL);
INSERT INTO CurrentAccount(AccountAccountID, MaximumWithdraw) VALUES (757, 400);
INSERT INTO Deposit(AccountAccountID, DepositDate, Amount) VALUES (757, TO_DATE('19-1-2008','DD-MM-YYYY'),676976);
INSERT INTO Withdraw(CurrentAccountAccountID, WithdrawDate, Amount) VALUES (757, TO_DATE('19-1-2008','DD-MM-YYYY'), 169244.0);
INSERT INTO Account(CostumerCostumerID, BranchBranchID, Amount, BeginDate, EndDate) VALUES (376, 631, 338488.0, TO_DATE('19-1-2008','DD-MM-YYYY'), NULL);
INSERT INTO SavingsAccount(AccountAccountID, InterestRate, DurationYears) VALUES (758, 0.05, 10);
INSERT INTO Transfer(AccountAccountIDFrom, AccountAccountIDTo, TransferDate, Amount) VALUES (757, 758, TO_DATE('19-1-2008','DD-MM-YYYY'), 338488.0);
INSERT INTO Person(GovID,Name, PhoneNumber, Email, Address, Birthday, Nationality) VALUES (1111121504,'Laimonas eco','900010393', 'Laimonas_eco59@sapo.pt', 'Bourges, France', TO_DATE('21-7-1994','DD-MM-YYYY'), 'France');
INSERT INTO Costumer(PersonGovID) VALUES (1111121504);
INSERT INTO Account(CostumerCostumerID, BranchBranchID, Amount, BeginDate, EndDate) VALUES (377, 482, 23620.0, TO_DATE('14-11-2005','DD-MM-YYYY'), NULL);
INSERT INTO CurrentAccount(AccountAccountID, MaximumWithdraw) VALUES (759, 400);
INSERT INTO Deposit(AccountAccountID, DepositDate, Amount) VALUES (759, TO_DATE('14-11-2005','DD-MM-YYYY'),94480);
INSERT INTO Withdraw(CurrentAccountAccountID, WithdrawDate, Amount) VALUES (759, TO_DATE('14-11-2005','DD-MM-YYYY'), 23620.0);
INSERT INTO Account(CostumerCostumerID, BranchBranchID, Amount, BeginDate, EndDate) VALUES (377, 482, 47240.0, TO_DATE('14-11-2005','DD-MM-YYYY'), NULL);
INSERT INTO SavingsAccount(AccountAccountID, InterestRate, DurationYears) VALUES (760, 0.05, 9);
INSERT INTO Transfer(AccountAccountIDFrom, AccountAccountIDTo, TransferDate, Amount) VALUES (759, 760, TO_DATE('14-11-2005','DD-MM-YYYY'), 47240.0);
INSERT INTO Person(GovID,Name, PhoneNumber, Email, Address, Birthday, Nationality) VALUES (1111121505,'Laimute eco','900010394', 'Laimute_eco21@sapo.pt', 'Terni, Italy', TO_DATE('13-6-1962','DD-MM-YYYY'), 'Italy');
INSERT INTO Costumer(PersonGovID) VALUES (1111121505);
INSERT INTO Account(CostumerCostumerID, BranchBranchID, Amount, BeginDate, EndDate) VALUES (378, 615, 49775.75, TO_DATE('23-4-2008','DD-MM-YYYY'), NULL);
INSERT INTO CurrentAccount(AccountAccountID, MaximumWithdraw) VALUES (761, 400);
INSERT INTO Deposit(AccountAccountID, DepositDate, Amount) VALUES (761, TO_DATE('23-4-2008','DD-MM-YYYY'),199103);
INSERT INTO Withdraw(CurrentAccountAccountID, WithdrawDate, Amount) VALUES (761, TO_DATE('23-4-2008','DD-MM-YYYY'), 49775.75);
INSERT INTO Account(CostumerCostumerID, BranchBranchID, Amount, BeginDate, EndDate) VALUES (378, 615, 99551.5, TO_DATE('23-4-2008','DD-MM-YYYY'), NULL);
INSERT INTO SavingsAccount(AccountAccountID, InterestRate, DurationYears) VALUES (762, 0.05, 9);
INSERT INTO Transfer(AccountAccountIDFrom, AccountAccountIDTo, TransferDate, Amount) VALUES (761, 762, TO_DATE('23-4-2008','DD-MM-YYYY'), 99551.5);
INSERT INTO Person(GovID,Name, PhoneNumber, Email, Address, Birthday, Nationality) VALUES (1111121506,'Lain eco','900010395', 'Lain_eco10@sapo.pt', 'Gottelfingen, Germany', TO_DATE('15-4-1987','DD-MM-YYYY'), 'Germany');
INSERT INTO Costumer(PersonGovID) VALUES (1111121506);
INSERT INTO Account(CostumerCostumerID, BranchBranchID, Amount, BeginDate, EndDate) VALUES (379, 4, 87351.25, TO_DATE('20-4-2007','DD-MM-YYYY'), NULL);
INSERT INTO CurrentAccount(AccountAccountID, MaximumWithdraw) VALUES (763, 400);
INSERT INTO Deposit(AccountAccountID, DepositDate, Amount) VALUES (763, TO_DATE('20-4-2007','DD-MM-YYYY'),349405);
INSERT INTO Withdraw(CurrentAccountAccountID, WithdrawDate, Amount) VALUES (763, TO_DATE('20-4-2007','DD-MM-YYYY'), 87351.25);
INSERT INTO Account(CostumerCostumerID, BranchBranchID, Amount, BeginDate, EndDate) VALUES (379, 4, 174702.5, TO_DATE('20-4-2007','DD-MM-YYYY'), NULL);
INSERT INTO SavingsAccount(AccountAccountID, InterestRate, DurationYears) VALUES (764, 0.05, 4);
INSERT INTO Transfer(AccountAccountIDFrom, AccountAccountIDTo, TransferDate, Amount) VALUES (763, 764, TO_DATE('20-4-2007','DD-MM-YYYY'), 174702.5);
INSERT INTO Person(GovID,Name, PhoneNumber, Email, Address, Birthday, Nationality) VALUES (1111121507,'Laina eco','900010396', 'Laina_eco26@sapo.pt', 'Ulm, Germany', TO_DATE('3-9-2008','DD-MM-YYYY'), 'Germany');
INSERT INTO Costumer(PersonGovID) VALUES (1111121507);
INSERT INTO Account(CostumerCostumerID, BranchBranchID, Amount, BeginDate, EndDate) VALUES (380, 175, 198550.25, TO_DATE('26-4-2006','DD-MM-YYYY'), NULL);
INSERT INTO CurrentAccount(AccountAccountID, MaximumWithdraw) VALUES (765, 400);
INSERT INTO Deposit(AccountAccountID, DepositDate, Amount) VALUES (765, TO_DATE('26-4-2006','DD-MM-YYYY'),794201);
INSERT INTO Withdraw(CurrentAccountAccountID, WithdrawDate, Amount) VALUES (765, TO_DATE('26-4-2006','DD-MM-YYYY'), 198550.25);
INSERT INTO Account(CostumerCostumerID, BranchBranchID, Amount, BeginDate, EndDate) VALUES (380, 175, 397100.5, TO_DATE('26-4-2006','DD-MM-YYYY'), NULL);
INSERT INTO SavingsAccount(AccountAccountID, InterestRate, DurationYears) VALUES (766, 0.05, 4);
INSERT INTO Transfer(AccountAccountIDFrom, AccountAccountIDTo, TransferDate, Amount) VALUES (765, 766, TO_DATE('26-4-2006','DD-MM-YYYY'), 397100.5);
INSERT INTO Person(GovID,Name, PhoneNumber, Email, Address, Birthday, Nationality) VALUES (1111121508,'Laine eco','900010397', 'Laine_eco34@sapo.pt', 'Nidda, Germany', TO_DATE('27-1-1962','DD-MM-YYYY'), 'Germany');
INSERT INTO Costumer(PersonGovID) VALUES (1111121508);
INSERT INTO Account(CostumerCostumerID, BranchBranchID, Amount, BeginDate, EndDate) VALUES (381, 1174, 52748.0, TO_DATE('14-2-2008','DD-MM-YYYY'), NULL);
INSERT INTO CurrentAccount(AccountAccountID, MaximumWithdraw) VALUES (767, 400);
INSERT INTO Deposit(AccountAccountID, DepositDate, Amount) VALUES (767, TO_DATE('14-2-2008','DD-MM-YYYY'),210992);
INSERT INTO Withdraw(CurrentAccountAccountID, WithdrawDate, Amount) VALUES (767, TO_DATE('14-2-2008','DD-MM-YYYY'), 52748.0);
INSERT INTO Account(CostumerCostumerID, BranchBranchID, Amount, BeginDate, EndDate) VALUES (381, 1174, 105496.0, TO_DATE('14-2-2008','DD-MM-YYYY'), NULL);
INSERT INTO SavingsAccount(AccountAccountID, InterestRate, DurationYears) VALUES (768, 0.05, 4);
INSERT INTO Transfer(AccountAccountIDFrom, AccountAccountIDTo, TransferDate, Amount) VALUES (767, 768, TO_DATE('14-2-2008','DD-MM-YYYY'), 105496.0);
INSERT INTO Person(GovID,Name, PhoneNumber, Email, Address, Birthday, Nationality) VALUES (1111121509,'Laira eco','900010398', 'Laira_eco1@sapo.pt', 'Kassel, Germany', TO_DATE('25-4-1984','DD-MM-YYYY'), 'Germany');
INSERT INTO Costumer(PersonGovID) VALUES (1111121509);
INSERT INTO Account(CostumerCostumerID, BranchBranchID, Amount, BeginDate, EndDate) VALUES (382, 1215, 23265.5, TO_DATE('24-4-2012','DD-MM-YYYY'), NULL);
INSERT INTO CurrentAccount(AccountAccountID, MaximumWithdraw) VALUES (769, 400);
INSERT INTO Deposit(AccountAccountID, DepositDate, Amount) VALUES (769, TO_DATE('24-4-2012','DD-MM-YYYY'),93062);
INSERT INTO Withdraw(CurrentAccountAccountID, WithdrawDate, Amount) VALUES (769, TO_DATE('24-4-2012','DD-MM-YYYY'), 23265.5);
INSERT INTO Account(CostumerCostumerID, BranchBranchID, Amount, BeginDate, EndDate) VALUES (382, 1215, 46531.0, TO_DATE('24-4-2012','DD-MM-YYYY'), NULL);
INSERT INTO SavingsAccount(AccountAccountID, InterestRate, DurationYears) VALUES (770, 0.05, 3);
INSERT INTO Transfer(AccountAccountIDFrom, AccountAccountIDTo, TransferDate, Amount) VALUES (769, 770, TO_DATE('24-4-2012','DD-MM-YYYY'), 46531.0);
INSERT INTO Person(GovID,Name, PhoneNumber, Email, Address, Birthday, Nationality) VALUES (1111121510,'Lais eco','900010399', 'Lais_eco87@sapo.pt', 'Noisy Sur Ecole, France', TO_DATE('4-2-1967','DD-MM-YYYY'), 'France');
INSERT INTO Costumer(PersonGovID) VALUES (1111121510);
INSERT INTO Account(CostumerCostumerID, BranchBranchID, Amount, BeginDate, EndDate) VALUES (383, 172, 141831.0, TO_DATE('26-1-2011','DD-MM-YYYY'), NULL);
INSERT INTO CurrentAccount(AccountAccountID, MaximumWithdraw) VALUES (771, 400);
INSERT INTO Deposit(AccountAccountID, DepositDate, Amount) VALUES (771, TO_DATE('26-1-2011','DD-MM-YYYY'),567324);
INSERT INTO Withdraw(CurrentAccountAccountID, WithdrawDate, Amount) VALUES (771, TO_DATE('26-1-2011','DD-MM-YYYY'), 141831.0);
INSERT INTO Account(CostumerCostumerID, BranchBranchID, Amount, BeginDate, EndDate) VALUES (383, 172, 283662.0, TO_DATE('26-1-2011','DD-MM-YYYY'), NULL);
INSERT INTO SavingsAccount(AccountAccountID, InterestRate, DurationYears) VALUES (772, 0.05, 4);
INSERT INTO Transfer(AccountAccountIDFrom, AccountAccountIDTo, TransferDate, Amount) VALUES (771, 772, TO_DATE('26-1-2011','DD-MM-YYYY'), 283662.0);
INSERT INTO Person(GovID,Name, PhoneNumber, Email, Address, Birthday, Nationality) VALUES (1111121511,'Laisa eco','900010400', 'Laisa_eco94@sapo.pt', 'Jelenia Gora, Poland', TO_DATE('19-9-1976','DD-MM-YYYY'), 'Poland');
INSERT INTO Costumer(PersonGovID) VALUES (1111121511);
INSERT INTO Account(CostumerCostumerID, BranchBranchID, Amount, BeginDate, EndDate) VALUES (384, 142, 125512.75, TO_DATE('3-5-2013','DD-MM-YYYY'), NULL);
INSERT INTO CurrentAccount(AccountAccountID, MaximumWithdraw) VALUES (773, 400);
INSERT INTO Deposit(AccountAccountID, DepositDate, Amount) VALUES (773, TO_DATE('3-5-2013','DD-MM-YYYY'),502051);
INSERT INTO Withdraw(CurrentAccountAccountID, WithdrawDate, Amount) VALUES (773, TO_DATE('3-5-2013','DD-MM-YYYY'), 125512.75);
INSERT INTO Account(CostumerCostumerID, BranchBranchID, Amount, BeginDate, EndDate) VALUES (384, 142, 251025.5, TO_DATE('3-5-2013','DD-MM-YYYY'), NULL);
INSERT INTO SavingsAccount(AccountAccountID, InterestRate, DurationYears) VALUES (774, 0.05, 6);
INSERT INTO Transfer(AccountAccountIDFrom, AccountAccountIDTo, TransferDate, Amount) VALUES (773, 774, TO_DATE('3-5-2013','DD-MM-YYYY'), 251025.5);
INSERT INTO Person(GovID,Name, PhoneNumber, Email, Address, Birthday, Nationality) VALUES (1111121512,'Lajos eco','900010401', 'Lajos_eco24@sapo.pt', 'Ingolstadt, Germany', TO_DATE('14-7-1995','DD-MM-YYYY'), 'Germany');
INSERT INTO Costumer(PersonGovID) VALUES (1111121512);
INSERT INTO Account(CostumerCostumerID, BranchBranchID, Amount, BeginDate, EndDate) VALUES (385, 1023, 246326.0, TO_DATE('7-12-2018','DD-MM-YYYY'), NULL);
INSERT INTO CurrentAccount(AccountAccountID, MaximumWithdraw) VALUES (775, 400);
INSERT INTO Deposit(AccountAccountID, DepositDate, Amount) VALUES (775, TO_DATE('7-12-2018','DD-MM-YYYY'),985304);
INSERT INTO Withdraw(CurrentAccountAccountID, WithdrawDate, Amount) VALUES (775, TO_DATE('7-12-2018','DD-MM-YYYY'), 246326.0);
INSERT INTO Account(CostumerCostumerID, BranchBranchID, Amount, BeginDate, EndDate) VALUES (385, 1023, 492652.0, TO_DATE('7-12-2018','DD-MM-YYYY'), NULL);
INSERT INTO SavingsAccount(AccountAccountID, InterestRate, DurationYears) VALUES (776, 0.05, 5);
INSERT INTO Transfer(AccountAccountIDFrom, AccountAccountIDTo, TransferDate, Amount) VALUES (775, 776, TO_DATE('7-12-2018','DD-MM-YYYY'), 492652.0);
INSERT INTO Person(GovID,Name, PhoneNumber, Email, Address, Birthday, Nationality) VALUES (1111121513,'Lajuana eco','900010402', 'Lajuana_eco50@sapo.pt', 'Vila Franca de Xira, Portugal', TO_DATE('25-8-1969','DD-MM-YYYY'), 'Portugal');
INSERT INTO Costumer(PersonGovID) VALUES (1111121513);
INSERT INTO Account(CostumerCostumerID, BranchBranchID, Amount, BeginDate, EndDate) VALUES (386, 890, 45416.75, TO_DATE('5-4-2015','DD-MM-YYYY'), NULL);
INSERT INTO CurrentAccount(AccountAccountID, MaximumWithdraw) VALUES (777, 400);
INSERT INTO Deposit(AccountAccountID, DepositDate, Amount) VALUES (777, TO_DATE('5-4-2015','DD-MM-YYYY'),181667);
INSERT INTO Withdraw(CurrentAccountAccountID, WithdrawDate, Amount) VALUES (777, TO_DATE('5-4-2015','DD-MM-YYYY'), 45416.75);
INSERT INTO Account(CostumerCostumerID, BranchBranchID, Amount, BeginDate, EndDate) VALUES (386, 890, 90833.5, TO_DATE('5-4-2015','DD-MM-YYYY'), NULL);
INSERT INTO SavingsAccount(AccountAccountID, InterestRate, DurationYears) VALUES (778, 0.05, 5);
INSERT INTO Transfer(AccountAccountIDFrom, AccountAccountIDTo, TransferDate, Amount) VALUES (777, 778, TO_DATE('5-4-2015','DD-MM-YYYY'), 90833.5);
INSERT INTO Person(GovID,Name, PhoneNumber, Email, Address, Birthday, Nationality) VALUES (1111121514,'Lakbir eco','900010403', 'Lakbir_eco55@sapo.pt', 'Vitre, France', TO_DATE('11-3-1981','DD-MM-YYYY'), 'France');
INSERT INTO Costumer(PersonGovID) VALUES (1111121514);
INSERT INTO Account(CostumerCostumerID, BranchBranchID, Amount, BeginDate, EndDate) VALUES (387, 69, 161071.25, TO_DATE('9-11-2010','DD-MM-YYYY'), NULL);
INSERT INTO CurrentAccount(AccountAccountID, MaximumWithdraw) VALUES (779, 400);
INSERT INTO Deposit(AccountAccountID, DepositDate, Amount) VALUES (779, TO_DATE('9-11-2010','DD-MM-YYYY'),644285);
INSERT INTO Withdraw(CurrentAccountAccountID, WithdrawDate, Amount) VALUES (779, TO_DATE('9-11-2010','DD-MM-YYYY'), 161071.25);
INSERT INTO Account(CostumerCostumerID, BranchBranchID, Amount, BeginDate, EndDate) VALUES (387, 69, 322142.5, TO_DATE('9-11-2010','DD-MM-YYYY'), NULL);
INSERT INTO SavingsAccount(AccountAccountID, InterestRate, DurationYears) VALUES (780, 0.05, 10);
INSERT INTO Transfer(AccountAccountIDFrom, AccountAccountIDTo, TransferDate, Amount) VALUES (779, 780, TO_DATE('9-11-2010','DD-MM-YYYY'), 322142.5);
INSERT INTO Person(GovID,Name, PhoneNumber, Email, Address, Birthday, Nationality) VALUES (1111121515,'Lakbira eco','900010404', 'Lakbira_eco28@sapo.pt', 'Viterbo, Italy', TO_DATE('2-5-1968','DD-MM-YYYY'), 'Italy');
INSERT INTO Costumer(PersonGovID) VALUES (1111121515);
INSERT INTO Account(CostumerCostumerID, BranchBranchID, Amount, BeginDate, EndDate) VALUES (388, 286, 210982.0, TO_DATE('10-3-2008','DD-MM-YYYY'), NULL);
INSERT INTO CurrentAccount(AccountAccountID, MaximumWithdraw) VALUES (781, 400);
INSERT INTO Deposit(AccountAccountID, DepositDate, Amount) VALUES (781, TO_DATE('10-3-2008','DD-MM-YYYY'),843928);
INSERT INTO Withdraw(CurrentAccountAccountID, WithdrawDate, Amount) VALUES (781, TO_DATE('10-3-2008','DD-MM-YYYY'), 210982.0);
INSERT INTO Account(CostumerCostumerID, BranchBranchID, Amount, BeginDate, EndDate) VALUES (388, 286, 421964.0, TO_DATE('10-3-2008','DD-MM-YYYY'), NULL);
INSERT INTO SavingsAccount(AccountAccountID, InterestRate, DurationYears) VALUES (782, 0.05, 10);
INSERT INTO Transfer(AccountAccountIDFrom, AccountAccountIDTo, TransferDate, Amount) VALUES (781, 782, TO_DATE('10-3-2008','DD-MM-YYYY'), 421964.0);
INSERT INTO Person(GovID,Name, PhoneNumber, Email, Address, Birthday, Nationality) VALUES (1111121516,'Lakeesha eco','900010405', 'Lakeesha_eco92@sapo.pt', 'Pesaro, Italy', TO_DATE('22-10-1979','DD-MM-YYYY'), 'Italy');
INSERT INTO Costumer(PersonGovID) VALUES (1111121516);
INSERT INTO Account(CostumerCostumerID, BranchBranchID, Amount, BeginDate, EndDate) VALUES (389, 378, 239146.75, TO_DATE('9-12-2011','DD-MM-YYYY'), NULL);
INSERT INTO CurrentAccount(AccountAccountID, MaximumWithdraw) VALUES (783, 400);
INSERT INTO Deposit(AccountAccountID, DepositDate, Amount) VALUES (783, TO_DATE('9-12-2011','DD-MM-YYYY'),956587);
INSERT INTO Withdraw(CurrentAccountAccountID, WithdrawDate, Amount) VALUES (783, TO_DATE('9-12-2011','DD-MM-YYYY'), 239146.75);
INSERT INTO Account(CostumerCostumerID, BranchBranchID, Amount, BeginDate, EndDate) VALUES (389, 378, 478293.5, TO_DATE('9-12-2011','DD-MM-YYYY'), NULL);
INSERT INTO SavingsAccount(AccountAccountID, InterestRate, DurationYears) VALUES (784, 0.05, 6);
INSERT INTO Transfer(AccountAccountIDFrom, AccountAccountIDTo, TransferDate, Amount) VALUES (783, 784, TO_DATE('9-12-2011','DD-MM-YYYY'), 478293.5);
INSERT INTO Person(GovID,Name, PhoneNumber, Email, Address, Birthday, Nationality) VALUES (1111121517,'Lakeisha eco','900010406', 'Lakeisha_eco86@sapo.pt', 'Bydgoszcz, Poland', TO_DATE('18-9-1960','DD-MM-YYYY'), 'Poland');
INSERT INTO Costumer(PersonGovID) VALUES (1111121517);
INSERT INTO Account(CostumerCostumerID, BranchBranchID, Amount, BeginDate, EndDate) VALUES (390, 799, 206343.75, TO_DATE('27-2-2011','DD-MM-YYYY'), NULL);
INSERT INTO CurrentAccount(AccountAccountID, MaximumWithdraw) VALUES (785, 400);
INSERT INTO Deposit(AccountAccountID, DepositDate, Amount) VALUES (785, TO_DATE('27-2-2011','DD-MM-YYYY'),825375);
INSERT INTO Withdraw(CurrentAccountAccountID, WithdrawDate, Amount) VALUES (785, TO_DATE('27-2-2011','DD-MM-YYYY'), 206343.75);
INSERT INTO Account(CostumerCostumerID, BranchBranchID, Amount, BeginDate, EndDate) VALUES (390, 799, 412687.5, TO_DATE('27-2-2011','DD-MM-YYYY'), NULL);
INSERT INTO SavingsAccount(AccountAccountID, InterestRate, DurationYears) VALUES (786, 0.05, 7);
INSERT INTO Transfer(AccountAccountIDFrom, AccountAccountIDTo, TransferDate, Amount) VALUES (785, 786, TO_DATE('27-2-2011','DD-MM-YYYY'), 412687.5);
INSERT INTO Person(GovID,Name, PhoneNumber, Email, Address, Birthday, Nationality) VALUES (1111121518,'Lakendra eco','900010407', 'Lakendra_eco53@sapo.pt', 'Villa Franca Do Campo, Portugal', TO_DATE('18-7-1959','DD-MM-YYYY'), 'Portugal');
INSERT INTO Costumer(PersonGovID) VALUES (1111121518);
INSERT INTO Account(CostumerCostumerID, BranchBranchID, Amount, BeginDate, EndDate) VALUES (391, 1103, 185491.75, TO_DATE('10-11-2015','DD-MM-YYYY'), NULL);
INSERT INTO CurrentAccount(AccountAccountID, MaximumWithdraw) VALUES (787, 400);
INSERT INTO Deposit(AccountAccountID, DepositDate, Amount) VALUES (787, TO_DATE('10-11-2015','DD-MM-YYYY'),741967);
INSERT INTO Withdraw(CurrentAccountAccountID, WithdrawDate, Amount) VALUES (787, TO_DATE('10-11-2015','DD-MM-YYYY'), 185491.75);
INSERT INTO Account(CostumerCostumerID, BranchBranchID, Amount, BeginDate, EndDate) VALUES (391, 1103, 370983.5, TO_DATE('10-11-2015','DD-MM-YYYY'), NULL);
INSERT INTO SavingsAccount(AccountAccountID, InterestRate, DurationYears) VALUES (788, 0.05, 6);
INSERT INTO Transfer(AccountAccountIDFrom, AccountAccountIDTo, TransferDate, Amount) VALUES (787, 788, TO_DATE('10-11-2015','DD-MM-YYYY'), 370983.5);
INSERT INTO Person(GovID,Name, PhoneNumber, Email, Address, Birthday, Nationality) VALUES (1111121519,'Lakenya eco','900010408', 'Lakenya_eco81@sapo.pt', 'Albi, France', TO_DATE('2-5-1964','DD-MM-YYYY'), 'France');
INSERT INTO Costumer(PersonGovID) VALUES (1111121519);
INSERT INTO Account(CostumerCostumerID, BranchBranchID, Amount, BeginDate, EndDate) VALUES (392, 394, 36847.5, TO_DATE('21-6-2003','DD-MM-YYYY'), NULL);
INSERT INTO CurrentAccount(AccountAccountID, MaximumWithdraw) VALUES (789, 400);
INSERT INTO Deposit(AccountAccountID, DepositDate, Amount) VALUES (789, TO_DATE('21-6-2003','DD-MM-YYYY'),147390);
INSERT INTO Withdraw(CurrentAccountAccountID, WithdrawDate, Amount) VALUES (789, TO_DATE('21-6-2003','DD-MM-YYYY'), 36847.5);
INSERT INTO Account(CostumerCostumerID, BranchBranchID, Amount, BeginDate, EndDate) VALUES (392, 394, 73695.0, TO_DATE('21-6-2003','DD-MM-YYYY'), NULL);
INSERT INTO SavingsAccount(AccountAccountID, InterestRate, DurationYears) VALUES (790, 0.05, 8);
INSERT INTO Transfer(AccountAccountIDFrom, AccountAccountIDTo, TransferDate, Amount) VALUES (789, 790, TO_DATE('21-6-2003','DD-MM-YYYY'), 73695.0);
INSERT INTO Person(GovID,Name, PhoneNumber, Email, Address, Birthday, Nationality) VALUES (1111121520,'Lakesha eco','900010409', 'Lakesha_eco29@sapo.pt', 'Bordeaux, France', TO_DATE('11-8-1984','DD-MM-YYYY'), 'France');
INSERT INTO Costumer(PersonGovID) VALUES (1111121520);
INSERT INTO Account(CostumerCostumerID, BranchBranchID, Amount, BeginDate, EndDate) VALUES (393, 922, 76611.75, TO_DATE('2-7-2014','DD-MM-YYYY'), NULL);
INSERT INTO CurrentAccount(AccountAccountID, MaximumWithdraw) VALUES (791, 400);
INSERT INTO Deposit(AccountAccountID, DepositDate, Amount) VALUES (791, TO_DATE('2-7-2014','DD-MM-YYYY'),306447);
INSERT INTO Withdraw(CurrentAccountAccountID, WithdrawDate, Amount) VALUES (791, TO_DATE('2-7-2014','DD-MM-YYYY'), 76611.75);
INSERT INTO Account(CostumerCostumerID, BranchBranchID, Amount, BeginDate, EndDate) VALUES (393, 922, 153223.5, TO_DATE('2-7-2014','DD-MM-YYYY'), NULL);
INSERT INTO SavingsAccount(AccountAccountID, InterestRate, DurationYears) VALUES (792, 0.05, 8);
INSERT INTO Transfer(AccountAccountIDFrom, AccountAccountIDTo, TransferDate, Amount) VALUES (791, 792, TO_DATE('2-7-2014','DD-MM-YYYY'), 153223.5);
INSERT INTO Person(GovID,Name, PhoneNumber, Email, Address, Birthday, Nationality) VALUES (1111121521,'Lakeshia eco','900010410', 'Lakeshia_eco71@sapo.pt', 'Corinth, Greece', TO_DATE('14-1-1998','DD-MM-YYYY'), 'Greece');
INSERT INTO Costumer(PersonGovID) VALUES (1111121521);
INSERT INTO Account(CostumerCostumerID, BranchBranchID, Amount, BeginDate, EndDate) VALUES (394, 745, 40096.75, TO_DATE('22-2-2001','DD-MM-YYYY'), NULL);
INSERT INTO CurrentAccount(AccountAccountID, MaximumWithdraw) VALUES (793, 400);
INSERT INTO Deposit(AccountAccountID, DepositDate, Amount) VALUES (793, TO_DATE('22-2-2001','DD-MM-YYYY'),160387);
INSERT INTO Withdraw(CurrentAccountAccountID, WithdrawDate, Amount) VALUES (793, TO_DATE('22-2-2001','DD-MM-YYYY'), 40096.75);
INSERT INTO Account(CostumerCostumerID, BranchBranchID, Amount, BeginDate, EndDate) VALUES (394, 745, 80193.5, TO_DATE('22-2-2001','DD-MM-YYYY'), NULL);
INSERT INTO SavingsAccount(AccountAccountID, InterestRate, DurationYears) VALUES (794, 0.05, 4);
INSERT INTO Transfer(AccountAccountIDFrom, AccountAccountIDTo, TransferDate, Amount) VALUES (793, 794, TO_DATE('22-2-2001','DD-MM-YYYY'), 80193.5);
INSERT INTO Person(GovID,Name, PhoneNumber, Email, Address, Birthday, Nationality) VALUES (1111121522,'Lakhbir eco','900010411', 'Lakhbir_eco25@sapo.pt', 'Vimercate, Italy', TO_DATE('8-7-1978','DD-MM-YYYY'), 'Italy');
INSERT INTO Costumer(PersonGovID) VALUES (1111121522);
INSERT INTO Account(CostumerCostumerID, BranchBranchID, Amount, BeginDate, EndDate) VALUES (395, 1130, 161296.75, TO_DATE('26-2-2012','DD-MM-YYYY'), NULL);
INSERT INTO CurrentAccount(AccountAccountID, MaximumWithdraw) VALUES (795, 400);
INSERT INTO Deposit(AccountAccountID, DepositDate, Amount) VALUES (795, TO_DATE('26-2-2012','DD-MM-YYYY'),645187);
INSERT INTO Withdraw(CurrentAccountAccountID, WithdrawDate, Amount) VALUES (795, TO_DATE('26-2-2012','DD-MM-YYYY'), 161296.75);
INSERT INTO Account(CostumerCostumerID, BranchBranchID, Amount, BeginDate, EndDate) VALUES (395, 1130, 322593.5, TO_DATE('26-2-2012','DD-MM-YYYY'), NULL);
INSERT INTO SavingsAccount(AccountAccountID, InterestRate, DurationYears) VALUES (796, 0.05, 6);
INSERT INTO Transfer(AccountAccountIDFrom, AccountAccountIDTo, TransferDate, Amount) VALUES (795, 796, TO_DATE('26-2-2012','DD-MM-YYYY'), 322593.5);
INSERT INTO Person(GovID,Name, PhoneNumber, Email, Address, Birthday, Nationality) VALUES (1111121523,'Lakhdar eco','900010412', 'Lakhdar_eco89@sapo.pt', 'Thiene, Italy', TO_DATE('1-12-1959','DD-MM-YYYY'), 'Italy');
INSERT INTO Costumer(PersonGovID) VALUES (1111121523);
INSERT INTO Account(CostumerCostumerID, BranchBranchID, Amount, BeginDate, EndDate) VALUES (396, 1089, 115564.5, TO_DATE('3-5-2018','DD-MM-YYYY'), NULL);
INSERT INTO CurrentAccount(AccountAccountID, MaximumWithdraw) VALUES (797, 400);
INSERT INTO Deposit(AccountAccountID, DepositDate, Amount) VALUES (797, TO_DATE('3-5-2018','DD-MM-YYYY'),462258);
INSERT INTO Withdraw(CurrentAccountAccountID, WithdrawDate, Amount) VALUES (797, TO_DATE('3-5-2018','DD-MM-YYYY'), 115564.5);
INSERT INTO Account(CostumerCostumerID, BranchBranchID, Amount, BeginDate, EndDate) VALUES (396, 1089, 231129.0, TO_DATE('3-5-2018','DD-MM-YYYY'), NULL);
INSERT INTO SavingsAccount(AccountAccountID, InterestRate, DurationYears) VALUES (798, 0.05, 5);
INSERT INTO Transfer(AccountAccountIDFrom, AccountAccountIDTo, TransferDate, Amount) VALUES (797, 798, TO_DATE('3-5-2018','DD-MM-YYYY'), 231129.0);
INSERT INTO Person(GovID,Name, PhoneNumber, Email, Address, Birthday, Nationality) VALUES (1111121524,'Lakhvir eco','900010413', 'Lakhvir_eco94@sapo.pt', 'Campobasso, Italy', TO_DATE('24-5-1974','DD-MM-YYYY'), 'Italy');
INSERT INTO Costumer(PersonGovID) VALUES (1111121524);
INSERT INTO Account(CostumerCostumerID, BranchBranchID, Amount, BeginDate, EndDate) VALUES (397, 965, 15016.0, TO_DATE('18-8-2003','DD-MM-YYYY'), NULL);
INSERT INTO CurrentAccount(AccountAccountID, MaximumWithdraw) VALUES (799, 400);
INSERT INTO Deposit(AccountAccountID, DepositDate, Amount) VALUES (799, TO_DATE('18-8-2003','DD-MM-YYYY'),60064);
INSERT INTO Withdraw(CurrentAccountAccountID, WithdrawDate, Amount) VALUES (799, TO_DATE('18-8-2003','DD-MM-YYYY'), 15016.0);
INSERT INTO Account(CostumerCostumerID, BranchBranchID, Amount, BeginDate, EndDate) VALUES (397, 965, 30032.0, TO_DATE('18-8-2003','DD-MM-YYYY'), NULL);
INSERT INTO SavingsAccount(AccountAccountID, InterestRate, DurationYears) VALUES (800, 0.05, 5);
INSERT INTO Transfer(AccountAccountIDFrom, AccountAccountIDTo, TransferDate, Amount) VALUES (799, 800, TO_DATE('18-8-2003','DD-MM-YYYY'), 30032.0);
INSERT INTO Person(GovID,Name, PhoneNumber, Email, Address, Birthday, Nationality) VALUES (1111121525,'Lakhwinder eco','900010414', 'Lakhwinder_eco76@sapo.pt', 'Ciudadela, Spain', TO_DATE('11-10-1959','DD-MM-YYYY'), 'Spain');
INSERT INTO Costumer(PersonGovID) VALUES (1111121525);
INSERT INTO Account(CostumerCostumerID, BranchBranchID, Amount, BeginDate, EndDate) VALUES (398, 1222, 212907.25, TO_DATE('24-5-2010','DD-MM-YYYY'), NULL);
INSERT INTO CurrentAccount(AccountAccountID, MaximumWithdraw) VALUES (801, 400);
INSERT INTO Deposit(AccountAccountID, DepositDate, Amount) VALUES (801, TO_DATE('24-5-2010','DD-MM-YYYY'),851629);
INSERT INTO Withdraw(CurrentAccountAccountID, WithdrawDate, Amount) VALUES (801, TO_DATE('24-5-2010','DD-MM-YYYY'), 212907.25);
INSERT INTO Account(CostumerCostumerID, BranchBranchID, Amount, BeginDate, EndDate) VALUES (398, 1222, 425814.5, TO_DATE('24-5-2010','DD-MM-YYYY'), NULL);
INSERT INTO SavingsAccount(AccountAccountID, InterestRate, DurationYears) VALUES (802, 0.05, 10);
INSERT INTO Transfer(AccountAccountIDFrom, AccountAccountIDTo, TransferDate, Amount) VALUES (801, 802, TO_DATE('24-5-2010','DD-MM-YYYY'), 425814.5);
INSERT INTO Person(GovID,Name, PhoneNumber, Email, Address, Birthday, Nationality) VALUES (1111121526,'Lakia eco','900010415', 'Lakia_eco7@sapo.pt', 'Saint-Julien-en-Genevois, France', TO_DATE('4-6-1950','DD-MM-YYYY'), 'France');
INSERT INTO Costumer(PersonGovID) VALUES (1111121526);
INSERT INTO Account(CostumerCostumerID, BranchBranchID, Amount, BeginDate, EndDate) VALUES (399, 1120, 231719.5, TO_DATE('21-12-2003','DD-MM-YYYY'), NULL);
INSERT INTO CurrentAccount(AccountAccountID, MaximumWithdraw) VALUES (803, 400);
INSERT INTO Deposit(AccountAccountID, DepositDate, Amount) VALUES (803, TO_DATE('21-12-2003','DD-MM-YYYY'),926878);
INSERT INTO Withdraw(CurrentAccountAccountID, WithdrawDate, Amount) VALUES (803, TO_DATE('21-12-2003','DD-MM-YYYY'), 231719.5);
INSERT INTO Account(CostumerCostumerID, BranchBranchID, Amount, BeginDate, EndDate) VALUES (399, 1120, 463439.0, TO_DATE('21-12-2003','DD-MM-YYYY'), NULL);
INSERT INTO SavingsAccount(AccountAccountID, InterestRate, DurationYears) VALUES (804, 0.05, 7);
INSERT INTO Transfer(AccountAccountIDFrom, AccountAccountIDTo, TransferDate, Amount) VALUES (803, 804, TO_DATE('21-12-2003','DD-MM-YYYY'), 463439.0);
INSERT INTO Account(CostumerCostumerID, BranchBranchID, Amount, BeginDate, EndDate) VALUES (399, 1120, 305288, TO_DATE('21-12-2003','DD-MM-YYYY'), NULL);
INSERT INTO CurrentAccount(AccountAccountID, MaximumWithdraw) VALUES (805, 400);
INSERT INTO Loan(BranchBranchID, CurrentAccountAccountAccountID, Amount, InterestRate, DateOfCreation, DateOfCompletion) VALUES (1120, 805, 305288, 0.07, TO_DATE('21-12-2003','DD-MM-YYYY'), TO_DATE('21-12-2004','DD-MM-YYYY'));
INSERT INTO Payment(LoanLoanID, CurrentAccountAccountID, PaymentDate, Amount) VALUES (7, 805, TO_DATE('21-1-2004','DD-MM-YYYY'), 25441);
INSERT INTO Deposit(AccountAccountID, DepositDate, Amount) VALUES (805, TO_DATE('21-1-2004','DD-MM-YYYY'),25441);
INSERT INTO Payment(LoanLoanID, CurrentAccountAccountID, PaymentDate, Amount) VALUES (7, 805, TO_DATE('21-2-2004','DD-MM-YYYY'), 25441);
INSERT INTO Deposit(AccountAccountID, DepositDate, Amount) VALUES (805, TO_DATE('21-2-2004','DD-MM-YYYY'),25441);
INSERT INTO Payment(LoanLoanID, CurrentAccountAccountID, PaymentDate, Amount) VALUES (7, 805, TO_DATE('21-3-2004','DD-MM-YYYY'), 25441);
INSERT INTO Deposit(AccountAccountID, DepositDate, Amount) VALUES (805, TO_DATE('21-3-2004','DD-MM-YYYY'),25441);
INSERT INTO Payment(LoanLoanID, CurrentAccountAccountID, PaymentDate, Amount) VALUES (7, 805, TO_DATE('21-4-2004','DD-MM-YYYY'), 25441);
INSERT INTO Deposit(AccountAccountID, DepositDate, Amount) VALUES (805, TO_DATE('21-4-2004','DD-MM-YYYY'),25441);
INSERT INTO Payment(LoanLoanID, CurrentAccountAccountID, PaymentDate, Amount) VALUES (7, 805, TO_DATE('21-5-2004','DD-MM-YYYY'), 25441);
INSERT INTO Deposit(AccountAccountID, DepositDate, Amount) VALUES (805, TO_DATE('21-5-2004','DD-MM-YYYY'),25441);
INSERT INTO Payment(LoanLoanID, CurrentAccountAccountID, PaymentDate, Amount) VALUES (7, 805, TO_DATE('21-6-2004','DD-MM-YYYY'), 25441);
INSERT INTO Deposit(AccountAccountID, DepositDate, Amount) VALUES (805, TO_DATE('21-6-2004','DD-MM-YYYY'),25441);
INSERT INTO Payment(LoanLoanID, CurrentAccountAccountID, PaymentDate, Amount) VALUES (7, 805, TO_DATE('21-7-2004','DD-MM-YYYY'), 25441);
INSERT INTO Deposit(AccountAccountID, DepositDate, Amount) VALUES (805, TO_DATE('21-7-2004','DD-MM-YYYY'),25441);
INSERT INTO Payment(LoanLoanID, CurrentAccountAccountID, PaymentDate, Amount) VALUES (7, 805, TO_DATE('21-8-2004','DD-MM-YYYY'), 25441);
INSERT INTO Deposit(AccountAccountID, DepositDate, Amount) VALUES (805, TO_DATE('21-8-2004','DD-MM-YYYY'),25441);
INSERT INTO Payment(LoanLoanID, CurrentAccountAccountID, PaymentDate, Amount) VALUES (7, 805, TO_DATE('21-9-2004','DD-MM-YYYY'), 25441);
INSERT INTO Deposit(AccountAccountID, DepositDate, Amount) VALUES (805, TO_DATE('21-9-2004','DD-MM-YYYY'),25441);
INSERT INTO Payment(LoanLoanID, CurrentAccountAccountID, PaymentDate, Amount) VALUES (7, 805, TO_DATE('21-10-2004','DD-MM-YYYY'), 25441);
INSERT INTO Deposit(AccountAccountID, DepositDate, Amount) VALUES (805, TO_DATE('21-10-2004','DD-MM-YYYY'),25441);
INSERT INTO Payment(LoanLoanID, CurrentAccountAccountID, PaymentDate, Amount) VALUES (7, 805, TO_DATE('21-11-2004','DD-MM-YYYY'), 25441);
INSERT INTO Deposit(AccountAccountID, DepositDate, Amount) VALUES (805, TO_DATE('21-11-2004','DD-MM-YYYY'),25441);
INSERT INTO Payment(LoanLoanID, CurrentAccountAccountID, PaymentDate, Amount) VALUES (7, 805, TO_DATE('21-12-2004','DD-MM-YYYY'), 25441);
INSERT INTO Deposit(AccountAccountID, DepositDate, Amount) VALUES (805, TO_DATE('21-12-2004','DD-MM-YYYY'),25441);
INSERT INTO Person(GovID,Name, PhoneNumber, Email, Address, Birthday, Nationality) VALUES (1111121527,'Lakiesha eco','900010416', 'Lakiesha_eco36@sapo.pt', 'Gdynia, Poland', TO_DATE('25-10-1959','DD-MM-YYYY'), 'Poland');
INSERT INTO Costumer(PersonGovID) VALUES (1111121527);
INSERT INTO Account(CostumerCostumerID, BranchBranchID, Amount, BeginDate, EndDate) VALUES (400, 1222, 230853.25, TO_DATE('25-8-2001','DD-MM-YYYY'), NULL);
INSERT INTO CurrentAccount(AccountAccountID, MaximumWithdraw) VALUES (806, 400);
INSERT INTO Deposit(AccountAccountID, DepositDate, Amount) VALUES (806, TO_DATE('25-8-2001','DD-MM-YYYY'),923413);
INSERT INTO Withdraw(CurrentAccountAccountID, WithdrawDate, Amount) VALUES (806, TO_DATE('25-8-2001','DD-MM-YYYY'), 230853.25);
INSERT INTO Account(CostumerCostumerID, BranchBranchID, Amount, BeginDate, EndDate) VALUES (400, 1222, 461706.5, TO_DATE('25-8-2001','DD-MM-YYYY'), NULL);
INSERT INTO SavingsAccount(AccountAccountID, InterestRate, DurationYears) VALUES (807, 0.05, 9);
INSERT INTO Transfer(AccountAccountIDFrom, AccountAccountIDTo, TransferDate, Amount) VALUES (806, 807, TO_DATE('25-8-2001','DD-MM-YYYY'), 461706.5);
INSERT INTO Person(GovID,Name, PhoneNumber, Email, Address, Birthday, Nationality) VALUES (1111121528,'Lakisha eco','900010417', 'Lakisha_eco71@sapo.pt', 'Walldrn, Germany', TO_DATE('4-12-1978','DD-MM-YYYY'), 'Germany');
INSERT INTO Costumer(PersonGovID) VALUES (1111121528);
INSERT INTO Account(CostumerCostumerID, BranchBranchID, Amount, BeginDate, EndDate) VALUES (401, 117, 68348.0, TO_DATE('9-12-2004','DD-MM-YYYY'), NULL);
INSERT INTO CurrentAccount(AccountAccountID, MaximumWithdraw) VALUES (808, 400);
INSERT INTO Deposit(AccountAccountID, DepositDate, Amount) VALUES (808, TO_DATE('9-12-2004','DD-MM-YYYY'),273392);
INSERT INTO Withdraw(CurrentAccountAccountID, WithdrawDate, Amount) VALUES (808, TO_DATE('9-12-2004','DD-MM-YYYY'), 68348.0);
INSERT INTO Account(CostumerCostumerID, BranchBranchID, Amount, BeginDate, EndDate) VALUES (401, 117, 136696.0, TO_DATE('9-12-2004','DD-MM-YYYY'), NULL);
INSERT INTO SavingsAccount(AccountAccountID, InterestRate, DurationYears) VALUES (809, 0.05, 4);
INSERT INTO Transfer(AccountAccountIDFrom, AccountAccountIDTo, TransferDate, Amount) VALUES (808, 809, TO_DATE('9-12-2004','DD-MM-YYYY'), 136696.0);
INSERT INTO Person(GovID,Name, PhoneNumber, Email, Address, Birthday, Nationality) VALUES (1111121529,'Lakita eco','900010418', 'Lakita_eco6@sapo.pt', 'Bad Sachsa, Germany', TO_DATE('20-11-1980','DD-MM-YYYY'), 'Germany');
INSERT INTO Costumer(PersonGovID) VALUES (1111121529);
INSERT INTO Account(CostumerCostumerID, BranchBranchID, Amount, BeginDate, EndDate) VALUES (402, 712, 236548.75, TO_DATE('19-6-2000','DD-MM-YYYY'), NULL);
INSERT INTO CurrentAccount(AccountAccountID, MaximumWithdraw) VALUES (810, 400);
INSERT INTO Deposit(AccountAccountID, DepositDate, Amount) VALUES (810, TO_DATE('19-6-2000','DD-MM-YYYY'),946195);
INSERT INTO Withdraw(CurrentAccountAccountID, WithdrawDate, Amount) VALUES (810, TO_DATE('19-6-2000','DD-MM-YYYY'), 236548.75);
INSERT INTO Account(CostumerCostumerID, BranchBranchID, Amount, BeginDate, EndDate) VALUES (402, 712, 473097.5, TO_DATE('19-6-2000','DD-MM-YYYY'), NULL);
INSERT INTO SavingsAccount(AccountAccountID, InterestRate, DurationYears) VALUES (811, 0.05, 8);
INSERT INTO Transfer(AccountAccountIDFrom, AccountAccountIDTo, TransferDate, Amount) VALUES (810, 811, TO_DATE('19-6-2000','DD-MM-YYYY'), 473097.5);
INSERT INTO Person(GovID,Name, PhoneNumber, Email, Address, Birthday, Nationality) VALUES (1111121530,'Lal eco','900010419', 'Lal_eco17@sapo.pt', 'Lyon, France', TO_DATE('23-10-1979','DD-MM-YYYY'), 'France');
INSERT INTO Costumer(PersonGovID) VALUES (1111121530);
INSERT INTO Account(CostumerCostumerID, BranchBranchID, Amount, BeginDate, EndDate) VALUES (403, 894, 168289.5, TO_DATE('24-3-2010','DD-MM-YYYY'), NULL);
INSERT INTO CurrentAccount(AccountAccountID, MaximumWithdraw) VALUES (812, 400);
INSERT INTO Deposit(AccountAccountID, DepositDate, Amount) VALUES (812, TO_DATE('24-3-2010','DD-MM-YYYY'),673158);
INSERT INTO Withdraw(CurrentAccountAccountID, WithdrawDate, Amount) VALUES (812, TO_DATE('24-3-2010','DD-MM-YYYY'), 168289.5);
INSERT INTO Account(CostumerCostumerID, BranchBranchID, Amount, BeginDate, EndDate) VALUES (403, 894, 336579.0, TO_DATE('24-3-2010','DD-MM-YYYY'), NULL);
INSERT INTO SavingsAccount(AccountAccountID, InterestRate, DurationYears) VALUES (813, 0.05, 7);
INSERT INTO Transfer(AccountAccountIDFrom, AccountAccountIDTo, TransferDate, Amount) VALUES (812, 813, TO_DATE('24-3-2010','DD-MM-YYYY'), 336579.0);
INSERT INTO Person(GovID,Name, PhoneNumber, Email, Address, Birthday, Nationality) VALUES (1111121531,'Lala eco','900010420', 'Lala_eco21@sapo.pt', 'Bialystok, Poland', TO_DATE('24-9-1958','DD-MM-YYYY'), 'Poland');
INSERT INTO Costumer(PersonGovID) VALUES (1111121531);
INSERT INTO Account(CostumerCostumerID, BranchBranchID, Amount, BeginDate, EndDate) VALUES (404, 389, 115509.0, TO_DATE('6-5-2017','DD-MM-YYYY'), NULL);
INSERT INTO CurrentAccount(AccountAccountID, MaximumWithdraw) VALUES (814, 400);
INSERT INTO Deposit(AccountAccountID, DepositDate, Amount) VALUES (814, TO_DATE('6-5-2017','DD-MM-YYYY'),462036);
INSERT INTO Withdraw(CurrentAccountAccountID, WithdrawDate, Amount) VALUES (814, TO_DATE('6-5-2017','DD-MM-YYYY'), 115509.0);
INSERT INTO Account(CostumerCostumerID, BranchBranchID, Amount, BeginDate, EndDate) VALUES (404, 389, 231018.0, TO_DATE('6-5-2017','DD-MM-YYYY'), NULL);
INSERT INTO SavingsAccount(AccountAccountID, InterestRate, DurationYears) VALUES (815, 0.05, 5);
INSERT INTO Transfer(AccountAccountIDFrom, AccountAccountIDTo, TransferDate, Amount) VALUES (814, 815, TO_DATE('6-5-2017','DD-MM-YYYY'), 231018.0);
INSERT INTO Person(GovID,Name, PhoneNumber, Email, Address, Birthday, Nationality) VALUES (1111121532,'Lali eco','900010421', 'Lali_eco67@sapo.pt', 'Voghera, Italy', TO_DATE('11-12-1986','DD-MM-YYYY'), 'Italy');
INSERT INTO Costumer(PersonGovID) VALUES (1111121532);
INSERT INTO Account(CostumerCostumerID, BranchBranchID, Amount, BeginDate, EndDate) VALUES (405, 1063, 200043.75, TO_DATE('25-7-2000','DD-MM-YYYY'), NULL);
INSERT INTO CurrentAccount(AccountAccountID, MaximumWithdraw) VALUES (816, 400);
INSERT INTO Deposit(AccountAccountID, DepositDate, Amount) VALUES (816, TO_DATE('25-7-2000','DD-MM-YYYY'),800175);
INSERT INTO Withdraw(CurrentAccountAccountID, WithdrawDate, Amount) VALUES (816, TO_DATE('25-7-2000','DD-MM-YYYY'), 200043.75);
INSERT INTO Account(CostumerCostumerID, BranchBranchID, Amount, BeginDate, EndDate) VALUES (405, 1063, 400087.5, TO_DATE('25-7-2000','DD-MM-YYYY'), NULL);
INSERT INTO SavingsAccount(AccountAccountID, InterestRate, DurationYears) VALUES (817, 0.05, 6);
INSERT INTO Transfer(AccountAccountIDFrom, AccountAccountIDTo, TransferDate, Amount) VALUES (816, 817, TO_DATE('25-7-2000','DD-MM-YYYY'), 400087.5);
INSERT INTO Person(GovID,Name, PhoneNumber, Email, Address, Birthday, Nationality) VALUES (1111121533,'Lalia eco','900010422', 'Lalia_eco84@sapo.pt', 'Torrelles de Llobregat, Spain', TO_DATE('28-5-1993','DD-MM-YYYY'), 'Spain');
INSERT INTO Costumer(PersonGovID) VALUES (1111121533);
INSERT INTO Account(CostumerCostumerID, BranchBranchID, Amount, BeginDate, EndDate) VALUES (406, 1011, 154304.75, TO_DATE('2-3-2009','DD-MM-YYYY'), NULL);
INSERT INTO CurrentAccount(AccountAccountID, MaximumWithdraw) VALUES (818, 400);
INSERT INTO Deposit(AccountAccountID, DepositDate, Amount) VALUES (818, TO_DATE('2-3-2009','DD-MM-YYYY'),617219);
INSERT INTO Withdraw(CurrentAccountAccountID, WithdrawDate, Amount) VALUES (818, TO_DATE('2-3-2009','DD-MM-YYYY'), 154304.75);
INSERT INTO Account(CostumerCostumerID, BranchBranchID, Amount, BeginDate, EndDate) VALUES (406, 1011, 308609.5, TO_DATE('2-3-2009','DD-MM-YYYY'), NULL);
INSERT INTO SavingsAccount(AccountAccountID, InterestRate, DurationYears) VALUES (819, 0.05, 6);
INSERT INTO Transfer(AccountAccountIDFrom, AccountAccountIDTo, TransferDate, Amount) VALUES (818, 819, TO_DATE('2-3-2009','DD-MM-YYYY'), 308609.5);
INSERT INTO Person(GovID,Name, PhoneNumber, Email, Address, Birthday, Nationality) VALUES (1111121534,'Lalit eco','900010423', 'Lalit_eco91@sapo.pt', 'Moers, Germany', TO_DATE('18-8-1964','DD-MM-YYYY'), 'Germany');
INSERT INTO Costumer(PersonGovID) VALUES (1111121534);
INSERT INTO Account(CostumerCostumerID, BranchBranchID, Amount, BeginDate, EndDate) VALUES (407, 1130, 233013.0, TO_DATE('11-1-2005','DD-MM-YYYY'), NULL);
INSERT INTO CurrentAccount(AccountAccountID, MaximumWithdraw) VALUES (820, 400);
INSERT INTO Deposit(AccountAccountID, DepositDate, Amount) VALUES (820, TO_DATE('11-1-2005','DD-MM-YYYY'),932052);
INSERT INTO Withdraw(CurrentAccountAccountID, WithdrawDate, Amount) VALUES (820, TO_DATE('11-1-2005','DD-MM-YYYY'), 233013.0);
INSERT INTO Account(CostumerCostumerID, BranchBranchID, Amount, BeginDate, EndDate) VALUES (407, 1130, 466026.0, TO_DATE('11-1-2005','DD-MM-YYYY'), NULL);
INSERT INTO SavingsAccount(AccountAccountID, InterestRate, DurationYears) VALUES (821, 0.05, 8);
INSERT INTO Transfer(AccountAccountIDFrom, AccountAccountIDTo, TransferDate, Amount) VALUES (820, 821, TO_DATE('11-1-2005','DD-MM-YYYY'), 466026.0);
INSERT INTO Person(GovID,Name, PhoneNumber, Email, Address, Birthday, Nationality) VALUES (1111121535,'Lalla eco','900010424', 'Lalla_eco69@sapo.pt', 'Oropesa, Spain', TO_DATE('10-8-1978','DD-MM-YYYY'), 'Spain');
INSERT INTO Costumer(PersonGovID) VALUES (1111121535);
INSERT INTO Account(CostumerCostumerID, BranchBranchID, Amount, BeginDate, EndDate) VALUES (408, 953, 178188.0, TO_DATE('2-9-2011','DD-MM-YYYY'), NULL);
INSERT INTO CurrentAccount(AccountAccountID, MaximumWithdraw) VALUES (822, 400);
INSERT INTO Deposit(AccountAccountID, DepositDate, Amount) VALUES (822, TO_DATE('2-9-2011','DD-MM-YYYY'),712752);
INSERT INTO Withdraw(CurrentAccountAccountID, WithdrawDate, Amount) VALUES (822, TO_DATE('2-9-2011','DD-MM-YYYY'), 178188.0);
INSERT INTO Account(CostumerCostumerID, BranchBranchID, Amount, BeginDate, EndDate) VALUES (408, 953, 356376.0, TO_DATE('2-9-2011','DD-MM-YYYY'), NULL);
INSERT INTO SavingsAccount(AccountAccountID, InterestRate, DurationYears) VALUES (823, 0.05, 6);
INSERT INTO Transfer(AccountAccountIDFrom, AccountAccountIDTo, TransferDate, Amount) VALUES (822, 823, TO_DATE('2-9-2011','DD-MM-YYYY'), 356376.0);
INSERT INTO Person(GovID,Name, PhoneNumber, Email, Address, Birthday, Nationality) VALUES (1111121536,'Lama eco','900010425', 'Lama_eco66@sapo.pt', 'Genzano Di Lucania, Italy', TO_DATE('24-8-1978','DD-MM-YYYY'), 'Italy');
INSERT INTO Costumer(PersonGovID) VALUES (1111121536);
INSERT INTO Account(CostumerCostumerID, BranchBranchID, Amount, BeginDate, EndDate) VALUES (409, 223, 208847.0, TO_DATE('24-11-2014','DD-MM-YYYY'), NULL);
INSERT INTO CurrentAccount(AccountAccountID, MaximumWithdraw) VALUES (824, 400);
INSERT INTO Deposit(AccountAccountID, DepositDate, Amount) VALUES (824, TO_DATE('24-11-2014','DD-MM-YYYY'),835388);
INSERT INTO Withdraw(CurrentAccountAccountID, WithdrawDate, Amount) VALUES (824, TO_DATE('24-11-2014','DD-MM-YYYY'), 208847.0);
INSERT INTO Account(CostumerCostumerID, BranchBranchID, Amount, BeginDate, EndDate) VALUES (409, 223, 417694.0, TO_DATE('24-11-2014','DD-MM-YYYY'), NULL);
INSERT INTO SavingsAccount(AccountAccountID, InterestRate, DurationYears) VALUES (825, 0.05, 7);
INSERT INTO Transfer(AccountAccountIDFrom, AccountAccountIDTo, TransferDate, Amount) VALUES (824, 825, TO_DATE('24-11-2014','DD-MM-YYYY'), 417694.0);
INSERT INTO Person(GovID,Name, PhoneNumber, Email, Address, Birthday, Nationality) VALUES (1111121537,'Lamar eco','900010426', 'Lamar_eco24@sapo.pt', 'Steinach, Germany', TO_DATE('25-12-1993','DD-MM-YYYY'), 'Germany');
INSERT INTO Costumer(PersonGovID) VALUES (1111121537);
INSERT INTO Account(CostumerCostumerID, BranchBranchID, Amount, BeginDate, EndDate) VALUES (410, 637, 246802.5, TO_DATE('16-6-2017','DD-MM-YYYY'), NULL);
INSERT INTO CurrentAccount(AccountAccountID, MaximumWithdraw) VALUES (826, 400);
INSERT INTO Deposit(AccountAccountID, DepositDate, Amount) VALUES (826, TO_DATE('16-6-2017','DD-MM-YYYY'),987210);
INSERT INTO Withdraw(CurrentAccountAccountID, WithdrawDate, Amount) VALUES (826, TO_DATE('16-6-2017','DD-MM-YYYY'), 246802.5);
INSERT INTO Account(CostumerCostumerID, BranchBranchID, Amount, BeginDate, EndDate) VALUES (410, 637, 493605.0, TO_DATE('16-6-2017','DD-MM-YYYY'), NULL);
INSERT INTO SavingsAccount(AccountAccountID, InterestRate, DurationYears) VALUES (827, 0.05, 7);
INSERT INTO Transfer(AccountAccountIDFrom, AccountAccountIDTo, TransferDate, Amount) VALUES (826, 827, TO_DATE('16-6-2017','DD-MM-YYYY'), 493605.0);
INSERT INTO Person(GovID,Name, PhoneNumber, Email, Address, Birthday, Nationality) VALUES (1111121538,'Lamara eco','900010427', 'Lamara_eco73@sapo.pt', 'Saint Mande, France', TO_DATE('14-6-1950','DD-MM-YYYY'), 'France');
INSERT INTO Costumer(PersonGovID) VALUES (1111121538);
INSERT INTO Account(CostumerCostumerID, BranchBranchID, Amount, BeginDate, EndDate) VALUES (411, 750, 104235.75, TO_DATE('25-4-2001','DD-MM-YYYY'), NULL);
INSERT INTO CurrentAccount(AccountAccountID, MaximumWithdraw) VALUES (828, 400);
INSERT INTO Deposit(AccountAccountID, DepositDate, Amount) VALUES (828, TO_DATE('25-4-2001','DD-MM-YYYY'),416943);
INSERT INTO Withdraw(CurrentAccountAccountID, WithdrawDate, Amount) VALUES (828, TO_DATE('25-4-2001','DD-MM-YYYY'), 104235.75);
INSERT INTO Account(CostumerCostumerID, BranchBranchID, Amount, BeginDate, EndDate) VALUES (411, 750, 208471.5, TO_DATE('25-4-2001','DD-MM-YYYY'), NULL);
INSERT INTO SavingsAccount(AccountAccountID, InterestRate, DurationYears) VALUES (829, 0.05, 7);
INSERT INTO Transfer(AccountAccountIDFrom, AccountAccountIDTo, TransferDate, Amount) VALUES (828, 829, TO_DATE('25-4-2001','DD-MM-YYYY'), 208471.5);
INSERT INTO Person(GovID,Name, PhoneNumber, Email, Address, Birthday, Nationality) VALUES (1111121539,'Lamarana eco','900010428', 'Lamarana_eco13@sapo.pt', 'Chambolle-Musigny, France', TO_DATE('18-7-1965','DD-MM-YYYY'), 'France');
INSERT INTO Costumer(PersonGovID) VALUES (1111121539);
INSERT INTO Account(CostumerCostumerID, BranchBranchID, Amount, BeginDate, EndDate) VALUES (412, 495, 185355.75, TO_DATE('25-3-2017','DD-MM-YYYY'), NULL);
INSERT INTO CurrentAccount(AccountAccountID, MaximumWithdraw) VALUES (830, 400);
INSERT INTO Deposit(AccountAccountID, DepositDate, Amount) VALUES (830, TO_DATE('25-3-2017','DD-MM-YYYY'),741423);
INSERT INTO Withdraw(CurrentAccountAccountID, WithdrawDate, Amount) VALUES (830, TO_DATE('25-3-2017','DD-MM-YYYY'), 185355.75);
INSERT INTO Account(CostumerCostumerID, BranchBranchID, Amount, BeginDate, EndDate) VALUES (412, 495, 370711.5, TO_DATE('25-3-2017','DD-MM-YYYY'), NULL);
INSERT INTO SavingsAccount(AccountAccountID, InterestRate, DurationYears) VALUES (831, 0.05, 10);
INSERT INTO Transfer(AccountAccountIDFrom, AccountAccountIDTo, TransferDate, Amount) VALUES (830, 831, TO_DATE('25-3-2017','DD-MM-YYYY'), 370711.5);
INSERT INTO Person(GovID,Name, PhoneNumber, Email, Address, Birthday, Nationality) VALUES (1111121540,'Lambert eco','900010429', 'Lambert_eco0@sapo.pt', 'Eisenach, Germany', TO_DATE('14-11-1980','DD-MM-YYYY'), 'Germany');
INSERT INTO Costumer(PersonGovID) VALUES (1111121540);
INSERT INTO Account(CostumerCostumerID, BranchBranchID, Amount, BeginDate, EndDate) VALUES (413, 196, 95731.5, TO_DATE('21-2-2014','DD-MM-YYYY'), NULL);
INSERT INTO CurrentAccount(AccountAccountID, MaximumWithdraw) VALUES (832, 400);
INSERT INTO Deposit(AccountAccountID, DepositDate, Amount) VALUES (832, TO_DATE('21-2-2014','DD-MM-YYYY'),382926);
INSERT INTO Withdraw(CurrentAccountAccountID, WithdrawDate, Amount) VALUES (832, TO_DATE('21-2-2014','DD-MM-YYYY'), 95731.5);
INSERT INTO Account(CostumerCostumerID, BranchBranchID, Amount, BeginDate, EndDate) VALUES (413, 196, 191463.0, TO_DATE('21-2-2014','DD-MM-YYYY'), NULL);
INSERT INTO SavingsAccount(AccountAccountID, InterestRate, DurationYears) VALUES (833, 0.05, 7);
INSERT INTO Transfer(AccountAccountIDFrom, AccountAccountIDTo, TransferDate, Amount) VALUES (832, 833, TO_DATE('21-2-2014','DD-MM-YYYY'), 191463.0);
INSERT INTO Person(GovID,Name, PhoneNumber, Email, Address, Birthday, Nationality) VALUES (1111121541,'Lamberta eco','900010430', 'Lamberta_eco20@sapo.pt', 'Conversano, Italy', TO_DATE('1-9-1972','DD-MM-YYYY'), 'Italy');
INSERT INTO Costumer(PersonGovID) VALUES (1111121541);
INSERT INTO Account(CostumerCostumerID, BranchBranchID, Amount, BeginDate, EndDate) VALUES (414, 377, 118716.75, TO_DATE('6-7-2008','DD-MM-YYYY'), NULL);
INSERT INTO CurrentAccount(AccountAccountID, MaximumWithdraw) VALUES (834, 400);
INSERT INTO Deposit(AccountAccountID, DepositDate, Amount) VALUES (834, TO_DATE('6-7-2008','DD-MM-YYYY'),474867);
INSERT INTO Withdraw(CurrentAccountAccountID, WithdrawDate, Amount) VALUES (834, TO_DATE('6-7-2008','DD-MM-YYYY'), 118716.75);
INSERT INTO Account(CostumerCostumerID, BranchBranchID, Amount, BeginDate, EndDate) VALUES (414, 377, 237433.5, TO_DATE('6-7-2008','DD-MM-YYYY'), NULL);
INSERT INTO SavingsAccount(AccountAccountID, InterestRate, DurationYears) VALUES (835, 0.05, 6);
INSERT INTO Transfer(AccountAccountIDFrom, AccountAccountIDTo, TransferDate, Amount) VALUES (834, 835, TO_DATE('6-7-2008','DD-MM-YYYY'), 237433.5);
INSERT INTO Person(GovID,Name, PhoneNumber, Email, Address, Birthday, Nationality) VALUES (1111121542,'Lamberto eco','900010431', 'Lamberto_eco42@sapo.pt', 'La Seu dUrgell, Spain', TO_DATE('10-8-1980','DD-MM-YYYY'), 'Spain');
INSERT INTO Costumer(PersonGovID) VALUES (1111121542);
INSERT INTO Account(CostumerCostumerID, BranchBranchID, Amount, BeginDate, EndDate) VALUES (415, 605, 205115.75, TO_DATE('20-12-2014','DD-MM-YYYY'), NULL);
INSERT INTO CurrentAccount(AccountAccountID, MaximumWithdraw) VALUES (836, 400);
INSERT INTO Deposit(AccountAccountID, DepositDate, Amount) VALUES (836, TO_DATE('20-12-2014','DD-MM-YYYY'),820463);
INSERT INTO Withdraw(CurrentAccountAccountID, WithdrawDate, Amount) VALUES (836, TO_DATE('20-12-2014','DD-MM-YYYY'), 205115.75);
INSERT INTO Account(CostumerCostumerID, BranchBranchID, Amount, BeginDate, EndDate) VALUES (415, 605, 410231.5, TO_DATE('20-12-2014','DD-MM-YYYY'), NULL);
INSERT INTO SavingsAccount(AccountAccountID, InterestRate, DurationYears) VALUES (837, 0.05, 6);
INSERT INTO Transfer(AccountAccountIDFrom, AccountAccountIDTo, TransferDate, Amount) VALUES (836, 837, TO_DATE('20-12-2014','DD-MM-YYYY'), 410231.5);
INSERT INTO Person(GovID,Name, PhoneNumber, Email, Address, Birthday, Nationality) VALUES (1111121543,'Lambertus eco','900010432', 'Lambertus_eco47@sapo.pt', 'Saint-Julien-en-Genevois, France', TO_DATE('15-12-1969','DD-MM-YYYY'), 'France');
INSERT INTO Costumer(PersonGovID) VALUES (1111121543);
INSERT INTO Account(CostumerCostumerID, BranchBranchID, Amount, BeginDate, EndDate) VALUES (416, 1039, 163491.25, TO_DATE('21-12-2007','DD-MM-YYYY'), NULL);
INSERT INTO CurrentAccount(AccountAccountID, MaximumWithdraw) VALUES (838, 400);
INSERT INTO Deposit(AccountAccountID, DepositDate, Amount) VALUES (838, TO_DATE('21-12-2007','DD-MM-YYYY'),653965);
INSERT INTO Withdraw(CurrentAccountAccountID, WithdrawDate, Amount) VALUES (838, TO_DATE('21-12-2007','DD-MM-YYYY'), 163491.25);
INSERT INTO Account(CostumerCostumerID, BranchBranchID, Amount, BeginDate, EndDate) VALUES (416, 1039, 326982.5, TO_DATE('21-12-2007','DD-MM-YYYY'), NULL);
INSERT INTO SavingsAccount(AccountAccountID, InterestRate, DurationYears) VALUES (839, 0.05, 4);
INSERT INTO Transfer(AccountAccountIDFrom, AccountAccountIDTo, TransferDate, Amount) VALUES (838, 839, TO_DATE('21-12-2007','DD-MM-YYYY'), 326982.5);
INSERT INTO Person(GovID,Name, PhoneNumber, Email, Address, Birthday, Nationality) VALUES (1111121544,'Lamia eco','900010433', 'Lamia_eco85@sapo.pt', 'Szekesfehervar, Hungary', TO_DATE('7-11-1960','DD-MM-YYYY'), 'Hungary');
INSERT INTO Costumer(PersonGovID) VALUES (1111121544);
INSERT INTO Account(CostumerCostumerID, BranchBranchID, Amount, BeginDate, EndDate) VALUES (417, 1114, 247253.75, TO_DATE('28-6-2000','DD-MM-YYYY'), NULL);
INSERT INTO CurrentAccount(AccountAccountID, MaximumWithdraw) VALUES (840, 400);
INSERT INTO Deposit(AccountAccountID, DepositDate, Amount) VALUES (840, TO_DATE('28-6-2000','DD-MM-YYYY'),989015);
INSERT INTO Withdraw(CurrentAccountAccountID, WithdrawDate, Amount) VALUES (840, TO_DATE('28-6-2000','DD-MM-YYYY'), 247253.75);
INSERT INTO Account(CostumerCostumerID, BranchBranchID, Amount, BeginDate, EndDate) VALUES (417, 1114, 494507.5, TO_DATE('28-6-2000','DD-MM-YYYY'), NULL);
INSERT INTO SavingsAccount(AccountAccountID, InterestRate, DurationYears) VALUES (841, 0.05, 5);
INSERT INTO Transfer(AccountAccountIDFrom, AccountAccountIDTo, TransferDate, Amount) VALUES (840, 841, TO_DATE('28-6-2000','DD-MM-YYYY'), 494507.5);
INSERT INTO Person(GovID,Name, PhoneNumber, Email, Address, Birthday, Nationality) VALUES (1111121545,'Lamiaa eco','900010434', 'Lamiaa_eco98@sapo.pt', 'Eisenstadt, Austria', TO_DATE('14-1-1998','DD-MM-YYYY'), 'Austria');
INSERT INTO Costumer(PersonGovID) VALUES (1111121545);
INSERT INTO Account(CostumerCostumerID, BranchBranchID, Amount, BeginDate, EndDate) VALUES (418, 755, 14875.0, TO_DATE('14-6-2013','DD-MM-YYYY'), NULL);
INSERT INTO CurrentAccount(AccountAccountID, MaximumWithdraw) VALUES (842, 400);
INSERT INTO Deposit(AccountAccountID, DepositDate, Amount) VALUES (842, TO_DATE('14-6-2013','DD-MM-YYYY'),59500);
INSERT INTO Withdraw(CurrentAccountAccountID, WithdrawDate, Amount) VALUES (842, TO_DATE('14-6-2013','DD-MM-YYYY'), 14875.0);
INSERT INTO Account(CostumerCostumerID, BranchBranchID, Amount, BeginDate, EndDate) VALUES (418, 755, 29750.0, TO_DATE('14-6-2013','DD-MM-YYYY'), NULL);
INSERT INTO SavingsAccount(AccountAccountID, InterestRate, DurationYears) VALUES (843, 0.05, 4);
INSERT INTO Transfer(AccountAccountIDFrom, AccountAccountIDTo, TransferDate, Amount) VALUES (842, 843, TO_DATE('14-6-2013','DD-MM-YYYY'), 29750.0);
INSERT INTO Person(GovID,Name, PhoneNumber, Email, Address, Birthday, Nationality) VALUES (1111121546,'Lamiae eco','900010435', 'Lamiae_eco19@sapo.pt', 'Fuerth, Germany', TO_DATE('1-8-1966','DD-MM-YYYY'), 'Germany');
INSERT INTO Costumer(PersonGovID) VALUES (1111121546);
INSERT INTO Account(CostumerCostumerID, BranchBranchID, Amount, BeginDate, EndDate) VALUES (419, 280, 44577.5, TO_DATE('18-7-2015','DD-MM-YYYY'), NULL);
INSERT INTO CurrentAccount(AccountAccountID, MaximumWithdraw) VALUES (844, 400);
INSERT INTO Deposit(AccountAccountID, DepositDate, Amount) VALUES (844, TO_DATE('18-7-2015','DD-MM-YYYY'),178310);
INSERT INTO Withdraw(CurrentAccountAccountID, WithdrawDate, Amount) VALUES (844, TO_DATE('18-7-2015','DD-MM-YYYY'), 44577.5);
INSERT INTO Account(CostumerCostumerID, BranchBranchID, Amount, BeginDate, EndDate) VALUES (419, 280, 89155.0, TO_DATE('18-7-2015','DD-MM-YYYY'), NULL);
INSERT INTO SavingsAccount(AccountAccountID, InterestRate, DurationYears) VALUES (845, 0.05, 8);
INSERT INTO Transfer(AccountAccountIDFrom, AccountAccountIDTo, TransferDate, Amount) VALUES (844, 845, TO_DATE('18-7-2015','DD-MM-YYYY'), 89155.0);
INSERT INTO Person(GovID,Name, PhoneNumber, Email, Address, Birthday, Nationality) VALUES (1111121547,'Lamiita eco','900010436', 'Lamiita_eco15@sapo.pt', 'La Verpilliere, France', TO_DATE('19-7-1984','DD-MM-YYYY'), 'France');
INSERT INTO Costumer(PersonGovID) VALUES (1111121547);
INSERT INTO Account(CostumerCostumerID, BranchBranchID, Amount, BeginDate, EndDate) VALUES (420, 651, 121555.75, TO_DATE('8-12-2008','DD-MM-YYYY'), NULL);
INSERT INTO CurrentAccount(AccountAccountID, MaximumWithdraw) VALUES (846, 400);
INSERT INTO Deposit(AccountAccountID, DepositDate, Amount) VALUES (846, TO_DATE('8-12-2008','DD-MM-YYYY'),486223);
INSERT INTO Withdraw(CurrentAccountAccountID, WithdrawDate, Amount) VALUES (846, TO_DATE('8-12-2008','DD-MM-YYYY'), 121555.75);
INSERT INTO Account(CostumerCostumerID, BranchBranchID, Amount, BeginDate, EndDate) VALUES (420, 651, 243111.5, TO_DATE('8-12-2008','DD-MM-YYYY'), NULL);
INSERT INTO SavingsAccount(AccountAccountID, InterestRate, DurationYears) VALUES (847, 0.05, 10);
INSERT INTO Transfer(AccountAccountIDFrom, AccountAccountIDTo, TransferDate, Amount) VALUES (846, 847, TO_DATE('8-12-2008','DD-MM-YYYY'), 243111.5);
INSERT INTO Person(GovID,Name, PhoneNumber, Email, Address, Birthday, Nationality) VALUES (1111121548,'Lamin eco','900010437', 'Lamin_eco53@sapo.pt', 'Angra Do Heroismo, Portugal', TO_DATE('28-2-1995','DD-MM-YYYY'), 'Portugal');
INSERT INTO Costumer(PersonGovID) VALUES (1111121548);
INSERT INTO Account(CostumerCostumerID, BranchBranchID, Amount, BeginDate, EndDate) VALUES (421, 668, 106715.0, TO_DATE('8-9-2004','DD-MM-YYYY'), NULL);
INSERT INTO CurrentAccount(AccountAccountID, MaximumWithdraw) VALUES (848, 400);
INSERT INTO Deposit(AccountAccountID, DepositDate, Amount) VALUES (848, TO_DATE('8-9-2004','DD-MM-YYYY'),426860);
INSERT INTO Withdraw(CurrentAccountAccountID, WithdrawDate, Amount) VALUES (848, TO_DATE('8-9-2004','DD-MM-YYYY'), 106715.0);
INSERT INTO Account(CostumerCostumerID, BranchBranchID, Amount, BeginDate, EndDate) VALUES (421, 668, 213430.0, TO_DATE('8-9-2004','DD-MM-YYYY'), NULL);
INSERT INTO SavingsAccount(AccountAccountID, InterestRate, DurationYears) VALUES (849, 0.05, 9);
INSERT INTO Transfer(AccountAccountIDFrom, AccountAccountIDTo, TransferDate, Amount) VALUES (848, 849, TO_DATE('8-9-2004','DD-MM-YYYY'), 213430.0);
INSERT INTO Person(GovID,Name, PhoneNumber, Email, Address, Birthday, Nationality) VALUES (1111121549,'Lamina eco','900010438', 'Lamina_eco41@sapo.pt', 'Holland, Belgium', TO_DATE('18-5-1968','DD-MM-YYYY'), 'Belgium');
INSERT INTO Costumer(PersonGovID) VALUES (1111121549);
INSERT INTO Account(CostumerCostumerID, BranchBranchID, Amount, BeginDate, EndDate) VALUES (422, 1015, 123641.0, TO_DATE('21-7-2014','DD-MM-YYYY'), NULL);
INSERT INTO CurrentAccount(AccountAccountID, MaximumWithdraw) VALUES (850, 400);
INSERT INTO Deposit(AccountAccountID, DepositDate, Amount) VALUES (850, TO_DATE('21-7-2014','DD-MM-YYYY'),494564);
INSERT INTO Withdraw(CurrentAccountAccountID, WithdrawDate, Amount) VALUES (850, TO_DATE('21-7-2014','DD-MM-YYYY'), 123641.0);
INSERT INTO Account(CostumerCostumerID, BranchBranchID, Amount, BeginDate, EndDate) VALUES (422, 1015, 247282.0, TO_DATE('21-7-2014','DD-MM-YYYY'), NULL);
INSERT INTO SavingsAccount(AccountAccountID, InterestRate, DurationYears) VALUES (851, 0.05, 10);
INSERT INTO Transfer(AccountAccountIDFrom, AccountAccountIDTo, TransferDate, Amount) VALUES (850, 851, TO_DATE('21-7-2014','DD-MM-YYYY'), 247282.0);
INSERT INTO Person(GovID,Name, PhoneNumber, Email, Address, Birthday, Nationality) VALUES (1111121550,'Lamine eco','900010439', 'Lamine_eco27@sapo.pt', 'Vincennes, France', TO_DATE('9-8-1991','DD-MM-YYYY'), 'France');
INSERT INTO Costumer(PersonGovID) VALUES (1111121550);
INSERT INTO Account(CostumerCostumerID, BranchBranchID, Amount, BeginDate, EndDate) VALUES (423, 1085, 224063.0, TO_DATE('6-4-2004','DD-MM-YYYY'), NULL);
INSERT INTO CurrentAccount(AccountAccountID, MaximumWithdraw) VALUES (852, 400);
INSERT INTO Deposit(AccountAccountID, DepositDate, Amount) VALUES (852, TO_DATE('6-4-2004','DD-MM-YYYY'),896252);
INSERT INTO Withdraw(CurrentAccountAccountID, WithdrawDate, Amount) VALUES (852, TO_DATE('6-4-2004','DD-MM-YYYY'), 224063.0);
INSERT INTO Account(CostumerCostumerID, BranchBranchID, Amount, BeginDate, EndDate) VALUES (423, 1085, 448126.0, TO_DATE('6-4-2004','DD-MM-YYYY'), NULL);
INSERT INTO SavingsAccount(AccountAccountID, InterestRate, DurationYears) VALUES (853, 0.05, 5);
INSERT INTO Transfer(AccountAccountIDFrom, AccountAccountIDTo, TransferDate, Amount) VALUES (852, 853, TO_DATE('6-4-2004','DD-MM-YYYY'), 448126.0);
INSERT INTO Person(GovID,Name, PhoneNumber, Email, Address, Birthday, Nationality) VALUES (1111121551,'Lamiri eco','900010440', 'Lamiri_eco5@sapo.pt', 'Havixbeck, Germany', TO_DATE('26-8-1975','DD-MM-YYYY'), 'Germany');
INSERT INTO Costumer(PersonGovID) VALUES (1111121551);
INSERT INTO Account(CostumerCostumerID, BranchBranchID, Amount, BeginDate, EndDate) VALUES (424, 121, 91224.25, TO_DATE('20-6-2009','DD-MM-YYYY'), NULL);
INSERT INTO CurrentAccount(AccountAccountID, MaximumWithdraw) VALUES (854, 400);
INSERT INTO Deposit(AccountAccountID, DepositDate, Amount) VALUES (854, TO_DATE('20-6-2009','DD-MM-YYYY'),364897);
INSERT INTO Withdraw(CurrentAccountAccountID, WithdrawDate, Amount) VALUES (854, TO_DATE('20-6-2009','DD-MM-YYYY'), 91224.25);
INSERT INTO Account(CostumerCostumerID, BranchBranchID, Amount, BeginDate, EndDate) VALUES (424, 121, 182448.5, TO_DATE('20-6-2009','DD-MM-YYYY'), NULL);
INSERT INTO SavingsAccount(AccountAccountID, InterestRate, DurationYears) VALUES (855, 0.05, 7);
INSERT INTO Transfer(AccountAccountIDFrom, AccountAccountIDTo, TransferDate, Amount) VALUES (854, 855, TO_DATE('20-6-2009','DD-MM-YYYY'), 182448.5);
INSERT INTO Person(GovID,Name, PhoneNumber, Email, Address, Birthday, Nationality) VALUES (1111121552,'Lamis eco','900010441', 'Lamis_eco21@sapo.pt', 'Marbach Am Neckar, Germany', TO_DATE('3-8-1996','DD-MM-YYYY'), 'Germany');
INSERT INTO Costumer(PersonGovID) VALUES (1111121552);
INSERT INTO Account(CostumerCostumerID, BranchBranchID, Amount, BeginDate, EndDate) VALUES (425, 30, 41957.5, TO_DATE('23-7-2004','DD-MM-YYYY'), NULL);
INSERT INTO CurrentAccount(AccountAccountID, MaximumWithdraw) VALUES (856, 400);
INSERT INTO Deposit(AccountAccountID, DepositDate, Amount) VALUES (856, TO_DATE('23-7-2004','DD-MM-YYYY'),167830);
INSERT INTO Withdraw(CurrentAccountAccountID, WithdrawDate, Amount) VALUES (856, TO_DATE('23-7-2004','DD-MM-YYYY'), 41957.5);
INSERT INTO Account(CostumerCostumerID, BranchBranchID, Amount, BeginDate, EndDate) VALUES (425, 30, 83915.0, TO_DATE('23-7-2004','DD-MM-YYYY'), NULL);
INSERT INTO SavingsAccount(AccountAccountID, InterestRate, DurationYears) VALUES (857, 0.05, 5);
INSERT INTO Transfer(AccountAccountIDFrom, AccountAccountIDTo, TransferDate, Amount) VALUES (856, 857, TO_DATE('23-7-2004','DD-MM-YYYY'), 83915.0);
INSERT INTO Person(GovID,Name, PhoneNumber, Email, Address, Birthday, Nationality) VALUES (1111121553,'Lamkadem eco','900010442', 'Lamkadem_eco67@sapo.pt', 'Tirgu Mures, Romania', TO_DATE('26-8-1999','DD-MM-YYYY'), 'Romania');
INSERT INTO Costumer(PersonGovID) VALUES (1111121553);
INSERT INTO Account(CostumerCostumerID, BranchBranchID, Amount, BeginDate, EndDate) VALUES (426, 595, 163907.5, TO_DATE('16-1-2007','DD-MM-YYYY'), NULL);
INSERT INTO CurrentAccount(AccountAccountID, MaximumWithdraw) VALUES (858, 400);
INSERT INTO Deposit(AccountAccountID, DepositDate, Amount) VALUES (858, TO_DATE('16-1-2007','DD-MM-YYYY'),655630);
INSERT INTO Withdraw(CurrentAccountAccountID, WithdrawDate, Amount) VALUES (858, TO_DATE('16-1-2007','DD-MM-YYYY'), 163907.5);
INSERT INTO Account(CostumerCostumerID, BranchBranchID, Amount, BeginDate, EndDate) VALUES (426, 595, 327815.0, TO_DATE('16-1-2007','DD-MM-YYYY'), NULL);
INSERT INTO SavingsAccount(AccountAccountID, InterestRate, DurationYears) VALUES (859, 0.05, 6);
INSERT INTO Transfer(AccountAccountIDFrom, AccountAccountIDTo, TransferDate, Amount) VALUES (858, 859, TO_DATE('16-1-2007','DD-MM-YYYY'), 327815.0);
INSERT INTO Person(GovID,Name, PhoneNumber, Email, Address, Birthday, Nationality) VALUES (1111121554,'Lamnouar eco','900010443', 'Lamnouar_eco99@sapo.pt', 'Herzberg, Germany', TO_DATE('15-9-1951','DD-MM-YYYY'), 'Germany');
INSERT INTO Costumer(PersonGovID) VALUES (1111121554);
INSERT INTO Account(CostumerCostumerID, BranchBranchID, Amount, BeginDate, EndDate) VALUES (427, 513, 153755.25, TO_DATE('26-8-2011','DD-MM-YYYY'), NULL);
INSERT INTO CurrentAccount(AccountAccountID, MaximumWithdraw) VALUES (860, 400);
INSERT INTO Deposit(AccountAccountID, DepositDate, Amount) VALUES (860, TO_DATE('26-8-2011','DD-MM-YYYY'),615021);
INSERT INTO Withdraw(CurrentAccountAccountID, WithdrawDate, Amount) VALUES (860, TO_DATE('26-8-2011','DD-MM-YYYY'), 153755.25);
INSERT INTO Account(CostumerCostumerID, BranchBranchID, Amount, BeginDate, EndDate) VALUES (427, 513, 307510.5, TO_DATE('26-8-2011','DD-MM-YYYY'), NULL);
INSERT INTO SavingsAccount(AccountAccountID, InterestRate, DurationYears) VALUES (861, 0.05, 8);
INSERT INTO Transfer(AccountAccountIDFrom, AccountAccountIDTo, TransferDate, Amount) VALUES (860, 861, TO_DATE('26-8-2011','DD-MM-YYYY'), 307510.5);
INSERT INTO Person(GovID,Name, PhoneNumber, Email, Address, Birthday, Nationality) VALUES (1111121555,'Lamonica eco','900010444', 'Lamonica_eco95@sapo.pt', 'Kissamos, Greece', TO_DATE('23-12-1972','DD-MM-YYYY'), 'Greece');
INSERT INTO Costumer(PersonGovID) VALUES (1111121555);
INSERT INTO Account(CostumerCostumerID, BranchBranchID, Amount, BeginDate, EndDate) VALUES (428, 945, 162387.0, TO_DATE('19-3-2015','DD-MM-YYYY'), NULL);
INSERT INTO CurrentAccount(AccountAccountID, MaximumWithdraw) VALUES (862, 400);
INSERT INTO Deposit(AccountAccountID, DepositDate, Amount) VALUES (862, TO_DATE('19-3-2015','DD-MM-YYYY'),649548);
INSERT INTO Withdraw(CurrentAccountAccountID, WithdrawDate, Amount) VALUES (862, TO_DATE('19-3-2015','DD-MM-YYYY'), 162387.0);
INSERT INTO Account(CostumerCostumerID, BranchBranchID, Amount, BeginDate, EndDate) VALUES (428, 945, 324774.0, TO_DATE('19-3-2015','DD-MM-YYYY'), NULL);
INSERT INTO SavingsAccount(AccountAccountID, InterestRate, DurationYears) VALUES (863, 0.05, 7);
INSERT INTO Transfer(AccountAccountIDFrom, AccountAccountIDTo, TransferDate, Amount) VALUES (862, 863, TO_DATE('19-3-2015','DD-MM-YYYY'), 324774.0);
INSERT INTO Person(GovID,Name, PhoneNumber, Email, Address, Birthday, Nationality) VALUES (1111121556,'Lamont eco','900010445', 'Lamont_eco23@sapo.pt', 'Viersen, Germany', TO_DATE('25-6-1997','DD-MM-YYYY'), 'Germany');
INSERT INTO Costumer(PersonGovID) VALUES (1111121556);
INSERT INTO Account(CostumerCostumerID, BranchBranchID, Amount, BeginDate, EndDate) VALUES (429, 1183, 83344.5, TO_DATE('17-7-2018','DD-MM-YYYY'), NULL);
INSERT INTO CurrentAccount(AccountAccountID, MaximumWithdraw) VALUES (864, 400);
INSERT INTO Deposit(AccountAccountID, DepositDate, Amount) VALUES (864, TO_DATE('17-7-2018','DD-MM-YYYY'),333378);
INSERT INTO Withdraw(CurrentAccountAccountID, WithdrawDate, Amount) VALUES (864, TO_DATE('17-7-2018','DD-MM-YYYY'), 83344.5);
INSERT INTO Account(CostumerCostumerID, BranchBranchID, Amount, BeginDate, EndDate) VALUES (429, 1183, 166689.0, TO_DATE('17-7-2018','DD-MM-YYYY'), NULL);
INSERT INTO SavingsAccount(AccountAccountID, InterestRate, DurationYears) VALUES (865, 0.05, 3);
INSERT INTO Transfer(AccountAccountIDFrom, AccountAccountIDTo, TransferDate, Amount) VALUES (864, 865, TO_DATE('17-7-2018','DD-MM-YYYY'), 166689.0);
INSERT INTO Person(GovID,Name, PhoneNumber, Email, Address, Birthday, Nationality) VALUES (1111121557,'Lamya eco','900010446', 'Lamya_eco66@sapo.pt', 'Simeria, Romania', TO_DATE('3-6-2006','DD-MM-YYYY'), 'Romania');
INSERT INTO Costumer(PersonGovID) VALUES (1111121557);
INSERT INTO Account(CostumerCostumerID, BranchBranchID, Amount, BeginDate, EndDate) VALUES (430, 465, 179892.25, TO_DATE('9-4-2004','DD-MM-YYYY'), NULL);
INSERT INTO CurrentAccount(AccountAccountID, MaximumWithdraw) VALUES (866, 400);
INSERT INTO Deposit(AccountAccountID, DepositDate, Amount) VALUES (866, TO_DATE('9-4-2004','DD-MM-YYYY'),719569);
INSERT INTO Withdraw(CurrentAccountAccountID, WithdrawDate, Amount) VALUES (866, TO_DATE('9-4-2004','DD-MM-YYYY'), 179892.25);
INSERT INTO Account(CostumerCostumerID, BranchBranchID, Amount, BeginDate, EndDate) VALUES (430, 465, 359784.5, TO_DATE('9-4-2004','DD-MM-YYYY'), NULL);
INSERT INTO SavingsAccount(AccountAccountID, InterestRate, DurationYears) VALUES (867, 0.05, 4);
INSERT INTO Transfer(AccountAccountIDFrom, AccountAccountIDTo, TransferDate, Amount) VALUES (866, 867, TO_DATE('9-4-2004','DD-MM-YYYY'), 359784.5);
INSERT INTO Person(GovID,Name, PhoneNumber, Email, Address, Birthday, Nationality) VALUES (1111121558,'Lamyaa eco','900010447', 'Lamyaa_eco54@sapo.pt', 'Lippstadt, Germany', TO_DATE('10-6-2007','DD-MM-YYYY'), 'Germany');
INSERT INTO Costumer(PersonGovID) VALUES (1111121558);
INSERT INTO Account(CostumerCostumerID, BranchBranchID, Amount, BeginDate, EndDate) VALUES (431, 745, 243584.25, TO_DATE('1-12-2009','DD-MM-YYYY'), NULL);
INSERT INTO CurrentAccount(AccountAccountID, MaximumWithdraw) VALUES (868, 400);
INSERT INTO Deposit(AccountAccountID, DepositDate, Amount) VALUES (868, TO_DATE('1-12-2009','DD-MM-YYYY'),974337);
INSERT INTO Withdraw(CurrentAccountAccountID, WithdrawDate, Amount) VALUES (868, TO_DATE('1-12-2009','DD-MM-YYYY'), 243584.25);
INSERT INTO Account(CostumerCostumerID, BranchBranchID, Amount, BeginDate, EndDate) VALUES (431, 745, 487168.5, TO_DATE('1-12-2009','DD-MM-YYYY'), NULL);
INSERT INTO SavingsAccount(AccountAccountID, InterestRate, DurationYears) VALUES (869, 0.05, 6);
INSERT INTO Transfer(AccountAccountIDFrom, AccountAccountIDTo, TransferDate, Amount) VALUES (868, 869, TO_DATE('1-12-2009','DD-MM-YYYY'), 487168.5);
INSERT INTO Person(GovID,Name, PhoneNumber, Email, Address, Birthday, Nationality) VALUES (1111121559,'Lamyae eco','900010448', 'Lamyae_eco15@sapo.pt', 'Mairena del Alcor, Spain', TO_DATE('26-12-1973','DD-MM-YYYY'), 'Spain');
INSERT INTO Costumer(PersonGovID) VALUES (1111121559);
INSERT INTO Account(CostumerCostumerID, BranchBranchID, Amount, BeginDate, EndDate) VALUES (432, 857, 90930.5, TO_DATE('1-4-2014','DD-MM-YYYY'), NULL);
INSERT INTO CurrentAccount(AccountAccountID, MaximumWithdraw) VALUES (870, 400);
INSERT INTO Deposit(AccountAccountID, DepositDate, Amount) VALUES (870, TO_DATE('1-4-2014','DD-MM-YYYY'),363722);
INSERT INTO Withdraw(CurrentAccountAccountID, WithdrawDate, Amount) VALUES (870, TO_DATE('1-4-2014','DD-MM-YYYY'), 90930.5);
INSERT INTO Account(CostumerCostumerID, BranchBranchID, Amount, BeginDate, EndDate) VALUES (432, 857, 181861.0, TO_DATE('1-4-2014','DD-MM-YYYY'), NULL);
INSERT INTO SavingsAccount(AccountAccountID, InterestRate, DurationYears) VALUES (871, 0.05, 6);
INSERT INTO Transfer(AccountAccountIDFrom, AccountAccountIDTo, TransferDate, Amount) VALUES (870, 871, TO_DATE('1-4-2014','DD-MM-YYYY'), 181861.0);
INSERT INTO Person(GovID,Name, PhoneNumber, Email, Address, Birthday, Nationality) VALUES (1111121560,'Lan eco','900010449', 'Lan_eco90@sapo.pt', 'Lanaken, Belgium', TO_DATE('8-10-1954','DD-MM-YYYY'), 'Belgium');
INSERT INTO Costumer(PersonGovID) VALUES (1111121560);
INSERT INTO Account(CostumerCostumerID, BranchBranchID, Amount, BeginDate, EndDate) VALUES (433, 161, 26162.75, TO_DATE('15-1-2001','DD-MM-YYYY'), NULL);
INSERT INTO CurrentAccount(AccountAccountID, MaximumWithdraw) VALUES (872, 400);
INSERT INTO Deposit(AccountAccountID, DepositDate, Amount) VALUES (872, TO_DATE('15-1-2001','DD-MM-YYYY'),104651);
INSERT INTO Withdraw(CurrentAccountAccountID, WithdrawDate, Amount) VALUES (872, TO_DATE('15-1-2001','DD-MM-YYYY'), 26162.75);
INSERT INTO Account(CostumerCostumerID, BranchBranchID, Amount, BeginDate, EndDate) VALUES (433, 161, 52325.5, TO_DATE('15-1-2001','DD-MM-YYYY'), NULL);
INSERT INTO SavingsAccount(AccountAccountID, InterestRate, DurationYears) VALUES (873, 0.05, 4);
INSERT INTO Transfer(AccountAccountIDFrom, AccountAccountIDTo, TransferDate, Amount) VALUES (872, 873, TO_DATE('15-1-2001','DD-MM-YYYY'), 52325.5);
INSERT INTO Person(GovID,Name, PhoneNumber, Email, Address, Birthday, Nationality) VALUES (1111121561,'Lana eco','900010450', 'Lana_eco88@sapo.pt', 'Hondschoote, France', TO_DATE('3-9-1974','DD-MM-YYYY'), 'France');
INSERT INTO Costumer(PersonGovID) VALUES (1111121561);
INSERT INTO Account(CostumerCostumerID, BranchBranchID, Amount, BeginDate, EndDate) VALUES (434, 284, 188522.0, TO_DATE('16-2-2007','DD-MM-YYYY'), NULL);
INSERT INTO CurrentAccount(AccountAccountID, MaximumWithdraw) VALUES (874, 400);
INSERT INTO Deposit(AccountAccountID, DepositDate, Amount) VALUES (874, TO_DATE('16-2-2007','DD-MM-YYYY'),754088);
INSERT INTO Withdraw(CurrentAccountAccountID, WithdrawDate, Amount) VALUES (874, TO_DATE('16-2-2007','DD-MM-YYYY'), 188522.0);
INSERT INTO Account(CostumerCostumerID, BranchBranchID, Amount, BeginDate, EndDate) VALUES (434, 284, 377044.0, TO_DATE('16-2-2007','DD-MM-YYYY'), NULL);
INSERT INTO SavingsAccount(AccountAccountID, InterestRate, DurationYears) VALUES (875, 0.05, 3);
INSERT INTO Transfer(AccountAccountIDFrom, AccountAccountIDTo, TransferDate, Amount) VALUES (874, 875, TO_DATE('16-2-2007','DD-MM-YYYY'), 377044.0);
INSERT INTO Person(GovID,Name, PhoneNumber, Email, Address, Birthday, Nationality) VALUES (1111121562,'Lance eco','900010451', 'Lance_eco3@sapo.pt', 'Olgiate Molgora, Italy', TO_DATE('19-7-1982','DD-MM-YYYY'), 'Italy');
INSERT INTO Costumer(PersonGovID) VALUES (1111121562);
INSERT INTO Account(CostumerCostumerID, BranchBranchID, Amount, BeginDate, EndDate) VALUES (435, 240, 179500.75, TO_DATE('24-1-2008','DD-MM-YYYY'), NULL);
INSERT INTO CurrentAccount(AccountAccountID, MaximumWithdraw) VALUES (876, 400);
INSERT INTO Deposit(AccountAccountID, DepositDate, Amount) VALUES (876, TO_DATE('24-1-2008','DD-MM-YYYY'),718003);
INSERT INTO Withdraw(CurrentAccountAccountID, WithdrawDate, Amount) VALUES (876, TO_DATE('24-1-2008','DD-MM-YYYY'), 179500.75);
INSERT INTO Account(CostumerCostumerID, BranchBranchID, Amount, BeginDate, EndDate) VALUES (435, 240, 359001.5, TO_DATE('24-1-2008','DD-MM-YYYY'), NULL);
INSERT INTO SavingsAccount(AccountAccountID, InterestRate, DurationYears) VALUES (877, 0.05, 10);
INSERT INTO Transfer(AccountAccountIDFrom, AccountAccountIDTo, TransferDate, Amount) VALUES (876, 877, TO_DATE('24-1-2008','DD-MM-YYYY'), 359001.5);
INSERT INTO Person(GovID,Name, PhoneNumber, Email, Address, Birthday, Nationality) VALUES (1111121563,'Lancelot eco','900010452', 'Lancelot_eco3@sapo.pt', 'Echzell, Germany', TO_DATE('4-2-1971','DD-MM-YYYY'), 'Germany');
INSERT INTO Costumer(PersonGovID) VALUES (1111121563);
INSERT INTO Account(CostumerCostumerID, BranchBranchID, Amount, BeginDate, EndDate) VALUES (436, 1071, 119464.0, TO_DATE('23-8-2004','DD-MM-YYYY'), NULL);
INSERT INTO CurrentAccount(AccountAccountID, MaximumWithdraw) VALUES (878, 400);
INSERT INTO Deposit(AccountAccountID, DepositDate, Amount) VALUES (878, TO_DATE('23-8-2004','DD-MM-YYYY'),477856);
INSERT INTO Withdraw(CurrentAccountAccountID, WithdrawDate, Amount) VALUES (878, TO_DATE('23-8-2004','DD-MM-YYYY'), 119464.0);
INSERT INTO Account(CostumerCostumerID, BranchBranchID, Amount, BeginDate, EndDate) VALUES (436, 1071, 238928.0, TO_DATE('23-8-2004','DD-MM-YYYY'), NULL);
INSERT INTO SavingsAccount(AccountAccountID, InterestRate, DurationYears) VALUES (879, 0.05, 8);
INSERT INTO Transfer(AccountAccountIDFrom, AccountAccountIDTo, TransferDate, Amount) VALUES (878, 879, TO_DATE('23-8-2004','DD-MM-YYYY'), 238928.0);
INSERT INTO Person(GovID,Name, PhoneNumber, Email, Address, Birthday, Nationality) VALUES (1111121564,'Lancine eco','900010453', 'Lancine_eco66@sapo.pt', 'Verona, Italy', TO_DATE('13-6-1997','DD-MM-YYYY'), 'Italy');
INSERT INTO Costumer(PersonGovID) VALUES (1111121564);
INSERT INTO Account(CostumerCostumerID, BranchBranchID, Amount, BeginDate, EndDate) VALUES (437, 1074, 218823.25, TO_DATE('1-2-2007','DD-MM-YYYY'), NULL);
INSERT INTO CurrentAccount(AccountAccountID, MaximumWithdraw) VALUES (880, 400);
INSERT INTO Deposit(AccountAccountID, DepositDate, Amount) VALUES (880, TO_DATE('1-2-2007','DD-MM-YYYY'),875293);
INSERT INTO Withdraw(CurrentAccountAccountID, WithdrawDate, Amount) VALUES (880, TO_DATE('1-2-2007','DD-MM-YYYY'), 218823.25);
INSERT INTO Account(CostumerCostumerID, BranchBranchID, Amount, BeginDate, EndDate) VALUES (437, 1074, 437646.5, TO_DATE('1-2-2007','DD-MM-YYYY'), NULL);
INSERT INTO SavingsAccount(AccountAccountID, InterestRate, DurationYears) VALUES (881, 0.05, 8);
INSERT INTO Transfer(AccountAccountIDFrom, AccountAccountIDTo, TransferDate, Amount) VALUES (880, 881, TO_DATE('1-2-2007','DD-MM-YYYY'), 437646.5);
INSERT INTO Person(GovID,Name, PhoneNumber, Email, Address, Birthday, Nationality) VALUES (1111121565,'Landelina eco','900010454', 'Landelina_eco27@sapo.pt', 'Neulengbach, Austria', TO_DATE('7-2-1988','DD-MM-YYYY'), 'Austria');
INSERT INTO Costumer(PersonGovID) VALUES (1111121565);
INSERT INTO Account(CostumerCostumerID, BranchBranchID, Amount, BeginDate, EndDate) VALUES (438, 730, 169427.0, TO_DATE('13-2-2008','DD-MM-YYYY'), NULL);
INSERT INTO CurrentAccount(AccountAccountID, MaximumWithdraw) VALUES (882, 400);
INSERT INTO Deposit(AccountAccountID, DepositDate, Amount) VALUES (882, TO_DATE('13-2-2008','DD-MM-YYYY'),677708);
INSERT INTO Withdraw(CurrentAccountAccountID, WithdrawDate, Amount) VALUES (882, TO_DATE('13-2-2008','DD-MM-YYYY'), 169427.0);
INSERT INTO Account(CostumerCostumerID, BranchBranchID, Amount, BeginDate, EndDate) VALUES (438, 730, 338854.0, TO_DATE('13-2-2008','DD-MM-YYYY'), NULL);
INSERT INTO SavingsAccount(AccountAccountID, InterestRate, DurationYears) VALUES (883, 0.05, 3);
INSERT INTO Transfer(AccountAccountIDFrom, AccountAccountIDTo, TransferDate, Amount) VALUES (882, 883, TO_DATE('13-2-2008','DD-MM-YYYY'), 338854.0);
INSERT INTO Person(GovID,Name, PhoneNumber, Email, Address, Birthday, Nationality) VALUES (1111121566,'Landelino eco','900010455', 'Landelino_eco24@sapo.pt', 'Siena, Italy', TO_DATE('17-9-1967','DD-MM-YYYY'), 'Italy');
INSERT INTO Costumer(PersonGovID) VALUES (1111121566);
INSERT INTO Account(CostumerCostumerID, BranchBranchID, Amount, BeginDate, EndDate) VALUES (439, 1093, 116548.75, TO_DATE('14-10-2001','DD-MM-YYYY'), NULL);
INSERT INTO CurrentAccount(AccountAccountID, MaximumWithdraw) VALUES (884, 400);
INSERT INTO Deposit(AccountAccountID, DepositDate, Amount) VALUES (884, TO_DATE('14-10-2001','DD-MM-YYYY'),466195);
INSERT INTO Withdraw(CurrentAccountAccountID, WithdrawDate, Amount) VALUES (884, TO_DATE('14-10-2001','DD-MM-YYYY'), 116548.75);
INSERT INTO Account(CostumerCostumerID, BranchBranchID, Amount, BeginDate, EndDate) VALUES (439, 1093, 233097.5, TO_DATE('14-10-2001','DD-MM-YYYY'), NULL);
INSERT INTO SavingsAccount(AccountAccountID, InterestRate, DurationYears) VALUES (885, 0.05, 7);
INSERT INTO Transfer(AccountAccountIDFrom, AccountAccountIDTo, TransferDate, Amount) VALUES (884, 885, TO_DATE('14-10-2001','DD-MM-YYYY'), 233097.5);
INSERT INTO Person(GovID,Name, PhoneNumber, Email, Address, Birthday, Nationality) VALUES (1111121567,'Lander eco','900010456', 'Lander_eco91@sapo.pt', 'Faulbach, Germany', TO_DATE('11-9-1967','DD-MM-YYYY'), 'Germany');
INSERT INTO Costumer(PersonGovID) VALUES (1111121567);
INSERT INTO Account(CostumerCostumerID, BranchBranchID, Amount, BeginDate, EndDate) VALUES (440, 934, 65444.5, TO_DATE('26-11-2015','DD-MM-YYYY'), NULL);
INSERT INTO CurrentAccount(AccountAccountID, MaximumWithdraw) VALUES (886, 400);
INSERT INTO Deposit(AccountAccountID, DepositDate, Amount) VALUES (886, TO_DATE('26-11-2015','DD-MM-YYYY'),261778);
INSERT INTO Withdraw(CurrentAccountAccountID, WithdrawDate, Amount) VALUES (886, TO_DATE('26-11-2015','DD-MM-YYYY'), 65444.5);
INSERT INTO Account(CostumerCostumerID, BranchBranchID, Amount, BeginDate, EndDate) VALUES (440, 934, 130889.0, TO_DATE('26-11-2015','DD-MM-YYYY'), NULL);
INSERT INTO SavingsAccount(AccountAccountID, InterestRate, DurationYears) VALUES (887, 0.05, 9);
INSERT INTO Transfer(AccountAccountIDFrom, AccountAccountIDTo, TransferDate, Amount) VALUES (886, 887, TO_DATE('26-11-2015','DD-MM-YYYY'), 130889.0);
INSERT INTO Person(GovID,Name, PhoneNumber, Email, Address, Birthday, Nationality) VALUES (1111121568,'Landing eco','900010457', 'Landing_eco53@sapo.pt', 'Hohenems, Austria', TO_DATE('23-11-1966','DD-MM-YYYY'), 'Austria');
INSERT INTO Costumer(PersonGovID) VALUES (1111121568);
INSERT INTO Account(CostumerCostumerID, BranchBranchID, Amount, BeginDate, EndDate) VALUES (441, 1227, 112109.75, TO_DATE('17-10-2002','DD-MM-YYYY'), NULL);
INSERT INTO CurrentAccount(AccountAccountID, MaximumWithdraw) VALUES (888, 400);
INSERT INTO Deposit(AccountAccountID, DepositDate, Amount) VALUES (888, TO_DATE('17-10-2002','DD-MM-YYYY'),448439);
INSERT INTO Withdraw(CurrentAccountAccountID, WithdrawDate, Amount) VALUES (888, TO_DATE('17-10-2002','DD-MM-YYYY'), 112109.75);
INSERT INTO Account(CostumerCostumerID, BranchBranchID, Amount, BeginDate, EndDate) VALUES (441, 1227, 224219.5, TO_DATE('17-10-2002','DD-MM-YYYY'), NULL);
INSERT INTO SavingsAccount(AccountAccountID, InterestRate, DurationYears) VALUES (889, 0.05, 8);
INSERT INTO Transfer(AccountAccountIDFrom, AccountAccountIDTo, TransferDate, Amount) VALUES (888, 889, TO_DATE('17-10-2002','DD-MM-YYYY'), 224219.5);
INSERT INTO Person(GovID,Name, PhoneNumber, Email, Address, Birthday, Nationality) VALUES (1111121569,'Landon eco','900010458', 'Landon_eco75@sapo.pt', 'Zirl, Austria', TO_DATE('15-9-1982','DD-MM-YYYY'), 'Austria');
INSERT INTO Costumer(PersonGovID) VALUES (1111121569);
INSERT INTO Account(CostumerCostumerID, BranchBranchID, Amount, BeginDate, EndDate) VALUES (442, 1154, 63319.75, TO_DATE('10-5-2001','DD-MM-YYYY'), NULL);
INSERT INTO CurrentAccount(AccountAccountID, MaximumWithdraw) VALUES (890, 400);
INSERT INTO Deposit(AccountAccountID, DepositDate, Amount) VALUES (890, TO_DATE('10-5-2001','DD-MM-YYYY'),253279);
INSERT INTO Withdraw(CurrentAccountAccountID, WithdrawDate, Amount) VALUES (890, TO_DATE('10-5-2001','DD-MM-YYYY'), 63319.75);
INSERT INTO Account(CostumerCostumerID, BranchBranchID, Amount, BeginDate, EndDate) VALUES (442, 1154, 126639.5, TO_DATE('10-5-2001','DD-MM-YYYY'), NULL);
INSERT INTO SavingsAccount(AccountAccountID, InterestRate, DurationYears) VALUES (891, 0.05, 3);
INSERT INTO Transfer(AccountAccountIDFrom, AccountAccountIDTo, TransferDate, Amount) VALUES (890, 891, TO_DATE('10-5-2001','DD-MM-YYYY'), 126639.5);
INSERT INTO Person(GovID,Name, PhoneNumber, Email, Address, Birthday, Nationality) VALUES (1111121570,'Lane eco','900010459', 'Lane_eco89@sapo.pt', 'Campbon, France', TO_DATE('10-4-1971','DD-MM-YYYY'), 'France');
INSERT INTO Costumer(PersonGovID) VALUES (1111121570);
INSERT INTO Account(CostumerCostumerID, BranchBranchID, Amount, BeginDate, EndDate) VALUES (443, 976, 168528.75, TO_DATE('28-4-2014','DD-MM-YYYY'), NULL);
INSERT INTO CurrentAccount(AccountAccountID, MaximumWithdraw) VALUES (892, 400);
INSERT INTO Deposit(AccountAccountID, DepositDate, Amount) VALUES (892, TO_DATE('28-4-2014','DD-MM-YYYY'),674115);
INSERT INTO Withdraw(CurrentAccountAccountID, WithdrawDate, Amount) VALUES (892, TO_DATE('28-4-2014','DD-MM-YYYY'), 168528.75);
INSERT INTO Account(CostumerCostumerID, BranchBranchID, Amount, BeginDate, EndDate) VALUES (443, 976, 337057.5, TO_DATE('28-4-2014','DD-MM-YYYY'), NULL);
INSERT INTO SavingsAccount(AccountAccountID, InterestRate, DurationYears) VALUES (893, 0.05, 5);
INSERT INTO Transfer(AccountAccountIDFrom, AccountAccountIDTo, TransferDate, Amount) VALUES (892, 893, TO_DATE('28-4-2014','DD-MM-YYYY'), 337057.5);
INSERT INTO Person(GovID,Name, PhoneNumber, Email, Address, Birthday, Nationality) VALUES (1111121571,'Lanell eco','900010460', 'Lanell_eco36@sapo.pt', 'Zwickau, Germany', TO_DATE('20-12-2008','DD-MM-YYYY'), 'Germany');
INSERT INTO Costumer(PersonGovID) VALUES (1111121571);
INSERT INTO Account(CostumerCostumerID, BranchBranchID, Amount, BeginDate, EndDate) VALUES (444, 577, 107198.5, TO_DATE('3-7-2013','DD-MM-YYYY'), NULL);
INSERT INTO CurrentAccount(AccountAccountID, MaximumWithdraw) VALUES (894, 400);
INSERT INTO Deposit(AccountAccountID, DepositDate, Amount) VALUES (894, TO_DATE('3-7-2013','DD-MM-YYYY'),428794);
INSERT INTO Withdraw(CurrentAccountAccountID, WithdrawDate, Amount) VALUES (894, TO_DATE('3-7-2013','DD-MM-YYYY'), 107198.5);
INSERT INTO Account(CostumerCostumerID, BranchBranchID, Amount, BeginDate, EndDate) VALUES (444, 577, 214397.0, TO_DATE('3-7-2013','DD-MM-YYYY'), NULL);
INSERT INTO SavingsAccount(AccountAccountID, InterestRate, DurationYears) VALUES (895, 0.05, 4);
INSERT INTO Transfer(AccountAccountIDFrom, AccountAccountIDTo, TransferDate, Amount) VALUES (894, 895, TO_DATE('3-7-2013','DD-MM-YYYY'), 214397.0);
INSERT INTO Person(GovID,Name, PhoneNumber, Email, Address, Birthday, Nationality) VALUES (1111121572,'Lanelle eco','900010461', 'Lanelle_eco18@sapo.pt', 'Vienna, Austria', TO_DATE('7-6-1997','DD-MM-YYYY'), 'Austria');
INSERT INTO Costumer(PersonGovID) VALUES (1111121572);
INSERT INTO Account(CostumerCostumerID, BranchBranchID, Amount, BeginDate, EndDate) VALUES (445, 898, 33331.75, TO_DATE('2-2-2007','DD-MM-YYYY'), NULL);
INSERT INTO CurrentAccount(AccountAccountID, MaximumWithdraw) VALUES (896, 400);
INSERT INTO Deposit(AccountAccountID, DepositDate, Amount) VALUES (896, TO_DATE('2-2-2007','DD-MM-YYYY'),133327);
INSERT INTO Withdraw(CurrentAccountAccountID, WithdrawDate, Amount) VALUES (896, TO_DATE('2-2-2007','DD-MM-YYYY'), 33331.75);
INSERT INTO Account(CostumerCostumerID, BranchBranchID, Amount, BeginDate, EndDate) VALUES (445, 898, 66663.5, TO_DATE('2-2-2007','DD-MM-YYYY'), NULL);
INSERT INTO SavingsAccount(AccountAccountID, InterestRate, DurationYears) VALUES (897, 0.05, 8);
INSERT INTO Transfer(AccountAccountIDFrom, AccountAccountIDTo, TransferDate, Amount) VALUES (896, 897, TO_DATE('2-2-2007','DD-MM-YYYY'), 66663.5);
INSERT INTO Person(GovID,Name, PhoneNumber, Email, Address, Birthday, Nationality) VALUES (1111121573,'Lanette eco','900010462', 'Lanette_eco95@sapo.pt', 'Calais, France', TO_DATE('26-6-1990','DD-MM-YYYY'), 'France');
INSERT INTO Costumer(PersonGovID) VALUES (1111121573);
INSERT INTO Account(CostumerCostumerID, BranchBranchID, Amount, BeginDate, EndDate) VALUES (446, 134, 36263.5, TO_DATE('1-3-2012','DD-MM-YYYY'), NULL);
INSERT INTO CurrentAccount(AccountAccountID, MaximumWithdraw) VALUES (898, 400);
INSERT INTO Deposit(AccountAccountID, DepositDate, Amount) VALUES (898, TO_DATE('1-3-2012','DD-MM-YYYY'),145054);
INSERT INTO Withdraw(CurrentAccountAccountID, WithdrawDate, Amount) VALUES (898, TO_DATE('1-3-2012','DD-MM-YYYY'), 36263.5);
INSERT INTO Account(CostumerCostumerID, BranchBranchID, Amount, BeginDate, EndDate) VALUES (446, 134, 72527.0, TO_DATE('1-3-2012','DD-MM-YYYY'), NULL);
INSERT INTO SavingsAccount(AccountAccountID, InterestRate, DurationYears) VALUES (899, 0.05, 6);
INSERT INTO Transfer(AccountAccountIDFrom, AccountAccountIDTo, TransferDate, Amount) VALUES (898, 899, TO_DATE('1-3-2012','DD-MM-YYYY'), 72527.0);
INSERT INTO Person(GovID,Name, PhoneNumber, Email, Address, Birthday, Nationality) VALUES (1111121574,'Lanfen eco','900010463', 'Lanfen_eco26@sapo.pt', 'Sint-Truiden, Belgium', TO_DATE('14-5-1990','DD-MM-YYYY'), 'Belgium');
INSERT INTO Costumer(PersonGovID) VALUES (1111121574);
INSERT INTO Account(CostumerCostumerID, BranchBranchID, Amount, BeginDate, EndDate) VALUES (447, 1155, 133446.0, TO_DATE('23-7-2004','DD-MM-YYYY'), NULL);
INSERT INTO CurrentAccount(AccountAccountID, MaximumWithdraw) VALUES (900, 400);
INSERT INTO Deposit(AccountAccountID, DepositDate, Amount) VALUES (900, TO_DATE('23-7-2004','DD-MM-YYYY'),533784);
INSERT INTO Withdraw(CurrentAccountAccountID, WithdrawDate, Amount) VALUES (900, TO_DATE('23-7-2004','DD-MM-YYYY'), 133446.0);
INSERT INTO Account(CostumerCostumerID, BranchBranchID, Amount, BeginDate, EndDate) VALUES (447, 1155, 266892.0, TO_DATE('23-7-2004','DD-MM-YYYY'), NULL);
INSERT INTO SavingsAccount(AccountAccountID, InterestRate, DurationYears) VALUES (901, 0.05, 6);
INSERT INTO Transfer(AccountAccountIDFrom, AccountAccountIDTo, TransferDate, Amount) VALUES (900, 901, TO_DATE('23-7-2004','DD-MM-YYYY'), 266892.0);
INSERT INTO Person(GovID,Name, PhoneNumber, Email, Address, Birthday, Nationality) VALUES (1111121575,'Lang eco','900010464', 'Lang_eco87@sapo.pt', 'Keerbergen, Belgium', TO_DATE('7-4-1965','DD-MM-YYYY'), 'Belgium');
INSERT INTO Costumer(PersonGovID) VALUES (1111121575);
INSERT INTO Account(CostumerCostumerID, BranchBranchID, Amount, BeginDate, EndDate) VALUES (448, 1194, 21738.75, TO_DATE('6-3-2013','DD-MM-YYYY'), NULL);
INSERT INTO CurrentAccount(AccountAccountID, MaximumWithdraw) VALUES (902, 400);
INSERT INTO Deposit(AccountAccountID, DepositDate, Amount) VALUES (902, TO_DATE('6-3-2013','DD-MM-YYYY'),86955);
INSERT INTO Withdraw(CurrentAccountAccountID, WithdrawDate, Amount) VALUES (902, TO_DATE('6-3-2013','DD-MM-YYYY'), 21738.75);
INSERT INTO Account(CostumerCostumerID, BranchBranchID, Amount, BeginDate, EndDate) VALUES (448, 1194, 43477.5, TO_DATE('6-3-2013','DD-MM-YYYY'), NULL);
INSERT INTO SavingsAccount(AccountAccountID, InterestRate, DurationYears) VALUES (903, 0.05, 9);
INSERT INTO Transfer(AccountAccountIDFrom, AccountAccountIDTo, TransferDate, Amount) VALUES (902, 903, TO_DATE('6-3-2013','DD-MM-YYYY'), 43477.5);
INSERT INTO Person(GovID,Name, PhoneNumber, Email, Address, Birthday, Nationality) VALUES (1111121576,'Lani eco','900010465', 'Lani_eco90@sapo.pt', 'satu mare, Romania', TO_DATE('13-1-1978','DD-MM-YYYY'), 'Romania');
INSERT INTO Costumer(PersonGovID) VALUES (1111121576);
INSERT INTO Account(CostumerCostumerID, BranchBranchID, Amount, BeginDate, EndDate) VALUES (449, 1126, 221990.75, TO_DATE('6-3-2016','DD-MM-YYYY'), NULL);
INSERT INTO CurrentAccount(AccountAccountID, MaximumWithdraw) VALUES (904, 400);
INSERT INTO Deposit(AccountAccountID, DepositDate, Amount) VALUES (904, TO_DATE('6-3-2016','DD-MM-YYYY'),887963);
INSERT INTO Withdraw(CurrentAccountAccountID, WithdrawDate, Amount) VALUES (904, TO_DATE('6-3-2016','DD-MM-YYYY'), 221990.75);
INSERT INTO Account(CostumerCostumerID, BranchBranchID, Amount, BeginDate, EndDate) VALUES (449, 1126, 443981.5, TO_DATE('6-3-2016','DD-MM-YYYY'), NULL);
INSERT INTO SavingsAccount(AccountAccountID, InterestRate, DurationYears) VALUES (905, 0.05, 6);
INSERT INTO Transfer(AccountAccountIDFrom, AccountAccountIDTo, TransferDate, Amount) VALUES (904, 905, TO_DATE('6-3-2016','DD-MM-YYYY'), 443981.5);
INSERT INTO Person(GovID,Name, PhoneNumber, Email, Address, Birthday, Nationality) VALUES (1111121577,'Lanie eco','900010466', 'Lanie_eco23@sapo.pt', 'Funchal, Portugal', TO_DATE('27-4-1988','DD-MM-YYYY'), 'Portugal');
INSERT INTO Costumer(PersonGovID) VALUES (1111121577);
INSERT INTO Account(CostumerCostumerID, BranchBranchID, Amount, BeginDate, EndDate) VALUES (450, 688, 226065.75, TO_DATE('14-9-2001','DD-MM-YYYY'), NULL);
INSERT INTO CurrentAccount(AccountAccountID, MaximumWithdraw) VALUES (906, 400);
INSERT INTO Deposit(AccountAccountID, DepositDate, Amount) VALUES (906, TO_DATE('14-9-2001','DD-MM-YYYY'),904263);
INSERT INTO Withdraw(CurrentAccountAccountID, WithdrawDate, Amount) VALUES (906, TO_DATE('14-9-2001','DD-MM-YYYY'), 226065.75);
INSERT INTO Account(CostumerCostumerID, BranchBranchID, Amount, BeginDate, EndDate) VALUES (450, 688, 452131.5, TO_DATE('14-9-2001','DD-MM-YYYY'), NULL);
INSERT INTO SavingsAccount(AccountAccountID, InterestRate, DurationYears) VALUES (907, 0.05, 7);
INSERT INTO Transfer(AccountAccountIDFrom, AccountAccountIDTo, TransferDate, Amount) VALUES (906, 907, TO_DATE('14-9-2001','DD-MM-YYYY'), 452131.5);
INSERT INTO Person(GovID,Name, PhoneNumber, Email, Address, Birthday, Nationality) VALUES (1111121578,'Lanita eco','900010467', 'Lanita_eco90@sapo.pt', 'Sinnicolaul Mare, Romania', TO_DATE('22-6-1962','DD-MM-YYYY'), 'Romania');
INSERT INTO Costumer(PersonGovID) VALUES (1111121578);
INSERT INTO Account(CostumerCostumerID, BranchBranchID, Amount, BeginDate, EndDate) VALUES (451, 814, 96477.75, TO_DATE('5-1-2010','DD-MM-YYYY'), NULL);
INSERT INTO CurrentAccount(AccountAccountID, MaximumWithdraw) VALUES (908, 400);
INSERT INTO Deposit(AccountAccountID, DepositDate, Amount) VALUES (908, TO_DATE('5-1-2010','DD-MM-YYYY'),385911);
INSERT INTO Withdraw(CurrentAccountAccountID, WithdrawDate, Amount) VALUES (908, TO_DATE('5-1-2010','DD-MM-YYYY'), 96477.75);
INSERT INTO Account(CostumerCostumerID, BranchBranchID, Amount, BeginDate, EndDate) VALUES (451, 814, 192955.5, TO_DATE('5-1-2010','DD-MM-YYYY'), NULL);
INSERT INTO SavingsAccount(AccountAccountID, InterestRate, DurationYears) VALUES (909, 0.05, 6);
INSERT INTO Transfer(AccountAccountIDFrom, AccountAccountIDTo, TransferDate, Amount) VALUES (908, 909, TO_DATE('5-1-2010','DD-MM-YYYY'), 192955.5);
INSERT INTO Person(GovID,Name, PhoneNumber, Email, Address, Birthday, Nationality) VALUES (1111121579,'Lanmei eco','900010468', 'Lanmei_eco82@sapo.pt', 'La Teste, France', TO_DATE('12-6-1969','DD-MM-YYYY'), 'France');
INSERT INTO Costumer(PersonGovID) VALUES (1111121579);
INSERT INTO Account(CostumerCostumerID, BranchBranchID, Amount, BeginDate, EndDate) VALUES (452, 475, 227144.25, TO_DATE('1-11-2017','DD-MM-YYYY'), NULL);
INSERT INTO CurrentAccount(AccountAccountID, MaximumWithdraw) VALUES (910, 400);
INSERT INTO Deposit(AccountAccountID, DepositDate, Amount) VALUES (910, TO_DATE('1-11-2017','DD-MM-YYYY'),908577);
INSERT INTO Withdraw(CurrentAccountAccountID, WithdrawDate, Amount) VALUES (910, TO_DATE('1-11-2017','DD-MM-YYYY'), 227144.25);
INSERT INTO Account(CostumerCostumerID, BranchBranchID, Amount, BeginDate, EndDate) VALUES (452, 475, 454288.5, TO_DATE('1-11-2017','DD-MM-YYYY'), NULL);
INSERT INTO SavingsAccount(AccountAccountID, InterestRate, DurationYears) VALUES (911, 0.05, 8);
INSERT INTO Transfer(AccountAccountIDFrom, AccountAccountIDTo, TransferDate, Amount) VALUES (910, 911, TO_DATE('1-11-2017','DD-MM-YYYY'), 454288.5);
INSERT INTO Person(GovID,Name, PhoneNumber, Email, Address, Birthday, Nationality) VALUES (1111121580,'Lannie eco','900010469', 'Lannie_eco97@sapo.pt', 'Waldkirchen, Germany', TO_DATE('5-5-2002','DD-MM-YYYY'), 'Germany');
INSERT INTO Costumer(PersonGovID) VALUES (1111121580);
INSERT INTO Account(CostumerCostumerID, BranchBranchID, Amount, BeginDate, EndDate) VALUES (453, 340, 161810.75, TO_DATE('1-12-2009','DD-MM-YYYY'), NULL);
INSERT INTO CurrentAccount(AccountAccountID, MaximumWithdraw) VALUES (912, 400);
INSERT INTO Deposit(AccountAccountID, DepositDate, Amount) VALUES (912, TO_DATE('1-12-2009','DD-MM-YYYY'),647243);
INSERT INTO Withdraw(CurrentAccountAccountID, WithdrawDate, Amount) VALUES (912, TO_DATE('1-12-2009','DD-MM-YYYY'), 161810.75);
INSERT INTO Account(CostumerCostumerID, BranchBranchID, Amount, BeginDate, EndDate) VALUES (453, 340, 323621.5, TO_DATE('1-12-2009','DD-MM-YYYY'), NULL);
INSERT INTO SavingsAccount(AccountAccountID, InterestRate, DurationYears) VALUES (913, 0.05, 7);
INSERT INTO Transfer(AccountAccountIDFrom, AccountAccountIDTo, TransferDate, Amount) VALUES (912, 913, TO_DATE('1-12-2009','DD-MM-YYYY'), 323621.5);
INSERT INTO Person(GovID,Name, PhoneNumber, Email, Address, Birthday, Nationality) VALUES (1111121581,'Lanny eco','900010470', 'Lanny_eco21@sapo.pt', 'San Sebastian, Spain', TO_DATE('25-12-2008','DD-MM-YYYY'), 'Spain');
INSERT INTO Costumer(PersonGovID) VALUES (1111121581);
INSERT INTO Account(CostumerCostumerID, BranchBranchID, Amount, BeginDate, EndDate) VALUES (454, 146, 110562.0, TO_DATE('27-8-2000','DD-MM-YYYY'), NULL);
INSERT INTO CurrentAccount(AccountAccountID, MaximumWithdraw) VALUES (914, 400);
INSERT INTO Deposit(AccountAccountID, DepositDate, Amount) VALUES (914, TO_DATE('27-8-2000','DD-MM-YYYY'),442248);
INSERT INTO Withdraw(CurrentAccountAccountID, WithdrawDate, Amount) VALUES (914, TO_DATE('27-8-2000','DD-MM-YYYY'), 110562.0);
INSERT INTO Account(CostumerCostumerID, BranchBranchID, Amount, BeginDate, EndDate) VALUES (454, 146, 221124.0, TO_DATE('27-8-2000','DD-MM-YYYY'), NULL);
INSERT INTO SavingsAccount(AccountAccountID, InterestRate, DurationYears) VALUES (915, 0.05, 3);
INSERT INTO Transfer(AccountAccountIDFrom, AccountAccountIDTo, TransferDate, Amount) VALUES (914, 915, TO_DATE('27-8-2000','DD-MM-YYYY'), 221124.0);
INSERT INTO Person(GovID,Name, PhoneNumber, Email, Address, Birthday, Nationality) VALUES (1111121582,'Lanora eco','900010471', 'Lanora_eco98@sapo.pt', 'Almeria, Spain', TO_DATE('5-6-1984','DD-MM-YYYY'), 'Spain');
INSERT INTO Costumer(PersonGovID) VALUES (1111121582);
INSERT INTO Account(CostumerCostumerID, BranchBranchID, Amount, BeginDate, EndDate) VALUES (455, 574, 165399.25, TO_DATE('11-1-2013','DD-MM-YYYY'), NULL);
INSERT INTO CurrentAccount(AccountAccountID, MaximumWithdraw) VALUES (916, 400);
INSERT INTO Deposit(AccountAccountID, DepositDate, Amount) VALUES (916, TO_DATE('11-1-2013','DD-MM-YYYY'),661597);
INSERT INTO Withdraw(CurrentAccountAccountID, WithdrawDate, Amount) VALUES (916, TO_DATE('11-1-2013','DD-MM-YYYY'), 165399.25);
INSERT INTO Account(CostumerCostumerID, BranchBranchID, Amount, BeginDate, EndDate) VALUES (455, 574, 330798.5, TO_DATE('11-1-2013','DD-MM-YYYY'), NULL);
INSERT INTO SavingsAccount(AccountAccountID, InterestRate, DurationYears) VALUES (917, 0.05, 8);
INSERT INTO Transfer(AccountAccountIDFrom, AccountAccountIDTo, TransferDate, Amount) VALUES (916, 917, TO_DATE('11-1-2013','DD-MM-YYYY'), 330798.5);
INSERT INTO Person(GovID,Name, PhoneNumber, Email, Address, Birthday, Nationality) VALUES (1111121583,'Lansana eco','900010472', 'Lansana_eco56@sapo.pt', 'Lochristi, Belgium', TO_DATE('19-6-1950','DD-MM-YYYY'), 'Belgium');
INSERT INTO Costumer(PersonGovID) VALUES (1111121583);
INSERT INTO Account(CostumerCostumerID, BranchBranchID, Amount, BeginDate, EndDate) VALUES (456, 1245, 151347.75, TO_DATE('2-7-2018','DD-MM-YYYY'), NULL);
INSERT INTO CurrentAccount(AccountAccountID, MaximumWithdraw) VALUES (918, 400);
INSERT INTO Deposit(AccountAccountID, DepositDate, Amount) VALUES (918, TO_DATE('2-7-2018','DD-MM-YYYY'),605391);
INSERT INTO Withdraw(CurrentAccountAccountID, WithdrawDate, Amount) VALUES (918, TO_DATE('2-7-2018','DD-MM-YYYY'), 151347.75);
INSERT INTO Account(CostumerCostumerID, BranchBranchID, Amount, BeginDate, EndDate) VALUES (456, 1245, 302695.5, TO_DATE('2-7-2018','DD-MM-YYYY'), NULL);
INSERT INTO SavingsAccount(AccountAccountID, InterestRate, DurationYears) VALUES (919, 0.05, 6);
INSERT INTO Transfer(AccountAccountIDFrom, AccountAccountIDTo, TransferDate, Amount) VALUES (918, 919, TO_DATE('2-7-2018','DD-MM-YYYY'), 302695.5);
INSERT INTO Person(GovID,Name, PhoneNumber, Email, Address, Birthday, Nationality) VALUES (1111121584,'Lanxiang eco','900010473', 'Lanxiang_eco62@sapo.pt', 'Irakleion, Greece', TO_DATE('20-3-1954','DD-MM-YYYY'), 'Greece');
INSERT INTO Costumer(PersonGovID) VALUES (1111121584);
INSERT INTO Account(CostumerCostumerID, BranchBranchID, Amount, BeginDate, EndDate) VALUES (457, 1249, 150328.75, TO_DATE('20-12-2014','DD-MM-YYYY'), NULL);
INSERT INTO CurrentAccount(AccountAccountID, MaximumWithdraw) VALUES (920, 400);
INSERT INTO Deposit(AccountAccountID, DepositDate, Amount) VALUES (920, TO_DATE('20-12-2014','DD-MM-YYYY'),601315);
INSERT INTO Withdraw(CurrentAccountAccountID, WithdrawDate, Amount) VALUES (920, TO_DATE('20-12-2014','DD-MM-YYYY'), 150328.75);
INSERT INTO Account(CostumerCostumerID, BranchBranchID, Amount, BeginDate, EndDate) VALUES (457, 1249, 300657.5, TO_DATE('20-12-2014','DD-MM-YYYY'), NULL);
INSERT INTO SavingsAccount(AccountAccountID, InterestRate, DurationYears) VALUES (921, 0.05, 9);
INSERT INTO Transfer(AccountAccountIDFrom, AccountAccountIDTo, TransferDate, Amount) VALUES (920, 921, TO_DATE('20-12-2014','DD-MM-YYYY'), 300657.5);
INSERT INTO Person(GovID,Name, PhoneNumber, Email, Address, Birthday, Nationality) VALUES (1111121585,'Lanying eco','900010474', 'Lanying_eco86@sapo.pt', 'Ottignies, Belgium', TO_DATE('6-10-2007','DD-MM-YYYY'), 'Belgium');
INSERT INTO Costumer(PersonGovID) VALUES (1111121585);
INSERT INTO Account(CostumerCostumerID, BranchBranchID, Amount, BeginDate, EndDate) VALUES (458, 439, 61471.75, TO_DATE('20-3-2012','DD-MM-YYYY'), NULL);
INSERT INTO CurrentAccount(AccountAccountID, MaximumWithdraw) VALUES (922, 400);
INSERT INTO Deposit(AccountAccountID, DepositDate, Amount) VALUES (922, TO_DATE('20-3-2012','DD-MM-YYYY'),245887);
INSERT INTO Withdraw(CurrentAccountAccountID, WithdrawDate, Amount) VALUES (922, TO_DATE('20-3-2012','DD-MM-YYYY'), 61471.75);
INSERT INTO Account(CostumerCostumerID, BranchBranchID, Amount, BeginDate, EndDate) VALUES (458, 439, 122943.5, TO_DATE('20-3-2012','DD-MM-YYYY'), NULL);
INSERT INTO SavingsAccount(AccountAccountID, InterestRate, DurationYears) VALUES (923, 0.05, 3);
INSERT INTO Transfer(AccountAccountIDFrom, AccountAccountIDTo, TransferDate, Amount) VALUES (922, 923, TO_DATE('20-3-2012','DD-MM-YYYY'), 122943.5);
INSERT INTO Person(GovID,Name, PhoneNumber, Email, Address, Birthday, Nationality) VALUES (1111121586,'Laquanda eco','900010475', 'Laquanda_eco69@sapo.pt', 'solofra, Italy', TO_DATE('20-3-2008','DD-MM-YYYY'), 'Italy');
INSERT INTO Costumer(PersonGovID) VALUES (1111121586);
INSERT INTO Account(CostumerCostumerID, BranchBranchID, Amount, BeginDate, EndDate) VALUES (459, 1028, 125601.25, TO_DATE('10-4-2001','DD-MM-YYYY'), NULL);
INSERT INTO CurrentAccount(AccountAccountID, MaximumWithdraw) VALUES (924, 400);
INSERT INTO Deposit(AccountAccountID, DepositDate, Amount) VALUES (924, TO_DATE('10-4-2001','DD-MM-YYYY'),502405);
INSERT INTO Withdraw(CurrentAccountAccountID, WithdrawDate, Amount) VALUES (924, TO_DATE('10-4-2001','DD-MM-YYYY'), 125601.25);
INSERT INTO Account(CostumerCostumerID, BranchBranchID, Amount, BeginDate, EndDate) VALUES (459, 1028, 251202.5, TO_DATE('10-4-2001','DD-MM-YYYY'), NULL);
INSERT INTO SavingsAccount(AccountAccountID, InterestRate, DurationYears) VALUES (925, 0.05, 3);
INSERT INTO Transfer(AccountAccountIDFrom, AccountAccountIDTo, TransferDate, Amount) VALUES (924, 925, TO_DATE('10-4-2001','DD-MM-YYYY'), 251202.5);
INSERT INTO Person(GovID,Name, PhoneNumber, Email, Address, Birthday, Nationality) VALUES (1111121587,'Laquita eco','900010476', 'Laquita_eco71@sapo.pt', 'La Maddalena, Italy', TO_DATE('4-10-1979','DD-MM-YYYY'), 'Italy');
INSERT INTO Costumer(PersonGovID) VALUES (1111121587);
INSERT INTO Account(CostumerCostumerID, BranchBranchID, Amount, BeginDate, EndDate) VALUES (460, 515, 212938.5, TO_DATE('15-6-2006','DD-MM-YYYY'), NULL);
INSERT INTO CurrentAccount(AccountAccountID, MaximumWithdraw) VALUES (926, 400);
INSERT INTO Deposit(AccountAccountID, DepositDate, Amount) VALUES (926, TO_DATE('15-6-2006','DD-MM-YYYY'),851754);
INSERT INTO Withdraw(CurrentAccountAccountID, WithdrawDate, Amount) VALUES (926, TO_DATE('15-6-2006','DD-MM-YYYY'), 212938.5);
INSERT INTO Account(CostumerCostumerID, BranchBranchID, Amount, BeginDate, EndDate) VALUES (460, 515, 425877.0, TO_DATE('15-6-2006','DD-MM-YYYY'), NULL);
INSERT INTO SavingsAccount(AccountAccountID, InterestRate, DurationYears) VALUES (927, 0.05, 8);
INSERT INTO Transfer(AccountAccountIDFrom, AccountAccountIDTo, TransferDate, Amount) VALUES (926, 927, TO_DATE('15-6-2006','DD-MM-YYYY'), 425877.0);
INSERT INTO Person(GovID,Name, PhoneNumber, Email, Address, Birthday, Nationality) VALUES (1111121588,'Lara eco','900010477', 'Lara_eco18@sapo.pt', 'Wesenberg, Germany', TO_DATE('2-10-1965','DD-MM-YYYY'), 'Germany');
INSERT INTO Costumer(PersonGovID) VALUES (1111121588);
INSERT INTO Account(CostumerCostumerID, BranchBranchID, Amount, BeginDate, EndDate) VALUES (461, 499, 120446.5, TO_DATE('10-1-2005','DD-MM-YYYY'), NULL);
INSERT INTO CurrentAccount(AccountAccountID, MaximumWithdraw) VALUES (928, 400);
INSERT INTO Deposit(AccountAccountID, DepositDate, Amount) VALUES (928, TO_DATE('10-1-2005','DD-MM-YYYY'),481786);
INSERT INTO Withdraw(CurrentAccountAccountID, WithdrawDate, Amount) VALUES (928, TO_DATE('10-1-2005','DD-MM-YYYY'), 120446.5);
INSERT INTO Account(CostumerCostumerID, BranchBranchID, Amount, BeginDate, EndDate) VALUES (461, 499, 240893.0, TO_DATE('10-1-2005','DD-MM-YYYY'), NULL);
INSERT INTO SavingsAccount(AccountAccountID, InterestRate, DurationYears) VALUES (929, 0.05, 4);
INSERT INTO Transfer(AccountAccountIDFrom, AccountAccountIDTo, TransferDate, Amount) VALUES (928, 929, TO_DATE('10-1-2005','DD-MM-YYYY'), 240893.0);
INSERT INTO Person(GovID,Name, PhoneNumber, Email, Address, Birthday, Nationality) VALUES (1111121589,'Larabi eco','900010478', 'Larabi_eco72@sapo.pt', 'Wieselburg, Austria', TO_DATE('22-8-1993','DD-MM-YYYY'), 'Austria');
INSERT INTO Costumer(PersonGovID) VALUES (1111121589);
INSERT INTO Account(CostumerCostumerID, BranchBranchID, Amount, BeginDate, EndDate) VALUES (462, 604, 15105.75, TO_DATE('1-12-2013','DD-MM-YYYY'), NULL);
INSERT INTO CurrentAccount(AccountAccountID, MaximumWithdraw) VALUES (930, 400);
INSERT INTO Deposit(AccountAccountID, DepositDate, Amount) VALUES (930, TO_DATE('1-12-2013','DD-MM-YYYY'),60423);
INSERT INTO Withdraw(CurrentAccountAccountID, WithdrawDate, Amount) VALUES (930, TO_DATE('1-12-2013','DD-MM-YYYY'), 15105.75);
INSERT INTO Account(CostumerCostumerID, BranchBranchID, Amount, BeginDate, EndDate) VALUES (462, 604, 30211.5, TO_DATE('1-12-2013','DD-MM-YYYY'), NULL);
INSERT INTO SavingsAccount(AccountAccountID, InterestRate, DurationYears) VALUES (931, 0.05, 10);
INSERT INTO Transfer(AccountAccountIDFrom, AccountAccountIDTo, TransferDate, Amount) VALUES (930, 931, TO_DATE('1-12-2013','DD-MM-YYYY'), 30211.5);
INSERT INTO Person(GovID,Name, PhoneNumber, Email, Address, Birthday, Nationality) VALUES (1111121590,'Larae eco','900010479', 'Larae_eco11@sapo.pt', 'Landau, Germany', TO_DATE('5-1-1974','DD-MM-YYYY'), 'Germany');
INSERT INTO Costumer(PersonGovID) VALUES (1111121590);
INSERT INTO Account(CostumerCostumerID, BranchBranchID, Amount, BeginDate, EndDate) VALUES (463, 610, 216186.75, TO_DATE('15-9-2002','DD-MM-YYYY'), NULL);
INSERT INTO CurrentAccount(AccountAccountID, MaximumWithdraw) VALUES (932, 400);
INSERT INTO Deposit(AccountAccountID, DepositDate, Amount) VALUES (932, TO_DATE('15-9-2002','DD-MM-YYYY'),864747);
INSERT INTO Withdraw(CurrentAccountAccountID, WithdrawDate, Amount) VALUES (932, TO_DATE('15-9-2002','DD-MM-YYYY'), 216186.75);
INSERT INTO Account(CostumerCostumerID, BranchBranchID, Amount, BeginDate, EndDate) VALUES (463, 610, 432373.5, TO_DATE('15-9-2002','DD-MM-YYYY'), NULL);
INSERT INTO SavingsAccount(AccountAccountID, InterestRate, DurationYears) VALUES (933, 0.05, 6);
INSERT INTO Transfer(AccountAccountIDFrom, AccountAccountIDTo, TransferDate, Amount) VALUES (932, 933, TO_DATE('15-9-2002','DD-MM-YYYY'), 432373.5);
INSERT INTO Person(GovID,Name, PhoneNumber, Email, Address, Birthday, Nationality) VALUES (1111121591,'Laraine eco','900010480', 'Laraine_eco16@sapo.pt', 'Scandiano, Italy', TO_DATE('3-3-1976','DD-MM-YYYY'), 'Italy');
INSERT INTO Costumer(PersonGovID) VALUES (1111121591);
INSERT INTO Account(CostumerCostumerID, BranchBranchID, Amount, BeginDate, EndDate) VALUES (464, 814, 229603.75, TO_DATE('24-10-2010','DD-MM-YYYY'), NULL);
INSERT INTO CurrentAccount(AccountAccountID, MaximumWithdraw) VALUES (934, 400);
INSERT INTO Deposit(AccountAccountID, DepositDate, Amount) VALUES (934, TO_DATE('24-10-2010','DD-MM-YYYY'),918415);
INSERT INTO Withdraw(CurrentAccountAccountID, WithdrawDate, Amount) VALUES (934, TO_DATE('24-10-2010','DD-MM-YYYY'), 229603.75);
INSERT INTO Account(CostumerCostumerID, BranchBranchID, Amount, BeginDate, EndDate) VALUES (464, 814, 459207.5, TO_DATE('24-10-2010','DD-MM-YYYY'), NULL);
INSERT INTO SavingsAccount(AccountAccountID, InterestRate, DurationYears) VALUES (935, 0.05, 6);
INSERT INTO Transfer(AccountAccountIDFrom, AccountAccountIDTo, TransferDate, Amount) VALUES (934, 935, TO_DATE('24-10-2010','DD-MM-YYYY'), 459207.5);
INSERT INTO Person(GovID,Name, PhoneNumber, Email, Address, Birthday, Nationality) VALUES (1111121592,'Larbi eco','900010481', 'Larbi_eco84@sapo.pt', 'Terni, Italy', TO_DATE('20-11-1962','DD-MM-YYYY'), 'Italy');
INSERT INTO Costumer(PersonGovID) VALUES (1111121592);
INSERT INTO Account(CostumerCostumerID, BranchBranchID, Amount, BeginDate, EndDate) VALUES (465, 1052, 117497.5, TO_DATE('14-12-2009','DD-MM-YYYY'), NULL);
INSERT INTO CurrentAccount(AccountAccountID, MaximumWithdraw) VALUES (936, 400);
INSERT INTO Deposit(AccountAccountID, DepositDate, Amount) VALUES (936, TO_DATE('14-12-2009','DD-MM-YYYY'),469990);
INSERT INTO Withdraw(CurrentAccountAccountID, WithdrawDate, Amount) VALUES (936, TO_DATE('14-12-2009','DD-MM-YYYY'), 117497.5);
INSERT INTO Account(CostumerCostumerID, BranchBranchID, Amount, BeginDate, EndDate) VALUES (465, 1052, 234995.0, TO_DATE('14-12-2009','DD-MM-YYYY'), NULL);
INSERT INTO SavingsAccount(AccountAccountID, InterestRate, DurationYears) VALUES (937, 0.05, 7);
INSERT INTO Transfer(AccountAccountIDFrom, AccountAccountIDTo, TransferDate, Amount) VALUES (936, 937, TO_DATE('14-12-2009','DD-MM-YYYY'), 234995.0);
INSERT INTO Person(GovID,Name, PhoneNumber, Email, Address, Birthday, Nationality) VALUES (1111121593,'Laree eco','900010482', 'Laree_eco92@sapo.pt', 'Potsdam, Germany', TO_DATE('15-1-1989','DD-MM-YYYY'), 'Germany');
INSERT INTO Costumer(PersonGovID) VALUES (1111121593);
INSERT INTO Account(CostumerCostumerID, BranchBranchID, Amount, BeginDate, EndDate) VALUES (466, 155, 64846.25, TO_DATE('12-9-2001','DD-MM-YYYY'), NULL);
INSERT INTO CurrentAccount(AccountAccountID, MaximumWithdraw) VALUES (938, 400);
INSERT INTO Deposit(AccountAccountID, DepositDate, Amount) VALUES (938, TO_DATE('12-9-2001','DD-MM-YYYY'),259385);
INSERT INTO Withdraw(CurrentAccountAccountID, WithdrawDate, Amount) VALUES (938, TO_DATE('12-9-2001','DD-MM-YYYY'), 64846.25);
INSERT INTO Account(CostumerCostumerID, BranchBranchID, Amount, BeginDate, EndDate) VALUES (466, 155, 129692.5, TO_DATE('12-9-2001','DD-MM-YYYY'), NULL);
INSERT INTO SavingsAccount(AccountAccountID, InterestRate, DurationYears) VALUES (939, 0.05, 7);
INSERT INTO Transfer(AccountAccountIDFrom, AccountAccountIDTo, TransferDate, Amount) VALUES (938, 939, TO_DATE('12-9-2001','DD-MM-YYYY'), 129692.5);
INSERT INTO Person(GovID,Name, PhoneNumber, Email, Address, Birthday, Nationality) VALUES (1111121594,'Larhonda eco','900010483', 'Larhonda_eco29@sapo.pt', 'Zwickau, Germany', TO_DATE('12-11-1995','DD-MM-YYYY'), 'Germany');
INSERT INTO Costumer(PersonGovID) VALUES (1111121594);
INSERT INTO Account(CostumerCostumerID, BranchBranchID, Amount, BeginDate, EndDate) VALUES (467, 308, 68404.0, TO_DATE('26-2-2004','DD-MM-YYYY'), NULL);
INSERT INTO CurrentAccount(AccountAccountID, MaximumWithdraw) VALUES (940, 400);
INSERT INTO Deposit(AccountAccountID, DepositDate, Amount) VALUES (940, TO_DATE('26-2-2004','DD-MM-YYYY'),273616);
INSERT INTO Withdraw(CurrentAccountAccountID, WithdrawDate, Amount) VALUES (940, TO_DATE('26-2-2004','DD-MM-YYYY'), 68404.0);
INSERT INTO Account(CostumerCostumerID, BranchBranchID, Amount, BeginDate, EndDate) VALUES (467, 308, 136808.0, TO_DATE('26-2-2004','DD-MM-YYYY'), NULL);
INSERT INTO SavingsAccount(AccountAccountID, InterestRate, DurationYears) VALUES (941, 0.05, 5);
INSERT INTO Transfer(AccountAccountIDFrom, AccountAccountIDTo, TransferDate, Amount) VALUES (940, 941, TO_DATE('26-2-2004','DD-MM-YYYY'), 136808.0);
INSERT INTO Person(GovID,Name, PhoneNumber, Email, Address, Birthday, Nationality) VALUES (1111121595,'Larion eco','900010484', 'Larion_eco77@sapo.pt', 'Aledo, Spain', TO_DATE('22-1-1968','DD-MM-YYYY'), 'Spain');
INSERT INTO Costumer(PersonGovID) VALUES (1111121595);
INSERT INTO Account(CostumerCostumerID, BranchBranchID, Amount, BeginDate, EndDate) VALUES (468, 91, 47173.0, TO_DATE('5-5-2015','DD-MM-YYYY'), NULL);
INSERT INTO CurrentAccount(AccountAccountID, MaximumWithdraw) VALUES (942, 400);
INSERT INTO Deposit(AccountAccountID, DepositDate, Amount) VALUES (942, TO_DATE('5-5-2015','DD-MM-YYYY'),188692);
INSERT INTO Withdraw(CurrentAccountAccountID, WithdrawDate, Amount) VALUES (942, TO_DATE('5-5-2015','DD-MM-YYYY'), 47173.0);
INSERT INTO Account(CostumerCostumerID, BranchBranchID, Amount, BeginDate, EndDate) VALUES (468, 91, 94346.0, TO_DATE('5-5-2015','DD-MM-YYYY'), NULL);
INSERT INTO SavingsAccount(AccountAccountID, InterestRate, DurationYears) VALUES (943, 0.05, 8);
INSERT INTO Transfer(AccountAccountIDFrom, AccountAccountIDTo, TransferDate, Amount) VALUES (942, 943, TO_DATE('5-5-2015','DD-MM-YYYY'), 94346.0);
INSERT INTO Person(GovID,Name, PhoneNumber, Email, Address, Birthday, Nationality) VALUES (1111121596,'Larisa eco','900010485', 'Larisa_eco97@sapo.pt', 'Lindau, Germany', TO_DATE('28-6-2008','DD-MM-YYYY'), 'Germany');
INSERT INTO Costumer(PersonGovID) VALUES (1111121596);
INSERT INTO Account(CostumerCostumerID, BranchBranchID, Amount, BeginDate, EndDate) VALUES (469, 536, 191368.75, TO_DATE('14-9-2000','DD-MM-YYYY'), NULL);
INSERT INTO CurrentAccount(AccountAccountID, MaximumWithdraw) VALUES (944, 400);
INSERT INTO Deposit(AccountAccountID, DepositDate, Amount) VALUES (944, TO_DATE('14-9-2000','DD-MM-YYYY'),765475);
INSERT INTO Withdraw(CurrentAccountAccountID, WithdrawDate, Amount) VALUES (944, TO_DATE('14-9-2000','DD-MM-YYYY'), 191368.75);
INSERT INTO Account(CostumerCostumerID, BranchBranchID, Amount, BeginDate, EndDate) VALUES (469, 536, 382737.5, TO_DATE('14-9-2000','DD-MM-YYYY'), NULL);
INSERT INTO SavingsAccount(AccountAccountID, InterestRate, DurationYears) VALUES (945, 0.05, 9);
INSERT INTO Transfer(AccountAccountIDFrom, AccountAccountIDTo, TransferDate, Amount) VALUES (944, 945, TO_DATE('14-9-2000','DD-MM-YYYY'), 382737.5);
INSERT INTO Person(GovID,Name, PhoneNumber, Email, Address, Birthday, Nationality) VALUES (1111121597,'Larissa eco','900010486', 'Larissa_eco27@sapo.pt', 'Riomaggiore, Italy', TO_DATE('12-6-1961','DD-MM-YYYY'), 'Italy');
INSERT INTO Costumer(PersonGovID) VALUES (1111121597);
INSERT INTO Account(CostumerCostumerID, BranchBranchID, Amount, BeginDate, EndDate) VALUES (470, 1202, 105614.0, TO_DATE('27-11-2011','DD-MM-YYYY'), NULL);
INSERT INTO CurrentAccount(AccountAccountID, MaximumWithdraw) VALUES (946, 400);
INSERT INTO Deposit(AccountAccountID, DepositDate, Amount) VALUES (946, TO_DATE('27-11-2011','DD-MM-YYYY'),422456);
INSERT INTO Withdraw(CurrentAccountAccountID, WithdrawDate, Amount) VALUES (946, TO_DATE('27-11-2011','DD-MM-YYYY'), 105614.0);
INSERT INTO Account(CostumerCostumerID, BranchBranchID, Amount, BeginDate, EndDate) VALUES (470, 1202, 211228.0, TO_DATE('27-11-2011','DD-MM-YYYY'), NULL);
INSERT INTO SavingsAccount(AccountAccountID, InterestRate, DurationYears) VALUES (947, 0.05, 8);
INSERT INTO Transfer(AccountAccountIDFrom, AccountAccountIDTo, TransferDate, Amount) VALUES (946, 947, TO_DATE('27-11-2011','DD-MM-YYYY'), 211228.0);
INSERT INTO Person(GovID,Name, PhoneNumber, Email, Address, Birthday, Nationality) VALUES (1111121598,'Larita eco','900010487', 'Larita_eco10@sapo.pt', 'Sankt Johann im Pongau, Austria', TO_DATE('3-5-1997','DD-MM-YYYY'), 'Austria');
INSERT INTO Costumer(PersonGovID) VALUES (1111121598);
INSERT INTO Account(CostumerCostumerID, BranchBranchID, Amount, BeginDate, EndDate) VALUES (471, 1138, 33607.0, TO_DATE('26-2-2016','DD-MM-YYYY'), NULL);
INSERT INTO CurrentAccount(AccountAccountID, MaximumWithdraw) VALUES (948, 400);
INSERT INTO Deposit(AccountAccountID, DepositDate, Amount) VALUES (948, TO_DATE('26-2-2016','DD-MM-YYYY'),134428);
INSERT INTO Withdraw(CurrentAccountAccountID, WithdrawDate, Amount) VALUES (948, TO_DATE('26-2-2016','DD-MM-YYYY'), 33607.0);
INSERT INTO Account(CostumerCostumerID, BranchBranchID, Amount, BeginDate, EndDate) VALUES (471, 1138, 67214.0, TO_DATE('26-2-2016','DD-MM-YYYY'), NULL);
INSERT INTO SavingsAccount(AccountAccountID, InterestRate, DurationYears) VALUES (949, 0.05, 6);
INSERT INTO Transfer(AccountAccountIDFrom, AccountAccountIDTo, TransferDate, Amount) VALUES (948, 949, TO_DATE('26-2-2016','DD-MM-YYYY'), 67214.0);
INSERT INTO Person(GovID,Name, PhoneNumber, Email, Address, Birthday, Nationality) VALUES (1111121599,'Laritza eco','900010488', 'Laritza_eco78@sapo.pt', 'Dunaujvaros, Hungary', TO_DATE('17-5-2001','DD-MM-YYYY'), 'Hungary');
INSERT INTO Costumer(PersonGovID) VALUES (1111121599);
INSERT INTO Account(CostumerCostumerID, BranchBranchID, Amount, BeginDate, EndDate) VALUES (472, 739, 85481.25, TO_DATE('24-5-2001','DD-MM-YYYY'), NULL);
INSERT INTO CurrentAccount(AccountAccountID, MaximumWithdraw) VALUES (950, 400);
INSERT INTO Deposit(AccountAccountID, DepositDate, Amount) VALUES (950, TO_DATE('24-5-2001','DD-MM-YYYY'),341925);
INSERT INTO Withdraw(CurrentAccountAccountID, WithdrawDate, Amount) VALUES (950, TO_DATE('24-5-2001','DD-MM-YYYY'), 85481.25);
INSERT INTO Account(CostumerCostumerID, BranchBranchID, Amount, BeginDate, EndDate) VALUES (472, 739, 170962.5, TO_DATE('24-5-2001','DD-MM-YYYY'), NULL);
INSERT INTO SavingsAccount(AccountAccountID, InterestRate, DurationYears) VALUES (951, 0.05, 3);
INSERT INTO Transfer(AccountAccountIDFrom, AccountAccountIDTo, TransferDate, Amount) VALUES (950, 951, TO_DATE('24-5-2001','DD-MM-YYYY'), 170962.5);
INSERT INTO Person(GovID,Name, PhoneNumber, Email, Address, Birthday, Nationality) VALUES (1111121600,'Laro eco','900010489', 'Laro_eco76@sapo.pt', 'Horta, Portugal', TO_DATE('15-7-1995','DD-MM-YYYY'), 'Portugal');
INSERT INTO Costumer(PersonGovID) VALUES (1111121600);
INSERT INTO Account(CostumerCostumerID, BranchBranchID, Amount, BeginDate, EndDate) VALUES (473, 590, 240832.5, TO_DATE('8-4-2008','DD-MM-YYYY'), NULL);
INSERT INTO CurrentAccount(AccountAccountID, MaximumWithdraw) VALUES (952, 400);
INSERT INTO Deposit(AccountAccountID, DepositDate, Amount) VALUES (952, TO_DATE('8-4-2008','DD-MM-YYYY'),963330);
INSERT INTO Withdraw(CurrentAccountAccountID, WithdrawDate, Amount) VALUES (952, TO_DATE('8-4-2008','DD-MM-YYYY'), 240832.5);
INSERT INTO Account(CostumerCostumerID, BranchBranchID, Amount, BeginDate, EndDate) VALUES (473, 590, 481665.0, TO_DATE('8-4-2008','DD-MM-YYYY'), NULL);
INSERT INTO SavingsAccount(AccountAccountID, InterestRate, DurationYears) VALUES (953, 0.05, 3);
INSERT INTO Transfer(AccountAccountIDFrom, AccountAccountIDTo, TransferDate, Amount) VALUES (952, 953, TO_DATE('8-4-2008','DD-MM-YYYY'), 481665.0);
INSERT INTO Person(GovID,Name, PhoneNumber, Email, Address, Birthday, Nationality) VALUES (1111121601,'Laronda eco','900010490', 'Laronda_eco49@sapo.pt', 'Lleida, Spain', TO_DATE('2-4-1965','DD-MM-YYYY'), 'Spain');
INSERT INTO Costumer(PersonGovID) VALUES (1111121601);
INSERT INTO Account(CostumerCostumerID, BranchBranchID, Amount, BeginDate, EndDate) VALUES (474, 70, 112849.75, TO_DATE('9-5-2016','DD-MM-YYYY'), NULL);
INSERT INTO CurrentAccount(AccountAccountID, MaximumWithdraw) VALUES (954, 400);
INSERT INTO Deposit(AccountAccountID, DepositDate, Amount) VALUES (954, TO_DATE('9-5-2016','DD-MM-YYYY'),451399);
INSERT INTO Withdraw(CurrentAccountAccountID, WithdrawDate, Amount) VALUES (954, TO_DATE('9-5-2016','DD-MM-YYYY'), 112849.75);
INSERT INTO Account(CostumerCostumerID, BranchBranchID, Amount, BeginDate, EndDate) VALUES (474, 70, 225699.5, TO_DATE('9-5-2016','DD-MM-YYYY'), NULL);
INSERT INTO SavingsAccount(AccountAccountID, InterestRate, DurationYears) VALUES (955, 0.05, 5);
INSERT INTO Transfer(AccountAccountIDFrom, AccountAccountIDTo, TransferDate, Amount) VALUES (954, 955, TO_DATE('9-5-2016','DD-MM-YYYY'), 225699.5);
INSERT INTO Person(GovID,Name, PhoneNumber, Email, Address, Birthday, Nationality) VALUES (1111121602,'Larosi eco','900010491', 'Larosi_eco5@sapo.pt', 'Geilenkirchen, Germany', TO_DATE('19-12-1962','DD-MM-YYYY'), 'Germany');
INSERT INTO Costumer(PersonGovID) VALUES (1111121602);
INSERT INTO Account(CostumerCostumerID, BranchBranchID, Amount, BeginDate, EndDate) VALUES (475, 1123, 143034.25, TO_DATE('18-11-2007','DD-MM-YYYY'), NULL);
INSERT INTO CurrentAccount(AccountAccountID, MaximumWithdraw) VALUES (956, 400);
INSERT INTO Deposit(AccountAccountID, DepositDate, Amount) VALUES (956, TO_DATE('18-11-2007','DD-MM-YYYY'),572137);
INSERT INTO Withdraw(CurrentAccountAccountID, WithdrawDate, Amount) VALUES (956, TO_DATE('18-11-2007','DD-MM-YYYY'), 143034.25);
INSERT INTO Account(CostumerCostumerID, BranchBranchID, Amount, BeginDate, EndDate) VALUES (475, 1123, 286068.5, TO_DATE('18-11-2007','DD-MM-YYYY'), NULL);
INSERT INTO SavingsAccount(AccountAccountID, InterestRate, DurationYears) VALUES (957, 0.05, 4);
INSERT INTO Transfer(AccountAccountIDFrom, AccountAccountIDTo, TransferDate, Amount) VALUES (956, 957, TO_DATE('18-11-2007','DD-MM-YYYY'), 286068.5);
INSERT INTO Person(GovID,Name, PhoneNumber, Email, Address, Birthday, Nationality) VALUES (1111121603,'Larraine eco','900010492', 'Larraine_eco87@sapo.pt', 'Lokeren, Belgium', TO_DATE('8-4-1976','DD-MM-YYYY'), 'Belgium');
INSERT INTO Costumer(PersonGovID) VALUES (1111121603);
INSERT INTO Account(CostumerCostumerID, BranchBranchID, Amount, BeginDate, EndDate) VALUES (476, 92, 167944.25, TO_DATE('21-6-2001','DD-MM-YYYY'), NULL);
INSERT INTO CurrentAccount(AccountAccountID, MaximumWithdraw) VALUES (958, 400);
INSERT INTO Deposit(AccountAccountID, DepositDate, Amount) VALUES (958, TO_DATE('21-6-2001','DD-MM-YYYY'),671777);
INSERT INTO Withdraw(CurrentAccountAccountID, WithdrawDate, Amount) VALUES (958, TO_DATE('21-6-2001','DD-MM-YYYY'), 167944.25);
INSERT INTO Account(CostumerCostumerID, BranchBranchID, Amount, BeginDate, EndDate) VALUES (476, 92, 335888.5, TO_DATE('21-6-2001','DD-MM-YYYY'), NULL);
INSERT INTO SavingsAccount(AccountAccountID, InterestRate, DurationYears) VALUES (959, 0.05, 7);
INSERT INTO Transfer(AccountAccountIDFrom, AccountAccountIDTo, TransferDate, Amount) VALUES (958, 959, TO_DATE('21-6-2001','DD-MM-YYYY'), 335888.5);
INSERT INTO Person(GovID,Name, PhoneNumber, Email, Address, Birthday, Nationality) VALUES (1111121604,'Larraitz eco','900010493', 'Larraitz_eco31@sapo.pt', 'Sevres, France', TO_DATE('4-4-2007','DD-MM-YYYY'), 'France');
INSERT INTO Costumer(PersonGovID) VALUES (1111121604);
INSERT INTO Account(CostumerCostumerID, BranchBranchID, Amount, BeginDate, EndDate) VALUES (477, 337, 71752.5, TO_DATE('2-8-2008','DD-MM-YYYY'), NULL);
INSERT INTO CurrentAccount(AccountAccountID, MaximumWithdraw) VALUES (960, 400);
INSERT INTO Deposit(AccountAccountID, DepositDate, Amount) VALUES (960, TO_DATE('2-8-2008','DD-MM-YYYY'),287010);
INSERT INTO Withdraw(CurrentAccountAccountID, WithdrawDate, Amount) VALUES (960, TO_DATE('2-8-2008','DD-MM-YYYY'), 71752.5);
INSERT INTO Account(CostumerCostumerID, BranchBranchID, Amount, BeginDate, EndDate) VALUES (477, 337, 143505.0, TO_DATE('2-8-2008','DD-MM-YYYY'), NULL);
INSERT INTO SavingsAccount(AccountAccountID, InterestRate, DurationYears) VALUES (961, 0.05, 8);
INSERT INTO Transfer(AccountAccountIDFrom, AccountAccountIDTo, TransferDate, Amount) VALUES (960, 961, TO_DATE('2-8-2008','DD-MM-YYYY'), 143505.0);
INSERT INTO Person(GovID,Name, PhoneNumber, Email, Address, Birthday, Nationality) VALUES (1111121605,'Larry eco','900010494', 'Larry_eco73@sapo.pt', 'Budingen, Germany', TO_DATE('4-8-1981','DD-MM-YYYY'), 'Germany');
INSERT INTO Costumer(PersonGovID) VALUES (1111121605);
INSERT INTO Account(CostumerCostumerID, BranchBranchID, Amount, BeginDate, EndDate) VALUES (478, 271, 73929.75, TO_DATE('27-11-2017','DD-MM-YYYY'), NULL);
INSERT INTO CurrentAccount(AccountAccountID, MaximumWithdraw) VALUES (962, 400);
INSERT INTO Deposit(AccountAccountID, DepositDate, Amount) VALUES (962, TO_DATE('27-11-2017','DD-MM-YYYY'),295719);
INSERT INTO Withdraw(CurrentAccountAccountID, WithdrawDate, Amount) VALUES (962, TO_DATE('27-11-2017','DD-MM-YYYY'), 73929.75);
INSERT INTO Account(CostumerCostumerID, BranchBranchID, Amount, BeginDate, EndDate) VALUES (478, 271, 147859.5, TO_DATE('27-11-2017','DD-MM-YYYY'), NULL);
INSERT INTO SavingsAccount(AccountAccountID, InterestRate, DurationYears) VALUES (963, 0.05, 9);
INSERT INTO Transfer(AccountAccountIDFrom, AccountAccountIDTo, TransferDate, Amount) VALUES (962, 963, TO_DATE('27-11-2017','DD-MM-YYYY'), 147859.5);
INSERT INTO Person(GovID,Name, PhoneNumber, Email, Address, Birthday, Nationality) VALUES (1111121606,'Lars eco','900010495', 'Lars_eco96@sapo.pt', 'Lainate, Italy', TO_DATE('2-8-1960','DD-MM-YYYY'), 'Italy');
INSERT INTO Costumer(PersonGovID) VALUES (1111121606);
INSERT INTO Account(CostumerCostumerID, BranchBranchID, Amount, BeginDate, EndDate) VALUES (479, 978, 129943.5, TO_DATE('27-8-2007','DD-MM-YYYY'), NULL);
INSERT INTO CurrentAccount(AccountAccountID, MaximumWithdraw) VALUES (964, 400);
INSERT INTO Deposit(AccountAccountID, DepositDate, Amount) VALUES (964, TO_DATE('27-8-2007','DD-MM-YYYY'),519774);
INSERT INTO Withdraw(CurrentAccountAccountID, WithdrawDate, Amount) VALUES (964, TO_DATE('27-8-2007','DD-MM-YYYY'), 129943.5);
INSERT INTO Account(CostumerCostumerID, BranchBranchID, Amount, BeginDate, EndDate) VALUES (479, 978, 259887.0, TO_DATE('27-8-2007','DD-MM-YYYY'), NULL);
INSERT INTO SavingsAccount(AccountAccountID, InterestRate, DurationYears) VALUES (965, 0.05, 5);
INSERT INTO Transfer(AccountAccountIDFrom, AccountAccountIDTo, TransferDate, Amount) VALUES (964, 965, TO_DATE('27-8-2007','DD-MM-YYYY'), 259887.0);
INSERT INTO Person(GovID,Name, PhoneNumber, Email, Address, Birthday, Nationality) VALUES (1111121607,'Larue eco','900010496', 'Larue_eco85@sapo.pt', 'Ronda, Spain', TO_DATE('24-12-1984','DD-MM-YYYY'), 'Spain');
INSERT INTO Costumer(PersonGovID) VALUES (1111121607);
INSERT INTO Account(CostumerCostumerID, BranchBranchID, Amount, BeginDate, EndDate) VALUES (480, 48, 119800.75, TO_DATE('22-5-2006','DD-MM-YYYY'), NULL);
INSERT INTO CurrentAccount(AccountAccountID, MaximumWithdraw) VALUES (966, 400);
INSERT INTO Deposit(AccountAccountID, DepositDate, Amount) VALUES (966, TO_DATE('22-5-2006','DD-MM-YYYY'),479203);
INSERT INTO Withdraw(CurrentAccountAccountID, WithdrawDate, Amount) VALUES (966, TO_DATE('22-5-2006','DD-MM-YYYY'), 119800.75);
INSERT INTO Account(CostumerCostumerID, BranchBranchID, Amount, BeginDate, EndDate) VALUES (480, 48, 239601.5, TO_DATE('22-5-2006','DD-MM-YYYY'), NULL);
INSERT INTO SavingsAccount(AccountAccountID, InterestRate, DurationYears) VALUES (967, 0.05, 5);
INSERT INTO Transfer(AccountAccountIDFrom, AccountAccountIDTo, TransferDate, Amount) VALUES (966, 967, TO_DATE('22-5-2006','DD-MM-YYYY'), 239601.5);
INSERT INTO Person(GovID,Name, PhoneNumber, Email, Address, Birthday, Nationality) VALUES (1111121608,'Larysa eco','900010497', 'Larysa_eco61@sapo.pt', 'Crespia, Spain', TO_DATE('13-12-2000','DD-MM-YYYY'), 'Spain');
INSERT INTO Costumer(PersonGovID) VALUES (1111121608);
INSERT INTO Account(CostumerCostumerID, BranchBranchID, Amount, BeginDate, EndDate) VALUES (481, 1208, 156992.25, TO_DATE('14-5-2005','DD-MM-YYYY'), NULL);
INSERT INTO CurrentAccount(AccountAccountID, MaximumWithdraw) VALUES (968, 400);
INSERT INTO Deposit(AccountAccountID, DepositDate, Amount) VALUES (968, TO_DATE('14-5-2005','DD-MM-YYYY'),627969);
INSERT INTO Withdraw(CurrentAccountAccountID, WithdrawDate, Amount) VALUES (968, TO_DATE('14-5-2005','DD-MM-YYYY'), 156992.25);
INSERT INTO Account(CostumerCostumerID, BranchBranchID, Amount, BeginDate, EndDate) VALUES (481, 1208, 313984.5, TO_DATE('14-5-2005','DD-MM-YYYY'), NULL);
INSERT INTO SavingsAccount(AccountAccountID, InterestRate, DurationYears) VALUES (969, 0.05, 7);
INSERT INTO Transfer(AccountAccountIDFrom, AccountAccountIDTo, TransferDate, Amount) VALUES (968, 969, TO_DATE('14-5-2005','DD-MM-YYYY'), 313984.5);
INSERT INTO Person(GovID,Name, PhoneNumber, Email, Address, Birthday, Nationality) VALUES (1111121609,'Lasana eco','900010498', 'Lasana_eco65@sapo.pt', 'Thiva, Greece', TO_DATE('5-9-1951','DD-MM-YYYY'), 'Greece');
INSERT INTO Costumer(PersonGovID) VALUES (1111121609);
INSERT INTO Account(CostumerCostumerID, BranchBranchID, Amount, BeginDate, EndDate) VALUES (482, 291, 242634.0, TO_DATE('6-10-2005','DD-MM-YYYY'), NULL);
INSERT INTO CurrentAccount(AccountAccountID, MaximumWithdraw) VALUES (970, 400);
INSERT INTO Deposit(AccountAccountID, DepositDate, Amount) VALUES (970, TO_DATE('6-10-2005','DD-MM-YYYY'),970536);
INSERT INTO Withdraw(CurrentAccountAccountID, WithdrawDate, Amount) VALUES (970, TO_DATE('6-10-2005','DD-MM-YYYY'), 242634.0);
INSERT INTO Account(CostumerCostumerID, BranchBranchID, Amount, BeginDate, EndDate) VALUES (482, 291, 485268.0, TO_DATE('6-10-2005','DD-MM-YYYY'), NULL);
INSERT INTO SavingsAccount(AccountAccountID, InterestRate, DurationYears) VALUES (971, 0.05, 9);
INSERT INTO Transfer(AccountAccountIDFrom, AccountAccountIDTo, TransferDate, Amount) VALUES (970, 971, TO_DATE('6-10-2005','DD-MM-YYYY'), 485268.0);
INSERT INTO Person(GovID,Name, PhoneNumber, Email, Address, Birthday, Nationality) VALUES (1111121610,'Lasandra eco','900010499', 'Lasandra_eco74@sapo.pt', 'Konstanz, Germany', TO_DATE('7-5-1998','DD-MM-YYYY'), 'Germany');
INSERT INTO Costumer(PersonGovID) VALUES (1111121610);
INSERT INTO Account(CostumerCostumerID, BranchBranchID, Amount, BeginDate, EndDate) VALUES (483, 758, 13106.5, TO_DATE('6-8-2005','DD-MM-YYYY'), NULL);
INSERT INTO CurrentAccount(AccountAccountID, MaximumWithdraw) VALUES (972, 400);
INSERT INTO Deposit(AccountAccountID, DepositDate, Amount) VALUES (972, TO_DATE('6-8-2005','DD-MM-YYYY'),52426);
INSERT INTO Withdraw(CurrentAccountAccountID, WithdrawDate, Amount) VALUES (972, TO_DATE('6-8-2005','DD-MM-YYYY'), 13106.5);
INSERT INTO Account(CostumerCostumerID, BranchBranchID, Amount, BeginDate, EndDate) VALUES (483, 758, 26213.0, TO_DATE('6-8-2005','DD-MM-YYYY'), NULL);
INSERT INTO SavingsAccount(AccountAccountID, InterestRate, DurationYears) VALUES (973, 0.05, 6);
INSERT INTO Transfer(AccountAccountIDFrom, AccountAccountIDTo, TransferDate, Amount) VALUES (972, 973, TO_DATE('6-8-2005','DD-MM-YYYY'), 26213.0);
INSERT INTO Person(GovID,Name, PhoneNumber, Email, Address, Birthday, Nationality) VALUES (1111121611,'Lasha eco','900010500', 'Lasha_eco46@sapo.pt', 'Las Palmas, Spain', TO_DATE('4-9-1987','DD-MM-YYYY'), 'Spain');
INSERT INTO Costumer(PersonGovID) VALUES (1111121611);
INSERT INTO Account(CostumerCostumerID, BranchBranchID, Amount, BeginDate, EndDate) VALUES (484, 930, 28972.5, TO_DATE('12-12-2001','DD-MM-YYYY'), NULL);
INSERT INTO CurrentAccount(AccountAccountID, MaximumWithdraw) VALUES (974, 400);
INSERT INTO Deposit(AccountAccountID, DepositDate, Amount) VALUES (974, TO_DATE('12-12-2001','DD-MM-YYYY'),115890);
INSERT INTO Withdraw(CurrentAccountAccountID, WithdrawDate, Amount) VALUES (974, TO_DATE('12-12-2001','DD-MM-YYYY'), 28972.5);
INSERT INTO Account(CostumerCostumerID, BranchBranchID, Amount, BeginDate, EndDate) VALUES (484, 930, 57945.0, TO_DATE('12-12-2001','DD-MM-YYYY'), NULL);
INSERT INTO SavingsAccount(AccountAccountID, InterestRate, DurationYears) VALUES (975, 0.05, 10);
INSERT INTO Transfer(AccountAccountIDFrom, AccountAccountIDTo, TransferDate, Amount) VALUES (974, 975, TO_DATE('12-12-2001','DD-MM-YYYY'), 57945.0);
INSERT INTO Person(GovID,Name, PhoneNumber, Email, Address, Birthday, Nationality) VALUES (1111121612,'Lashanda eco','900010501', 'Lashanda_eco11@sapo.pt', 'Agios Nikolaos, Greece', TO_DATE('1-11-2008','DD-MM-YYYY'), 'Greece');
INSERT INTO Costumer(PersonGovID) VALUES (1111121612);
INSERT INTO Account(CostumerCostumerID, BranchBranchID, Amount, BeginDate, EndDate) VALUES (485, 391, 173216.25, TO_DATE('19-10-2015','DD-MM-YYYY'), NULL);
INSERT INTO CurrentAccount(AccountAccountID, MaximumWithdraw) VALUES (976, 400);
INSERT INTO Deposit(AccountAccountID, DepositDate, Amount) VALUES (976, TO_DATE('19-10-2015','DD-MM-YYYY'),692865);
INSERT INTO Withdraw(CurrentAccountAccountID, WithdrawDate, Amount) VALUES (976, TO_DATE('19-10-2015','DD-MM-YYYY'), 173216.25);
INSERT INTO Account(CostumerCostumerID, BranchBranchID, Amount, BeginDate, EndDate) VALUES (485, 391, 346432.5, TO_DATE('19-10-2015','DD-MM-YYYY'), NULL);
INSERT INTO SavingsAccount(AccountAccountID, InterestRate, DurationYears) VALUES (977, 0.05, 5);
INSERT INTO Transfer(AccountAccountIDFrom, AccountAccountIDTo, TransferDate, Amount) VALUES (976, 977, TO_DATE('19-10-2015','DD-MM-YYYY'), 346432.5);
INSERT INTO Person(GovID,Name, PhoneNumber, Email, Address, Birthday, Nationality) VALUES (1111121613,'Lashandra eco','900010502', 'Lashandra_eco82@sapo.pt', 'Kamp-Lintfort, Germany', TO_DATE('16-6-1957','DD-MM-YYYY'), 'Germany');
INSERT INTO Costumer(PersonGovID) VALUES (1111121613);
INSERT INTO Account(CostumerCostumerID, BranchBranchID, Amount, BeginDate, EndDate) VALUES (486, 533, 237375.0, TO_DATE('15-6-2006','DD-MM-YYYY'), NULL);
INSERT INTO CurrentAccount(AccountAccountID, MaximumWithdraw) VALUES (978, 400);
INSERT INTO Deposit(AccountAccountID, DepositDate, Amount) VALUES (978, TO_DATE('15-6-2006','DD-MM-YYYY'),949500);
INSERT INTO Withdraw(CurrentAccountAccountID, WithdrawDate, Amount) VALUES (978, TO_DATE('15-6-2006','DD-MM-YYYY'), 237375.0);
INSERT INTO Account(CostumerCostumerID, BranchBranchID, Amount, BeginDate, EndDate) VALUES (486, 533, 474750.0, TO_DATE('15-6-2006','DD-MM-YYYY'), NULL);
INSERT INTO SavingsAccount(AccountAccountID, InterestRate, DurationYears) VALUES (979, 0.05, 10);
INSERT INTO Transfer(AccountAccountIDFrom, AccountAccountIDTo, TransferDate, Amount) VALUES (978, 979, TO_DATE('15-6-2006','DD-MM-YYYY'), 474750.0);
INSERT INTO Person(GovID,Name, PhoneNumber, Email, Address, Birthday, Nationality) VALUES (1111121614,'Lashaun eco','900010503', 'Lashaun_eco40@sapo.pt', 'Meylan, France', TO_DATE('27-6-1990','DD-MM-YYYY'), 'France');
INSERT INTO Costumer(PersonGovID) VALUES (1111121614);
INSERT INTO Account(CostumerCostumerID, BranchBranchID, Amount, BeginDate, EndDate) VALUES (487, 1034, 214428.5, TO_DATE('4-6-2005','DD-MM-YYYY'), NULL);
INSERT INTO CurrentAccount(AccountAccountID, MaximumWithdraw) VALUES (980, 400);
INSERT INTO Deposit(AccountAccountID, DepositDate, Amount) VALUES (980, TO_DATE('4-6-2005','DD-MM-YYYY'),857714);
INSERT INTO Withdraw(CurrentAccountAccountID, WithdrawDate, Amount) VALUES (980, TO_DATE('4-6-2005','DD-MM-YYYY'), 214428.5);
INSERT INTO Account(CostumerCostumerID, BranchBranchID, Amount, BeginDate, EndDate) VALUES (487, 1034, 428857.0, TO_DATE('4-6-2005','DD-MM-YYYY'), NULL);
INSERT INTO SavingsAccount(AccountAccountID, InterestRate, DurationYears) VALUES (981, 0.05, 3);
INSERT INTO Transfer(AccountAccountIDFrom, AccountAccountIDTo, TransferDate, Amount) VALUES (980, 981, TO_DATE('4-6-2005','DD-MM-YYYY'), 428857.0);
INSERT INTO Person(GovID,Name, PhoneNumber, Email, Address, Birthday, Nationality) VALUES (1111121615,'Lashaunda eco','900010504', 'Lashaunda_eco70@sapo.pt', 'Untersteinach, Germany', TO_DATE('17-6-1981','DD-MM-YYYY'), 'Germany');
INSERT INTO Costumer(PersonGovID) VALUES (1111121615);
INSERT INTO Account(CostumerCostumerID, BranchBranchID, Amount, BeginDate, EndDate) VALUES (488, 249, 209285.75, TO_DATE('12-9-2007','DD-MM-YYYY'), NULL);
INSERT INTO CurrentAccount(AccountAccountID, MaximumWithdraw) VALUES (982, 400);
INSERT INTO Deposit(AccountAccountID, DepositDate, Amount) VALUES (982, TO_DATE('12-9-2007','DD-MM-YYYY'),837143);
INSERT INTO Withdraw(CurrentAccountAccountID, WithdrawDate, Amount) VALUES (982, TO_DATE('12-9-2007','DD-MM-YYYY'), 209285.75);
INSERT INTO Account(CostumerCostumerID, BranchBranchID, Amount, BeginDate, EndDate) VALUES (488, 249, 418571.5, TO_DATE('12-9-2007','DD-MM-YYYY'), NULL);
INSERT INTO SavingsAccount(AccountAccountID, InterestRate, DurationYears) VALUES (983, 0.05, 6);
INSERT INTO Transfer(AccountAccountIDFrom, AccountAccountIDTo, TransferDate, Amount) VALUES (982, 983, TO_DATE('12-9-2007','DD-MM-YYYY'), 418571.5);
INSERT INTO Person(GovID,Name, PhoneNumber, Email, Address, Birthday, Nationality) VALUES (1111121616,'Lashawn eco','900010505', 'Lashawn_eco39@sapo.pt', 'Munster, Germany', TO_DATE('24-7-1961','DD-MM-YYYY'), 'Germany');
INSERT INTO Costumer(PersonGovID) VALUES (1111121616);
INSERT INTO Account(CostumerCostumerID, BranchBranchID, Amount, BeginDate, EndDate) VALUES (489, 673, 164480.25, TO_DATE('5-12-2008','DD-MM-YYYY'), NULL);
INSERT INTO CurrentAccount(AccountAccountID, MaximumWithdraw) VALUES (984, 400);
INSERT INTO Deposit(AccountAccountID, DepositDate, Amount) VALUES (984, TO_DATE('5-12-2008','DD-MM-YYYY'),657921);
INSERT INTO Withdraw(CurrentAccountAccountID, WithdrawDate, Amount) VALUES (984, TO_DATE('5-12-2008','DD-MM-YYYY'), 164480.25);
INSERT INTO Account(CostumerCostumerID, BranchBranchID, Amount, BeginDate, EndDate) VALUES (489, 673, 328960.5, TO_DATE('5-12-2008','DD-MM-YYYY'), NULL);
INSERT INTO SavingsAccount(AccountAccountID, InterestRate, DurationYears) VALUES (985, 0.05, 5);
INSERT INTO Transfer(AccountAccountIDFrom, AccountAccountIDTo, TransferDate, Amount) VALUES (984, 985, TO_DATE('5-12-2008','DD-MM-YYYY'), 328960.5);
INSERT INTO Person(GovID,Name, PhoneNumber, Email, Address, Birthday, Nationality) VALUES (1111121617,'Lashawna eco','900010506', 'Lashawna_eco21@sapo.pt', 'Zottegem, Belgium', TO_DATE('5-1-2008','DD-MM-YYYY'), 'Belgium');
INSERT INTO Costumer(PersonGovID) VALUES (1111121617);
INSERT INTO Account(CostumerCostumerID, BranchBranchID, Amount, BeginDate, EndDate) VALUES (490, 1248, 121317.5, TO_DATE('1-10-2007','DD-MM-YYYY'), NULL);
INSERT INTO CurrentAccount(AccountAccountID, MaximumWithdraw) VALUES (986, 400);
INSERT INTO Deposit(AccountAccountID, DepositDate, Amount) VALUES (986, TO_DATE('1-10-2007','DD-MM-YYYY'),485270);
INSERT INTO Withdraw(CurrentAccountAccountID, WithdrawDate, Amount) VALUES (986, TO_DATE('1-10-2007','DD-MM-YYYY'), 121317.5);
INSERT INTO Account(CostumerCostumerID, BranchBranchID, Amount, BeginDate, EndDate) VALUES (490, 1248, 242635.0, TO_DATE('1-10-2007','DD-MM-YYYY'), NULL);
INSERT INTO SavingsAccount(AccountAccountID, InterestRate, DurationYears) VALUES (987, 0.05, 4);
INSERT INTO Transfer(AccountAccountIDFrom, AccountAccountIDTo, TransferDate, Amount) VALUES (986, 987, TO_DATE('1-10-2007','DD-MM-YYYY'), 242635.0);
INSERT INTO Person(GovID,Name, PhoneNumber, Email, Address, Birthday, Nationality) VALUES (1111121618,'Lashawnda eco','900010507', 'Lashawnda_eco66@sapo.pt', 'Erfurt, Germany', TO_DATE('15-5-1997','DD-MM-YYYY'), 'Germany');
INSERT INTO Costumer(PersonGovID) VALUES (1111121618);
INSERT INTO Account(CostumerCostumerID, BranchBranchID, Amount, BeginDate, EndDate) VALUES (491, 805, 167922.25, TO_DATE('17-10-2010','DD-MM-YYYY'), NULL);
INSERT INTO CurrentAccount(AccountAccountID, MaximumWithdraw) VALUES (988, 400);
INSERT INTO Deposit(AccountAccountID, DepositDate, Amount) VALUES (988, TO_DATE('17-10-2010','DD-MM-YYYY'),671689);
INSERT INTO Withdraw(CurrentAccountAccountID, WithdrawDate, Amount) VALUES (988, TO_DATE('17-10-2010','DD-MM-YYYY'), 167922.25);
INSERT INTO Account(CostumerCostumerID, BranchBranchID, Amount, BeginDate, EndDate) VALUES (491, 805, 335844.5, TO_DATE('17-10-2010','DD-MM-YYYY'), NULL);
INSERT INTO SavingsAccount(AccountAccountID, InterestRate, DurationYears) VALUES (989, 0.05, 3);
INSERT INTO Transfer(AccountAccountIDFrom, AccountAccountIDTo, TransferDate, Amount) VALUES (988, 989, TO_DATE('17-10-2010','DD-MM-YYYY'), 335844.5);
INSERT INTO Person(GovID,Name, PhoneNumber, Email, Address, Birthday, Nationality) VALUES (1111121619,'Lashay eco','900010508', 'Lashay_eco43@sapo.pt', 'Kissamos, Greece', TO_DATE('28-2-2008','DD-MM-YYYY'), 'Greece');
INSERT INTO Costumer(PersonGovID) VALUES (1111121619);
INSERT INTO Account(CostumerCostumerID, BranchBranchID, Amount, BeginDate, EndDate) VALUES (492, 78, 91082.5, TO_DATE('26-3-2014','DD-MM-YYYY'), NULL);
INSERT INTO CurrentAccount(AccountAccountID, MaximumWithdraw) VALUES (990, 400);
INSERT INTO Deposit(AccountAccountID, DepositDate, Amount) VALUES (990, TO_DATE('26-3-2014','DD-MM-YYYY'),364330);
INSERT INTO Withdraw(CurrentAccountAccountID, WithdrawDate, Amount) VALUES (990, TO_DATE('26-3-2014','DD-MM-YYYY'), 91082.5);
INSERT INTO Account(CostumerCostumerID, BranchBranchID, Amount, BeginDate, EndDate) VALUES (492, 78, 182165.0, TO_DATE('26-3-2014','DD-MM-YYYY'), NULL);
INSERT INTO SavingsAccount(AccountAccountID, InterestRate, DurationYears) VALUES (991, 0.05, 3);
INSERT INTO Transfer(AccountAccountIDFrom, AccountAccountIDTo, TransferDate, Amount) VALUES (990, 991, TO_DATE('26-3-2014','DD-MM-YYYY'), 182165.0);
INSERT INTO Person(GovID,Name, PhoneNumber, Email, Address, Birthday, Nationality) VALUES (1111121620,'Lashell eco','900010509', 'Lashell_eco93@sapo.pt', 'Zalaegerszeg, Hungary', TO_DATE('14-6-2005','DD-MM-YYYY'), 'Hungary');
INSERT INTO Costumer(PersonGovID) VALUES (1111121620);
INSERT INTO Account(CostumerCostumerID, BranchBranchID, Amount, BeginDate, EndDate) VALUES (493, 866, 234132.0, TO_DATE('28-8-2013','DD-MM-YYYY'), NULL);
INSERT INTO CurrentAccount(AccountAccountID, MaximumWithdraw) VALUES (992, 400);
INSERT INTO Deposit(AccountAccountID, DepositDate, Amount) VALUES (992, TO_DATE('28-8-2013','DD-MM-YYYY'),936528);
INSERT INTO Withdraw(CurrentAccountAccountID, WithdrawDate, Amount) VALUES (992, TO_DATE('28-8-2013','DD-MM-YYYY'), 234132.0);
INSERT INTO Account(CostumerCostumerID, BranchBranchID, Amount, BeginDate, EndDate) VALUES (493, 866, 468264.0, TO_DATE('28-8-2013','DD-MM-YYYY'), NULL);
INSERT INTO SavingsAccount(AccountAccountID, InterestRate, DurationYears) VALUES (993, 0.05, 5);
INSERT INTO Transfer(AccountAccountIDFrom, AccountAccountIDTo, TransferDate, Amount) VALUES (992, 993, TO_DATE('28-8-2013','DD-MM-YYYY'), 468264.0);
INSERT INTO Person(GovID,Name, PhoneNumber, Email, Address, Birthday, Nationality) VALUES (1111121621,'Lashon eco','900010510', 'Lashon_eco41@sapo.pt', 'Valencia, Spain', TO_DATE('28-6-1988','DD-MM-YYYY'), 'Spain');
INSERT INTO Costumer(PersonGovID) VALUES (1111121621);
INSERT INTO Account(CostumerCostumerID, BranchBranchID, Amount, BeginDate, EndDate) VALUES (494, 206, 13423.75, TO_DATE('27-7-2004','DD-MM-YYYY'), NULL);
INSERT INTO CurrentAccount(AccountAccountID, MaximumWithdraw) VALUES (994, 400);
INSERT INTO Deposit(AccountAccountID, DepositDate, Amount) VALUES (994, TO_DATE('27-7-2004','DD-MM-YYYY'),53695);
INSERT INTO Withdraw(CurrentAccountAccountID, WithdrawDate, Amount) VALUES (994, TO_DATE('27-7-2004','DD-MM-YYYY'), 13423.75);
INSERT INTO Account(CostumerCostumerID, BranchBranchID, Amount, BeginDate, EndDate) VALUES (494, 206, 26847.5, TO_DATE('27-7-2004','DD-MM-YYYY'), NULL);
INSERT INTO SavingsAccount(AccountAccountID, InterestRate, DurationYears) VALUES (995, 0.05, 9);
INSERT INTO Transfer(AccountAccountIDFrom, AccountAccountIDTo, TransferDate, Amount) VALUES (994, 995, TO_DATE('27-7-2004','DD-MM-YYYY'), 26847.5);
INSERT INTO Person(GovID,Name, PhoneNumber, Email, Address, Birthday, Nationality) VALUES (1111121622,'Lashonda eco','900010511', 'Lashonda_eco5@sapo.pt', 'Scandiano, Italy', TO_DATE('20-5-1979','DD-MM-YYYY'), 'Italy');
INSERT INTO Costumer(PersonGovID) VALUES (1111121622);
INSERT INTO Account(CostumerCostumerID, BranchBranchID, Amount, BeginDate, EndDate) VALUES (495, 292, 171094.5, TO_DATE('3-10-2018','DD-MM-YYYY'), NULL);
INSERT INTO CurrentAccount(AccountAccountID, MaximumWithdraw) VALUES (996, 400);
INSERT INTO Deposit(AccountAccountID, DepositDate, Amount) VALUES (996, TO_DATE('3-10-2018','DD-MM-YYYY'),684378);
INSERT INTO Withdraw(CurrentAccountAccountID, WithdrawDate, Amount) VALUES (996, TO_DATE('3-10-2018','DD-MM-YYYY'), 171094.5);
INSERT INTO Account(CostumerCostumerID, BranchBranchID, Amount, BeginDate, EndDate) VALUES (495, 292, 342189.0, TO_DATE('3-10-2018','DD-MM-YYYY'), NULL);
INSERT INTO SavingsAccount(AccountAccountID, InterestRate, DurationYears) VALUES (997, 0.05, 7);
INSERT INTO Transfer(AccountAccountIDFrom, AccountAccountIDTo, TransferDate, Amount) VALUES (996, 997, TO_DATE('3-10-2018','DD-MM-YYYY'), 342189.0);
INSERT INTO Person(GovID,Name, PhoneNumber, Email, Address, Birthday, Nationality) VALUES (1111121623,'Lashunda eco','900010512', 'Lashunda_eco70@sapo.pt', 'Rota, Spain', TO_DATE('2-3-1984','DD-MM-YYYY'), 'Spain');
INSERT INTO Costumer(PersonGovID) VALUES (1111121623);
INSERT INTO Account(CostumerCostumerID, BranchBranchID, Amount, BeginDate, EndDate) VALUES (496, 619, 182536.0, TO_DATE('19-7-2017','DD-MM-YYYY'), NULL);
INSERT INTO CurrentAccount(AccountAccountID, MaximumWithdraw) VALUES (998, 400);
INSERT INTO Deposit(AccountAccountID, DepositDate, Amount) VALUES (998, TO_DATE('19-7-2017','DD-MM-YYYY'),730144);
INSERT INTO Withdraw(CurrentAccountAccountID, WithdrawDate, Amount) VALUES (998, TO_DATE('19-7-2017','DD-MM-YYYY'), 182536.0);
INSERT INTO Account(CostumerCostumerID, BranchBranchID, Amount, BeginDate, EndDate) VALUES (496, 619, 365072.0, TO_DATE('19-7-2017','DD-MM-YYYY'), NULL);
INSERT INTO SavingsAccount(AccountAccountID, InterestRate, DurationYears) VALUES (999, 0.05, 7);
INSERT INTO Transfer(AccountAccountIDFrom, AccountAccountIDTo, TransferDate, Amount) VALUES (998, 999, TO_DATE('19-7-2017','DD-MM-YYYY'), 365072.0);
INSERT INTO Person(GovID,Name, PhoneNumber, Email, Address, Birthday, Nationality) VALUES (1111121624,'Lasonya eco','900010513', 'Lasonya_eco80@sapo.pt', 'Abtenau, Austria', TO_DATE('9-4-1969','DD-MM-YYYY'), 'Austria');
INSERT INTO Costumer(PersonGovID) VALUES (1111121624);
INSERT INTO Account(CostumerCostumerID, BranchBranchID, Amount, BeginDate, EndDate) VALUES (497, 477, 239265.25, TO_DATE('14-7-2007','DD-MM-YYYY'), NULL);
INSERT INTO CurrentAccount(AccountAccountID, MaximumWithdraw) VALUES (1000, 400);
INSERT INTO Deposit(AccountAccountID, DepositDate, Amount) VALUES (1000, TO_DATE('14-7-2007','DD-MM-YYYY'),957061);
INSERT INTO Withdraw(CurrentAccountAccountID, WithdrawDate, Amount) VALUES (1000, TO_DATE('14-7-2007','DD-MM-YYYY'), 239265.25);
INSERT INTO Account(CostumerCostumerID, BranchBranchID, Amount, BeginDate, EndDate) VALUES (497, 477, 478530.5, TO_DATE('14-7-2007','DD-MM-YYYY'), NULL);
INSERT INTO SavingsAccount(AccountAccountID, InterestRate, DurationYears) VALUES (1001, 0.05, 3);
INSERT INTO Transfer(AccountAccountIDFrom, AccountAccountIDTo, TransferDate, Amount) VALUES (1000, 1001, TO_DATE('14-7-2007','DD-MM-YYYY'), 478530.5);
INSERT INTO Person(GovID,Name, PhoneNumber, Email, Address, Birthday, Nationality) VALUES (1111121625,'Lassana eco','900010514', 'Lassana_eco83@sapo.pt', 'Entrains-Sur-Nohain, France', TO_DATE('1-5-1953','DD-MM-YYYY'), 'France');
INSERT INTO Costumer(PersonGovID) VALUES (1111121625);
INSERT INTO Account(CostumerCostumerID, BranchBranchID, Amount, BeginDate, EndDate) VALUES (498, 469, 50345.0, TO_DATE('24-7-2016','DD-MM-YYYY'), NULL);
INSERT INTO CurrentAccount(AccountAccountID, MaximumWithdraw) VALUES (1002, 400);
INSERT INTO Deposit(AccountAccountID, DepositDate, Amount) VALUES (1002, TO_DATE('24-7-2016','DD-MM-YYYY'),201380);
INSERT INTO Withdraw(CurrentAccountAccountID, WithdrawDate, Amount) VALUES (1002, TO_DATE('24-7-2016','DD-MM-YYYY'), 50345.0);
INSERT INTO Account(CostumerCostumerID, BranchBranchID, Amount, BeginDate, EndDate) VALUES (498, 469, 100690.0, TO_DATE('24-7-2016','DD-MM-YYYY'), NULL);
INSERT INTO SavingsAccount(AccountAccountID, InterestRate, DurationYears) VALUES (1003, 0.05, 8);
INSERT INTO Transfer(AccountAccountIDFrom, AccountAccountIDTo, TransferDate, Amount) VALUES (1002, 1003, TO_DATE('24-7-2016','DD-MM-YYYY'), 100690.0);
INSERT INTO Person(GovID,Name, PhoneNumber, Email, Address, Birthday, Nationality) VALUES (1111121626,'Lasse eco','900010515', 'Lasse_eco89@sapo.pt', 'Cagliari, Italy', TO_DATE('11-3-2003','DD-MM-YYYY'), 'Italy');
INSERT INTO Costumer(PersonGovID) VALUES (1111121626);
INSERT INTO Account(CostumerCostumerID, BranchBranchID, Amount, BeginDate, EndDate) VALUES (499, 1177, 161162.75, TO_DATE('20-2-2006','DD-MM-YYYY'), NULL);
INSERT INTO CurrentAccount(AccountAccountID, MaximumWithdraw) VALUES (1004, 400);
INSERT INTO Deposit(AccountAccountID, DepositDate, Amount) VALUES (1004, TO_DATE('20-2-2006','DD-MM-YYYY'),644651);
INSERT INTO Withdraw(CurrentAccountAccountID, WithdrawDate, Amount) VALUES (1004, TO_DATE('20-2-2006','DD-MM-YYYY'), 161162.75);
INSERT INTO Account(CostumerCostumerID, BranchBranchID, Amount, BeginDate, EndDate) VALUES (499, 1177, 322325.5, TO_DATE('20-2-2006','DD-MM-YYYY'), NULL);
INSERT INTO SavingsAccount(AccountAccountID, InterestRate, DurationYears) VALUES (1005, 0.05, 8);
INSERT INTO Transfer(AccountAccountIDFrom, AccountAccountIDTo, TransferDate, Amount) VALUES (1004, 1005, TO_DATE('20-2-2006','DD-MM-YYYY'), 322325.5);
INSERT INTO Person(GovID,Name, PhoneNumber, Email, Address, Birthday, Nationality) VALUES (1111121627,'Lassina eco','900010516', 'Lassina_eco97@sapo.pt', 'Vilseck, Germany', TO_DATE('6-6-1955','DD-MM-YYYY'), 'Germany');
INSERT INTO Costumer(PersonGovID) VALUES (1111121627);
INSERT INTO Account(CostumerCostumerID, BranchBranchID, Amount, BeginDate, EndDate) VALUES (500, 956, 249836.75, TO_DATE('2-12-2014','DD-MM-YYYY'), NULL);
INSERT INTO CurrentAccount(AccountAccountID, MaximumWithdraw) VALUES (1006, 400);
INSERT INTO Deposit(AccountAccountID, DepositDate, Amount) VALUES (1006, TO_DATE('2-12-2014','DD-MM-YYYY'),999347);
INSERT INTO Withdraw(CurrentAccountAccountID, WithdrawDate, Amount) VALUES (1006, TO_DATE('2-12-2014','DD-MM-YYYY'), 249836.75);
INSERT INTO Account(CostumerCostumerID, BranchBranchID, Amount, BeginDate, EndDate) VALUES (500, 956, 499673.5, TO_DATE('2-12-2014','DD-MM-YYYY'), NULL);
INSERT INTO SavingsAccount(AccountAccountID, InterestRate, DurationYears) VALUES (1007, 0.05, 4);
INSERT INTO Transfer(AccountAccountIDFrom, AccountAccountIDTo, TransferDate, Amount) VALUES (1006, 1007, TO_DATE('2-12-2014','DD-MM-YYYY'), 499673.5);
